ward_id,ward_name,beta,year,svi_2011,pressure_zscore,pressure_confidence,projected_svi_central,projected_svi_lower,projected_svi_upper,band_central,band_2011,band_2011_absolute,low_confidence_flag
1,Kapra,0.001,2025,12.680121752894491,-0.9836604016040716,medium,12.507,12.367,12.648,green,green,green,False
2,Dr A S Rao Nagar,0.001,2025,18.734283678123067,-0.8201467463420009,medium,18.52,18.314,18.729,green,green,green,False
3,Cherlapally,0.001,2025,15.260463530416216,-0.8381377631619515,medium,15.082,14.914,15.252,green,green,green,False
4,Meerpet H.B Colony,0.001,2025,17.05792916128591,-1.437493334299398,medium,16.718,16.531,16.906,green,green,green,False
5,Mallapur,0.001,2025,20.364108719543964,-0.4416254076115704,medium,20.239,20.013,20.467,green,yellow,green,False
6,Nacharam,0.001,2025,16.538931170534777,-0.0590221287329923,medium,16.525,16.341,16.711,green,green,green,False
7,Chilka Nagar,0.001,2025,22.05179015402969,-0.6819313187473569,medium,21.842,21.599,22.088,green,yellow,green,False
8,Habsiguda,0.001,2025,12.640284345398712,-1.6055937614633926,medium,12.359,12.221,12.498,green,green,green,False
9,Ramanthapur,0.001,2025,24.596846231804847,0.8664717260671129,medium,24.897,24.62,25.177,green,yellow,green,False
10,Uppal,0.001,2025,19.199611830304487,-0.5745750317151831,medium,19.046,18.833,19.26,green,green,green,False
11,Nagole,0.001,2025,9.537590924310026,-0.7905185713537645,medium,9.433,9.327,9.539,green,green,green,False
12,Mansoorabad,0.001,2025,26.841117123806374,0.0946510927359304,medium,26.877,26.577,27.179,green,yellow,green,False
13,Hayath Nagar,0.001,2025,22.86664227967571,-0.948309231773872,medium,22.565,22.313,22.819,green,yellow,green,False
14,BN Reddy Nagar,0.001,2025,21.15247131245172,-0.4028192029372512,medium,21.033,20.799,21.27,green,yellow,green,False
15,Vanasthalipuram,0.001,2025,12.480989556805442,0.1311293812205049,medium,12.504,12.365,12.645,green,green,green,False
16,Hasthinapuram,0.001,2025,13.317476167785204,-0.1419084756440861,medium,13.291,13.143,13.441,green,green,green,False
17,Champapet,0.001,2025,10.119797915818294,0.2862280859610283,medium,10.16,10.047,10.275,green,green,green,False
18,Lingojiguda,0.001,2025,20.463149965933763,0.0157130745260558,medium,20.468,20.24,20.698,green,yellow,green,False
19,Saroornagar,0.001,2025,23.3003115523946,-0.4762623821501535,medium,23.145,22.887,23.406,green,yellow,green,False
20,RK Puram,0.001,2025,17.312657445883733,0.9644110007938708,medium,17.548,17.353,17.745,green,green,green,False
21,Kothapet,0.001,2025,54.680740790110846,0.4543386486826762,medium,55.03,54.417,55.649,yellow,red,yellow,False
22,Chaitanyapuri,0.001,2025,68.58888362743684,0.7488287977554536,medium,69.311,68.54,70.091,red,red,red,False
23,Gaddiannaram,0.001,2025,63.46909795336673,1.5244080650695295,high,64.837,64.385,65.292,red,red,red,False
24,Saidabad,0.001,2025,67.81063469612425,0.7634837398766253,high,68.539,68.061,69.02,red,red,red,False
25,Moosarambagh,0.001,2025,66.58283839773247,1.007449144089618,high,67.528,67.057,68.002,red,red,red,False
26,Old Malakpet,0.001,2025,48.20784105626365,-0.8355527248936624,high,47.647,47.314,47.982,yellow,red,yellow,False
27,Akbarbagh,0.001,2025,56.956197126707295,0.1430106944756923,high,57.07,56.672,57.471,yellow,red,yellow,False
28,Azampura,0.001,2025,53.26153041106591,0.1995536480316407,high,53.411,53.038,53.786,yellow,red,yellow,False
29,Chawni,0.001,2025,65.3631822060597,1.138192531834751,high,66.412,65.95,66.878,red,red,red,False
30,Dabeerpura,0.001,2025,45.38405832109515,0.0634785470297453,high,45.424,45.107,45.743,yellow,red,yellow,False
31,Rein Bazar,0.001,2025,62.38436857967638,1.2266326964665648,high,63.464,63.022,63.909,red,red,red,False
32,Patthergatti,0.001,2025,30.26099353464391,1.0313634009799733,high,30.701,30.487,30.916,yellow,yellow,yellow,False
33,Moghalpura,0.001,2025,26.707543459025928,1.2277389456226209,high,27.17,26.981,27.361,green,yellow,green,False
34,Talab Chanchalam,0.001,2025,43.59999704543002,2.8358558015753537,high,45.363,45.048,45.681,yellow,red,yellow,False
35,Gowlipura,0.001,2025,56.493918378226624,0.9787812357046782,high,57.273,56.874,57.675,yellow,red,yellow,False
36,Lalithabagh,0.001,2025,60.9936752399674,0.2493068256822851,high,61.207,60.78,61.637,red,red,red,False
37,Kurmaguda,0.001,2025,53.21065805634374,1.6138511082829068,high,54.426,54.046,54.807,yellow,red,yellow,False
38,IS Sadan,0.001,2025,50.903382278256245,0.4328569270634345,high,51.213,50.856,51.572,yellow,red,yellow,False
39,Santhosh Nagar,0.001,2025,87.05480033290863,1.132188665928123,high,88.445,87.828,89.065,red,red,red,False
40,Riyasat Nagar,0.001,2025,48.76797889121786,0.9293625671614378,high,49.406,49.062,49.753,yellow,red,yellow,False
41,Kanchanbagh,0.001,2025,27.99700389247989,-1.2896429266644192,high,27.496,27.304,27.689,green,yellow,green,False
42,Barkas,0.001,2025,26.331065316798163,-1.258207265745745,high,25.871,25.69,26.053,green,yellow,green,False
43,Chandrayangutta,0.001,2025,100.0,0.4678092252598791,high,100.0,99.955,100.0,red,red,red,False
44,Uppuguda,0.001,2025,84.1984381574891,1.3279699608936206,high,85.777,85.18,86.379,red,red,red,False
45,Jangammet,0.001,2025,88.0909551475325,-0.4180408225438882,high,87.577,86.965,88.192,red,red,red,False
46,Falaknuma,0.001,2025,64.54543818387911,1.0054513142637391,high,65.46,65.004,65.919,red,red,red,False
47,Nawab Saheb Kunta,0.001,2025,71.59068518021434,2.0652204558907528,high,73.689,73.176,74.205,red,red,red,False
48,Shalibanda,0.001,2025,86.03085311821755,1.7010517784962498,high,88.102,87.489,88.72,red,red,red,False
49,Ghansi Bazar,0.001,2025,44.152681396066775,-0.3778128855944646,high,43.92,43.613,44.228,yellow,red,yellow,False
50,Begum Bazar,0.001,2025,40.19052230093796,-0.1392765677053707,high,40.112,39.832,40.394,yellow,yellow,yellow,False
51,Goshamahal,0.001,2025,45.8591722706365,-0.2879092694074924,high,45.675,45.356,45.996,yellow,red,yellow,False
52,Puranapool,0.001,2025,43.26058431959793,1.2201977237336403,high,44.005,43.699,44.314,yellow,red,yellow,False
53,Doodh Bowli,0.001,2025,35.17870899961121,1.463964529070159,high,35.907,35.656,36.158,yellow,yellow,yellow,False
54,Jahanuma,0.001,2025,64.24801600179609,1.4615730164364966,high,65.575,65.118,66.035,red,red,red,False
55,Ramnaspura,0.001,2025,71.18246414213033,-0.1114146402887969,high,71.072,70.576,71.571,red,red,red,False
56,Kishanbagh,0.001,2025,77.04853536541036,1.4146710389200807,high,78.589,78.041,79.14,red,red,red,False
57,Suleman Nagar,0.001,2025,76.99644479285818,-0.4480313604288981,high,76.515,75.981,77.052,red,red,red,False
58,Shastripuram,0.001,2025,28.68921071845968,-0.180405344768324,medium,28.617,28.298,28.939,green,yellow,green,False
59,Mailardevpally,0.001,2025,20.58951540177557,-0.1801122593535108,medium,20.538,20.309,20.769,green,yellow,green,False
60,Rajendra Nagar,0.001,2025,73.65513744553293,-0.9390819674715656,medium,72.693,71.882,73.512,red,red,red,False
61,Attapur,0.001,2025,52.62897178556625,-0.4467297140393914,medium,52.301,51.718,52.89,yellow,red,yellow,False
62,Ziaguda,0.001,2025,44.16434789047906,0.0518968249033311,high,44.196,43.888,44.507,yellow,red,yellow,False
63,Mangalhat,0.001,2025,79.11473297610773,0.3318093496899421,high,79.483,78.929,80.041,red,red,red,False
64,Dattatreya Nagar,0.001,2025,55.05533946935907,1.3544389521220646,high,56.109,55.718,56.502,yellow,red,yellow,False
65,Karwan,0.001,2025,51.13889312976245,-0.5500300926199667,high,50.747,50.392,51.103,yellow,red,yellow,False
66,Langar Houz,0.001,2025,59.1014035978671,-1.2974259297015354,high,58.037,57.631,58.445,yellow,red,yellow,False
67,Golconda,0.001,2025,21.117158900647134,-0.5851514488763694,high,20.945,20.799,21.092,green,yellow,green,False
68,Tolichowki,0.001,2025,41.52822852989487,-0.9801644834101492,high,40.962,40.676,41.25,yellow,red,yellow,False
69,Nanal Nagar,0.001,2025,39.61177580373081,-2.613632813527113,high,38.187,37.92,38.456,yellow,yellow,yellow,False
70,Mehdipatnam,0.001,2025,69.63442081219291,1.2475460714031446,high,70.861,70.367,71.358,red,red,red,False
71,Gudimalkapur,0.001,2025,51.82546600577277,0.038654445441875,high,51.854,51.492,52.218,yellow,red,yellow,False
72,Asif Nagar,0.001,2025,55.79434621190427,2.1316872198970773,high,57.483,57.082,57.886,yellow,red,yellow,False
73,Vijay Nagar Colony,0.001,2025,24.26258956311994,0.3115047509139297,high,24.369,24.199,24.54,green,yellow,green,False
74,Ahmed Nagar,0.001,2025,28.007367427191166,-0.6472238396491768,high,27.755,27.561,27.95,green,yellow,green,False
75,Red Hills,0.001,2025,44.93343295987682,-0.7563388253390277,high,44.46,44.15,44.772,yellow,red,yellow,False
76,Mallepally,0.001,2025,33.97705489011329,1.0756152894879536,high,34.492,34.252,34.734,yellow,yellow,yellow,False
77,Jambagh,0.001,2025,43.44741579462619,-0.2515658435493526,high,43.295,42.992,43.599,yellow,red,yellow,False
78,Gunfoundry,0.001,2025,6.960032118674664,-0.7493443110156411,high,6.887,6.839,6.936,green,green,green,False
79,Himayath Nagar,0.001,2025,20.974928100883787,-0.1576344585207288,high,20.929,20.783,21.076,green,yellow,green,False
80,Kachiguda,0.001,2025,19.42849792452408,0.1850218053549822,high,19.479,19.343,19.616,green,yellow,green,False
81,Nallakunta,0.001,2025,7.769430090742621,1.1675504862218826,high,7.897,7.842,7.953,green,green,green,False
82,Golnaka,0.001,2025,30.01774766250485,-0.3732736978120915,high,29.861,29.653,30.071,green,yellow,yellow,False
83,Amberpet,0.001,2025,34.01718722014084,0.1687267494379467,high,34.098,33.86,34.337,yellow,yellow,yellow,False
84,Bagh Amberpet,0.001,2025,46.90842388010578,1.0225275829530651,high,47.584,47.253,47.918,yellow,red,yellow,False
85,Adikmet,0.001,2025,21.31739578000518,0.9878203680386444,high,21.614,21.463,21.766,green,yellow,green,False
86,Musheerabad,0.001,2025,11.418124454267833,1.0355921420873242,high,11.585,11.504,11.666,green,green,green,False
87,Ramnagar,0.001,2025,2.7051762558043446,0.7424792276464005,high,2.733,2.714,2.753,green,green,green,False
88,Bholakpur,0.001,2025,2.762742622896244,1.8469382196141768,high,2.835,2.815,2.855,green,green,green,False
89,Gandhinagar,0.001,2025,12.619273413964455,-0.0397458331221889,high,12.612,12.524,12.701,green,green,green,False
90,Kavadiguda,0.001,2025,16.19239365863485,-0.9849690908031232,high,15.971,15.859,16.083,green,green,green,False
91,Khairatabad,0.001,2025,36.111745370154594,-1.3989996173421488,high,35.411,35.163,35.66,yellow,yellow,yellow,False
92,Venkateshwara Colony,0.001,2025,46.39473156432174,-0.7693357220709376,high,45.898,45.577,46.22,yellow,red,yellow,False
93,Banjara Hills,0.001,2025,8.24107584819368,0.2633900483903478,high,8.272,8.214,8.33,green,green,green,False
94,Shaikpet,0.001,2025,17.406634351778855,-0.4324772035351038,high,17.302,17.181,17.423,green,green,green,False
95,Jubilee Hills,0.001,2025,10.16211106582204,0.0759442611884154,high,10.173,10.102,10.244,green,green,green,False
96,Yousufguda,0.001,2025,39.82214631865089,0.1058633633407602,high,39.881,39.603,40.161,yellow,yellow,yellow,False
97,Somajiguda,0.001,2025,5.713789420896817,-0.2148345909592047,high,5.697,5.657,5.737,green,green,green,False
98,Ameerpet,0.001,2025,9.527142865662022,-0.3813302521334278,high,9.476,9.41,9.543,green,green,green,False
99,Vengal Rao Nagar,0.001,2025,5.107012579321559,-1.2823679168242188,high,5.016,4.981,5.051,green,green,green,False
100,Sanath Nagar,0.001,2025,14.7939148502979,0.0230449450488361,high,14.799,14.695,14.903,green,green,green,False
101,Erragadda,0.001,2025,19.20446431665971,-0.095373247413698,high,19.179,19.045,19.314,green,green,green,False
102,Rahmath Nagar,0.001,2025,36.56663934247633,1.4648526501558925,high,37.324,37.064,37.585,yellow,yellow,yellow,False
103,Borabanda,0.001,2025,18.068262967223465,1.7058059194524018,high,18.505,18.376,18.634,green,green,green,False
104,Kondapur,0.001,2025,7.067330747307282,-0.3333832947624257,medium,7.034,6.956,7.114,green,green,green,False
105,Gachibowli,0.001,2025,33.89004956015616,-1.335300581870413,medium,33.262,32.891,33.637,yellow,yellow,yellow,False
106,Serilingampally,0.001,2025,20.062343353707377,-1.1642127132808069,medium,19.738,19.518,19.96,green,yellow,green,False
107,Madhapur,0.001,2025,43.47608434217619,-1.2053323744009423,medium,42.748,42.271,43.23,yellow,red,yellow,False
108,Miyapur,0.001,2025,44.036763958648685,-1.8452321495441515,medium,42.913,42.434,43.397,yellow,red,yellow,False
109,Hafeezpet,0.001,2025,15.891136890618789,-0.5382408083741963,medium,15.772,15.596,15.949,green,green,green,False
110,Chandanagar,0.001,2025,45.39580629905416,-0.7299899718887063,medium,44.934,44.433,45.44,yellow,red,yellow,False
111,Bharati Nagar,0.001,2025,27.75373575427334,0.6479893373604294,medium,28.007,27.695,28.322,green,yellow,green,False
112,Ramachandrapuram,0.001,2025,35.53806010277442,-0.6950680927427123,medium,35.194,34.801,35.59,yellow,yellow,yellow,False
113,Patancheruvu,0.001,2025,21.88147546394043,-0.1116113499137126,medium,21.847,21.604,22.093,green,yellow,green,False
114,KPHB Colony,0.001,2025,19.96869435148323,-0.854960642239448,medium,19.731,19.511,19.953,green,yellow,green,False
115,Balaji Nagar,0.001,2025,27.046318929516605,-0.8279880216645622,medium,26.734,26.436,27.036,green,yellow,green,False
116,Allapur,0.001,2025,35.98419951051559,-0.4434074512372561,high,35.761,35.512,36.013,yellow,yellow,yellow,False
117,Moosapet,0.001,2025,6.384451177722012,1.077366052720513,medium,6.481,6.409,6.554,green,green,green,False
118,Fateh Nagar,0.001,2025,34.73595281677105,-0.227255162984858,medium,34.626,34.24,35.016,yellow,yellow,yellow,False
119,Old Bowenpally,0.001,2025,34.7194404275402,-0.1220840225375822,medium,34.66,34.274,35.05,yellow,yellow,yellow,False
120,Balanagar,0.001,2025,29.78165210311819,-0.3040215811691819,medium,29.655,29.325,29.989,green,yellow,green,False
121,Kukatpally,0.001,2025,25.66790810753259,0.2101305426171462,medium,25.744,25.457,26.033,green,yellow,green,False
122,Vivekananda Nagar Colony,0.001,2025,17.80929141732565,0.5669783715850022,medium,17.951,17.751,18.153,green,green,green,False
123,Hydernagar,0.001,2025,19.3376703234939,-0.823771619388124,medium,19.116,18.903,19.331,green,green,green,False
124,Alwyn Colony,0.001,2025,19.76845848874945,-0.6509631812334818,medium,19.589,19.371,19.81,green,yellow,green,False
125,Gajularamaram,0.001,2025,44.819120029158114,-0.4994060610750858,medium,44.507,44.011,45.008,yellow,red,yellow,False
126,Jagathgirigutta,0.001,2025,34.35870622053157,1.3217428606803272,medium,35.0,34.611,35.394,yellow,yellow,yellow,False
127,Rangareddy Nagar,0.001,2025,15.903728398729708,0.6944524879063165,medium,16.059,15.88,16.24,green,green,green,False
128,Chintal,0.001,2025,22.6982079591826,-0.8305096792744869,medium,22.436,22.186,22.689,green,yellow,green,False
129,Suraram,0.001,2025,21.92585195322159,-0.5599901558641079,medium,21.755,21.512,22.0,green,yellow,green,False
130,Subash Nagar,0.001,2025,19.302317114008787,1.556116772492067,medium,19.727,19.508,19.949,green,green,green,False
131,Quthbullapur,0.001,2025,21.53230215035172,0.7968932978788363,medium,21.774,21.531,22.019,green,yellow,green,False
132,Jeedimetla,0.001,2025,3.5435291292938405,-2.1517589469283225,medium,3.438,3.4,3.477,green,green,green,False
133,Macha Bolarum,0.001,2025,17.505839258584594,-0.964618482398706,medium,17.271,17.078,17.466,green,green,green,False
134,Alwal,0.001,2025,1.8761500238512907,-0.7004129217321453,medium,1.858,1.837,1.879,green,green,green,False
135,Venkatapuram,0.001,2025,13.51242378072557,-0.061215478116265,medium,13.501,13.35,13.653,green,green,green,False
136,Neredmet,0.001,2025,26.47244201687729,-1.1940273826135988,medium,26.033,25.743,26.327,green,yellow,green,False
137,Vinayak Nagar,0.001,2025,8.644771782065238,-0.0237626512984603,medium,8.642,8.546,8.739,green,green,green,False
138,Moula Ali,0.001,2025,7.4954029904765616,-0.7271095077317318,medium,7.419,7.337,7.503,green,green,green,False
139,East Anand Bagh,0.001,2025,11.557507079625998,-1.2478173949549038,medium,11.357,11.231,11.485,green,green,green,False
140,Malkajgiri,0.001,2025,13.273932289664684,-0.186982570333785,medium,13.239,13.092,13.388,green,green,green,False
141,Gautham Nagar,0.001,2025,0.0,0.7499738387398407,medium,0.0,0.0,0.0,green,green,green,False
142,Addagutta,0.001,2025,17.955381103962143,-1.943585749924028,high,17.473,17.351,17.596,green,green,green,False
143,Tarnaka,0.001,2025,28.16093587267949,-0.7628032837091792,high,27.862,27.667,28.058,green,yellow,green,False
144,Mettuguda,0.001,2025,21.6562832458312,-1.9834249709241272,high,21.063,20.915,21.211,green,yellow,green,False
145,Seethaphalmandi,0.001,2025,12.207832932801546,0.6589686916186875,high,12.321,12.235,12.407,green,green,green,False
146,Boudha Nagar,0.001,2025,13.14755833226356,1.9925054961413744,high,13.519,13.425,13.614,green,green,green,False
147,Bansilapet,0.001,2025,17.53007251690914,0.3816116608958022,high,17.624,17.501,17.748,green,green,green,False
148,Ramgopalpet,0.001,2025,20.97904794778243,0.0044675574935337,high,20.98,20.834,21.128,green,yellow,green,False
149,Begumpet,0.001,2025,8.468095173322224,-2.309027503808858,high,8.198,8.141,8.256,green,green,green,False
150,Monda Market,0.001,2025,16.341814374920414,-0.1503865519143823,high,16.307,16.194,16.422,green,green,green,False
1,Kapra,0.001,2027,12.680121752894491,-0.9836604016040716,medium,12.482,12.323,12.643,green,green,green,False
2,Dr A S Rao Nagar,0.001,2027,18.734283678123067,-0.8201467463420009,medium,18.49,18.255,18.728,green,green,green,False
3,Cherlapally,0.001,2027,15.260463530416216,-0.8381377631619515,medium,15.057,14.865,15.251,green,green,green,False
4,Meerpet H.B Colony,0.001,2027,17.05792916128591,-1.437493334299398,medium,16.67,16.457,16.885,green,green,green,False
5,Mallapur,0.001,2027,20.364108719543964,-0.4416254076115704,medium,20.221,19.963,20.481,green,yellow,green,False
6,Nacharam,0.001,2027,16.538931170534777,-0.0590221287329923,medium,16.523,16.313,16.736,green,green,green,False
7,Chilka Nagar,0.001,2027,22.05179015402969,-0.6819313187473569,medium,21.812,21.535,22.093,green,yellow,green,False
8,Habsiguda,0.001,2027,12.640284345398712,-1.6055937614633926,medium,12.319,12.162,12.478,green,green,green,False
9,Ramanthapur,0.001,2027,24.596846231804847,0.8664717260671129,medium,24.94,24.623,25.261,green,yellow,green,False
10,Uppal,0.001,2027,19.199611830304487,-0.5745750317151831,medium,19.024,18.782,19.269,green,green,green,False
11,Nagole,0.001,2027,9.537590924310026,-0.7905185713537645,medium,9.418,9.298,9.539,green,green,green,False
12,Mansoorabad,0.001,2027,26.841117123806374,0.0946510927359304,medium,26.882,26.54,27.228,green,yellow,green,False
13,Hayath Nagar,0.001,2027,22.86664227967571,-0.948309231773872,medium,22.522,22.235,22.812,green,yellow,green,False
14,BN Reddy Nagar,0.001,2027,21.15247131245172,-0.4028192029372512,medium,21.017,20.749,21.287,green,yellow,green,False
15,Vanasthalipuram,0.001,2027,12.480989556805442,0.1311293812205049,medium,12.507,12.348,12.668,green,green,green,False
16,Hasthinapuram,0.001,2027,13.317476167785204,-0.1419084756440861,medium,13.287,13.118,13.458,green,green,green,False
17,Champapet,0.001,2027,10.119797915818294,0.2862280859610283,medium,10.166,10.037,10.297,green,green,green,False
18,Lingojiguda,0.001,2027,20.463149965933763,0.0157130745260558,medium,20.468,20.208,20.732,green,yellow,green,False
19,Saroornagar,0.001,2027,23.3003115523946,-0.4762623821501535,medium,23.123,22.829,23.421,green,yellow,green,False
20,RK Puram,0.001,2027,17.312657445883733,0.9644110007938708,medium,17.582,17.358,17.808,green,green,green,False
21,Kothapet,0.001,2027,54.680740790110846,0.4543386486826762,medium,55.08,54.379,55.789,yellow,red,yellow,False
22,Chaitanyapuri,0.001,2027,68.58888362743684,0.7488287977554536,medium,69.415,68.533,70.308,red,red,red,False
23,Gaddiannaram,0.001,2027,63.46909795336673,1.5244080650695295,high,65.035,64.517,65.556,red,red,red,False
24,Saidabad,0.001,2027,67.81063469612425,0.7634837398766253,high,68.644,68.097,69.195,red,red,red,False
25,Moosarambagh,0.001,2027,66.58283839773247,1.007449144089618,high,67.664,67.125,68.207,red,red,red,False
26,Old Malakpet,0.001,2027,48.20784105626365,-0.8355527248936624,high,47.567,47.188,47.95,yellow,red,yellow,False
27,Akbarbagh,0.001,2027,56.956197126707295,0.1430106944756923,high,57.087,56.632,57.545,yellow,red,yellow,False
28,Azampura,0.001,2027,53.26153041106591,0.1995536480316407,high,53.432,53.006,53.861,yellow,red,yellow,False
29,Chawni,0.001,2027,65.3631822060597,1.138192531834751,high,66.564,66.034,67.098,red,red,red,False
30,Dabeerpura,0.001,2027,45.38405832109515,0.0634785470297453,high,45.43,45.068,45.795,yellow,red,yellow,False
31,Rein Bazar,0.001,2027,62.38436857967638,1.2266326964665648,high,63.62,63.114,64.13,red,red,red,False
32,Patthergatti,0.001,2027,30.26099353464391,1.0313634009799733,high,30.764,30.519,31.011,yellow,yellow,yellow,False
33,Moghalpura,0.001,2027,26.707543459025928,1.2277389456226209,high,27.237,27.02,27.455,green,yellow,green,False
34,Talab Chanchalam,0.001,2027,43.59999704543002,2.8358558015753537,high,45.621,45.258,45.986,yellow,red,yellow,False
35,Gowlipura,0.001,2027,56.493918378226624,0.9787812357046782,high,57.385,56.928,57.846,yellow,red,yellow,False
36,Lalithabagh,0.001,2027,60.9936752399674,0.2493068256822851,high,61.237,60.749,61.729,red,red,red,False
37,Kurmaguda,0.001,2027,53.21065805634374,1.6138511082829068,high,54.601,54.167,55.039,yellow,red,yellow,False
38,IS Sadan,0.001,2027,50.903382278256245,0.4328569270634345,high,51.257,50.849,51.668,yellow,red,yellow,False
39,Santhosh Nagar,0.001,2027,87.05480033290863,1.132188665928123,high,88.645,87.94,89.356,red,red,red,False
40,Riyasat Nagar,0.001,2027,48.76797889121786,0.9293625671614378,high,49.498,49.104,49.895,yellow,red,yellow,False
41,Kanchanbagh,0.001,2027,27.99700389247989,-1.2896429266644192,high,27.425,27.206,27.645,green,yellow,green,False
42,Barkas,0.001,2027,26.331065316798163,-1.258207265745745,high,25.806,25.6,26.013,green,yellow,green,False
43,Chandrayangutta,0.001,2027,100.0,0.4678092252598791,high,100.0,99.949,100.0,red,red,red,False
44,Uppuguda,0.001,2027,84.1984381574891,1.3279699608936206,high,86.005,85.321,86.695,red,red,red,False
45,Jangammet,0.001,2027,88.0909551475325,-0.4180408225438882,high,87.504,86.806,88.207,red,red,red,False
46,Falaknuma,0.001,2027,64.54543818387911,1.0054513142637391,high,65.592,65.069,66.118,red,red,red,False
47,Nawab Saheb Kunta,0.001,2027,71.59068518021434,2.0652204558907528,high,73.993,73.405,74.586,red,red,red,False
48,Shalibanda,0.001,2027,86.03085311821755,1.7010517784962498,high,88.402,87.699,89.111,red,red,red,False
49,Ghansi Bazar,0.001,2027,44.152681396066775,-0.3778128855944646,high,43.887,43.537,44.239,yellow,red,yellow,False
50,Begum Bazar,0.001,2027,40.19052230093796,-0.1392765677053707,high,40.101,39.781,40.423,yellow,yellow,yellow,False
51,Goshamahal,0.001,2027,45.8591722706365,-0.2879092694074924,high,45.648,45.284,46.015,yellow,red,yellow,False
52,Puranapool,0.001,2027,43.26058431959793,1.2201977237336403,high,44.113,43.762,44.467,yellow,red,yellow,False
53,Doodh Bowli,0.001,2027,35.17870899961121,1.463964529070159,high,36.012,35.725,36.301,yellow,yellow,yellow,False
54,Jahanuma,0.001,2027,64.24801600179609,1.4615730164364966,high,65.767,65.244,66.294,red,red,red,False
55,Ramnaspura,0.001,2027,71.18246414213033,-0.1114146402887969,high,71.056,70.489,71.626,red,red,red,False
56,Kishanbagh,0.001,2027,77.04853536541036,1.4146710389200807,high,78.811,78.184,79.443,red,red,red,False
57,Suleman Nagar,0.001,2027,76.99644479285818,-0.4480313604288981,high,76.446,75.837,77.06,red,red,red,False
58,Shastripuram,0.001,2027,28.68921071845968,-0.180405344768324,medium,28.607,28.242,28.975,green,yellow,green,False
59,Mailardevpally,0.001,2027,20.58951540177557,-0.1801122593535108,medium,20.53,20.269,20.795,green,yellow,green,False
60,Rajendra Nagar,0.001,2027,73.65513744553293,-0.9390819674715656,medium,72.556,71.632,73.491,red,red,red,False
61,Attapur,0.001,2027,52.62897178556625,-0.4467297140393914,medium,52.254,51.589,52.927,yellow,red,yellow,False
62,Ziaguda,0.001,2027,44.16434789047906,0.0518968249033311,high,44.201,43.849,44.556,yellow,red,yellow,False
63,Mangalhat,0.001,2027,79.11473297610773,0.3318093496899421,high,79.536,78.902,80.174,red,red,red,False
64,Dattatreya Nagar,0.001,2027,55.05533946935907,1.3544389521220646,high,56.261,55.813,56.712,yellow,red,yellow,False
65,Karwan,0.001,2027,51.13889312976245,-0.5500300926199667,high,50.691,50.286,51.098,yellow,red,yellow,False
66,Langar Houz,0.001,2027,59.1014035978671,-1.2974259297015354,high,57.886,57.424,58.352,yellow,red,yellow,False
67,Golconda,0.001,2027,21.117158900647134,-0.5851514488763694,high,20.92,20.753,21.088,green,yellow,green,False
68,Tolichowki,0.001,2027,41.52822852989487,-0.9801644834101492,high,40.882,40.556,41.21,yellow,red,yellow,False
69,Nanal Nagar,0.001,2027,39.61177580373081,-2.613632813527113,high,37.987,37.684,38.293,yellow,yellow,yellow,False
70,Mehdipatnam,0.001,2027,69.63442081219291,1.2475460714031446,high,71.037,70.472,71.607,red,red,red,False
71,Gudimalkapur,0.001,2027,51.82546600577277,0.038654445441875,high,51.858,51.444,52.274,yellow,red,yellow,False
72,Asif Nagar,0.001,2027,55.79434621190427,2.1316872198970773,high,57.728,57.269,58.191,yellow,red,yellow,False
73,Vijay Nagar Colony,0.001,2027,24.26258956311994,0.3115047509139297,high,24.384,24.19,24.58,green,yellow,green,False
74,Ahmed Nagar,0.001,2027,28.007367427191166,-0.6472238396491768,high,27.719,27.498,27.941,green,yellow,green,False
75,Red Hills,0.001,2027,44.93343295987682,-0.7563388253390277,high,44.393,44.039,44.749,yellow,red,yellow,False
76,Mallepally,0.001,2027,33.97705489011329,1.0756152894879536,high,34.567,34.291,34.844,yellow,yellow,yellow,False
77,Jambagh,0.001,2027,43.44741579462619,-0.2515658435493526,high,43.273,42.928,43.62,yellow,red,yellow,False
78,Gunfoundry,0.001,2027,6.960032118674664,-0.7493443110156411,high,6.877,6.822,6.932,green,green,green,False
79,Himayath Nagar,0.001,2027,20.974928100883787,-0.1576344585207288,high,20.922,20.755,21.09,green,yellow,green,False
80,Kachiguda,0.001,2027,19.42849792452408,0.1850218053549822,high,19.486,19.331,19.643,green,yellow,green,False
81,Nallakunta,0.001,2027,7.769430090742621,1.1675504862218826,high,7.916,7.853,7.979,green,green,green,False
82,Golnaka,0.001,2027,30.01774766250485,-0.3732736978120915,high,29.839,29.601,30.079,green,yellow,yellow,False
83,Amberpet,0.001,2027,34.01718722014084,0.1687267494379467,high,34.109,33.837,34.383,yellow,yellow,yellow,False
84,Bagh Amberpet,0.001,2027,46.90842388010578,1.0225275829530651,high,47.682,47.302,48.064,yellow,red,yellow,False
85,Adikmet,0.001,2027,21.31739578000518,0.9878203680386444,high,21.657,21.484,21.831,green,yellow,green,False
86,Musheerabad,0.001,2027,11.418124454267833,1.0355921420873242,high,11.609,11.516,11.702,green,green,green,False
87,Ramnagar,0.001,2027,2.7051762558043446,0.7424792276464005,high,2.737,2.716,2.759,green,green,green,False
88,Bholakpur,0.001,2027,2.762742622896244,1.8469382196141768,high,2.846,2.823,2.868,green,green,green,False
89,Gandhinagar,0.001,2027,12.619273413964455,-0.0397458331221889,high,12.611,12.511,12.713,green,green,green,False
90,Kavadiguda,0.001,2027,16.19239365863485,-0.9849690908031232,high,15.939,15.812,16.067,green,green,green,False
91,Khairatabad,0.001,2027,36.111745370154594,-1.3989996173421488,high,35.312,35.03,35.596,yellow,yellow,yellow,False
92,Venkateshwara Colony,0.001,2027,46.39473156432174,-0.7693357220709376,high,45.827,45.461,46.195,yellow,red,yellow,False
93,Banjara Hills,0.001,2027,8.24107584819368,0.2633900483903478,high,8.276,8.21,8.342,green,green,green,False
94,Shaikpet,0.001,2027,17.406634351778855,-0.4324772035351038,high,17.287,17.149,17.425,green,green,green,False
95,Jubilee Hills,0.001,2027,10.16211106582204,0.0759442611884154,high,10.174,10.093,10.256,green,green,green,False
96,Yousufguda,0.001,2027,39.82214631865089,0.1058633633407602,high,39.89,39.572,40.21,yellow,yellow,yellow,False
97,Somajiguda,0.001,2027,5.713789420896817,-0.2148345909592047,high,5.694,5.649,5.74,green,green,green,False
98,Ameerpet,0.001,2027,9.527142865662022,-0.3813302521334278,high,9.469,9.394,9.545,green,green,green,False
99,Vengal Rao Nagar,0.001,2027,5.107012579321559,-1.2823679168242188,high,5.003,4.963,5.043,green,green,green,False
100,Sanath Nagar,0.001,2027,14.7939148502979,0.0230449450488361,high,14.799,14.681,14.918,green,green,green,False
101,Erragadda,0.001,2027,19.20446431665971,-0.095373247413698,high,19.175,19.022,19.329,green,green,green,False
102,Rahmath Nagar,0.001,2027,36.56663934247633,1.4648526501558925,high,37.433,37.135,37.733,yellow,yellow,yellow,False
103,Borabanda,0.001,2027,18.068262967223465,1.7058059194524018,high,18.568,18.42,18.717,green,green,green,False
104,Kondapur,0.001,2027,7.067330747307282,-0.3333832947624257,medium,7.03,6.94,7.12,green,green,green,False
105,Gachibowli,0.001,2027,33.89004956015616,-1.335300581870413,medium,33.173,32.751,33.601,yellow,yellow,yellow,False
106,Serilingampally,0.001,2027,20.062343353707377,-1.1642127132808069,medium,19.692,19.441,19.946,green,yellow,green,False
107,Madhapur,0.001,2027,43.47608434217619,-1.2053323744009423,medium,42.645,42.102,43.195,yellow,red,yellow,False
108,Miyapur,0.001,2027,44.036763958648685,-1.8452321495441515,medium,42.754,42.209,43.306,yellow,red,yellow,False
109,Hafeezpet,0.001,2027,15.891136890618789,-0.5382408083741963,medium,15.755,15.554,15.958,green,green,green,False
110,Chandanagar,0.001,2027,45.39580629905416,-0.7299899718887063,medium,44.868,44.297,45.447,yellow,red,yellow,False
111,Bharati Nagar,0.001,2027,27.75373575427334,0.6479893373604294,medium,28.043,27.686,28.404,green,yellow,green,False
112,Ramachandrapuram,0.001,2027,35.53806010277442,-0.6950680927427123,medium,35.145,34.697,35.598,yellow,yellow,yellow,False
113,Patancheruvu,0.001,2027,21.88147546394043,-0.1116113499137126,medium,21.842,21.564,22.124,green,yellow,green,False
114,KPHB Colony,0.001,2027,19.96869435148323,-0.854960642239448,medium,19.697,19.446,19.951,green,yellow,green,False
115,Balaji Nagar,0.001,2027,27.046318929516605,-0.8279880216645622,medium,26.69,26.35,27.034,green,yellow,green,False
116,Allapur,0.001,2027,35.98419951051559,-0.4434074512372561,high,35.73,35.445,36.017,yellow,yellow,yellow,False
117,Moosapet,0.001,2027,6.384451177722012,1.077366052720513,medium,6.495,6.413,6.579,green,green,green,False
118,Fateh Nagar,0.001,2027,34.73595281677105,-0.227255162984858,medium,34.61,34.169,35.056,yellow,yellow,yellow,False
119,Old Bowenpally,0.001,2027,34.7194404275402,-0.1220840225375822,medium,34.652,34.211,35.098,yellow,yellow,yellow,False
120,Balanagar,0.001,2027,29.78165210311819,-0.3040215811691819,medium,29.637,29.26,30.019,green,yellow,green,False
121,Kukatpally,0.001,2027,25.66790810753259,0.2101305426171462,medium,25.754,25.427,26.086,green,yellow,green,False
122,Vivekananda Nagar Colony,0.001,2027,17.80929141732565,0.5669783715850022,medium,17.972,17.743,18.203,green,green,green,False
123,Hydernagar,0.001,2027,19.3376703234939,-0.823771619388124,medium,19.084,18.841,19.33,green,green,green,False
124,Alwyn Colony,0.001,2027,19.76845848874945,-0.6509631812334818,medium,19.564,19.314,19.816,green,yellow,green,False
125,Gajularamaram,0.001,2027,44.819120029158114,-0.4994060610750858,medium,44.462,43.896,45.035,yellow,red,yellow,False
126,Jagathgirigutta,0.001,2027,34.35870622053157,1.3217428606803272,medium,35.093,34.647,35.544,yellow,yellow,yellow,False
127,Rangareddy Nagar,0.001,2027,15.903728398729708,0.6944524879063165,medium,16.081,15.877,16.288,green,green,green,False
128,Chintal,0.001,2027,22.6982079591826,-0.8305096792744869,medium,22.398,22.113,22.687,green,yellow,green,False
129,Suraram,0.001,2027,21.92585195322159,-0.5599901558641079,medium,21.73,21.454,22.01,green,yellow,green,False
130,Subash Nagar,0.001,2027,19.302317114008787,1.556116772492067,medium,19.789,19.537,20.043,green,green,green,False
131,Quthbullapur,0.001,2027,21.53230215035172,0.7968932978788363,medium,21.808,21.531,22.089,green,yellow,green,False
132,Jeedimetla,0.001,2027,3.5435291292938405,-2.1517589469283225,medium,3.423,3.38,3.468,green,green,green,False
133,Macha Bolarum,0.001,2027,17.505839258584594,-0.964618482398706,medium,17.238,17.018,17.46,green,green,green,False
134,Alwal,0.001,2027,1.8761500238512907,-0.7004129217321453,medium,1.855,1.832,1.879,green,green,green,False
135,Venkatapuram,0.001,2027,13.51242378072557,-0.061215478116265,medium,13.499,13.327,13.673,green,green,green,False
136,Neredmet,0.001,2027,26.47244201687729,-1.1940273826135988,medium,25.971,25.64,26.306,green,yellow,green,False
137,Vinayak Nagar,0.001,2027,8.644771782065238,-0.0237626512984603,medium,8.641,8.532,8.753,green,green,green,False
138,Moula Ali,0.001,2027,7.4954029904765616,-0.7271095077317318,medium,7.409,7.314,7.504,green,green,green,False
139,East Anand Bagh,0.001,2027,11.557507079625998,-1.2478173949549038,medium,11.329,11.185,11.475,green,green,green,False
140,Malkajgiri,0.001,2027,13.273932289664684,-0.186982570333785,medium,13.234,13.066,13.405,green,green,green,False
141,Gautham Nagar,0.001,2027,0.0,0.7499738387398407,medium,0.0,0.0,0.0,green,green,green,False
142,Addagutta,0.001,2027,17.955381103962143,-1.943585749924028,high,17.405,17.266,17.545,green,green,green,False
143,Tarnaka,0.001,2027,28.16093587267949,-0.7628032837091792,high,27.819,27.597,28.043,green,yellow,green,False
144,Mettuguda,0.001,2027,21.6562832458312,-1.9834249709241272,high,20.979,20.812,21.148,green,yellow,green,False
145,Seethaphalmandi,0.001,2027,12.207832932801546,0.6589686916186875,high,12.337,12.239,12.436,green,green,green,False
146,Boudha Nagar,0.001,2027,13.14755833226356,1.9925054961413744,high,13.573,13.465,13.682,green,green,green,False
147,Bansilapet,0.001,2027,17.53007251690914,0.3816116608958022,high,17.637,17.497,17.779,green,green,green,False
148,Ramgopalpet,0.001,2027,20.97904794778243,0.0044675574935337,high,20.981,20.813,21.149,green,yellow,green,False
149,Begumpet,0.001,2027,8.468095173322224,-2.309027503808858,high,8.161,8.095,8.226,green,green,green,False
150,Monda Market,0.001,2027,16.341814374920414,-0.1503865519143823,high,16.303,16.173,16.433,green,green,green,False
1,Kapra,0.001,2030,12.680121752894491,-0.9836604016040716,medium,12.445,12.257,12.636,green,green,green,False
2,Dr A S Rao Nagar,0.001,2030,18.734283678123067,-0.8201467463420009,medium,18.444,18.166,18.727,green,green,green,False
3,Cherlapally,0.001,2030,15.260463530416216,-0.8381377631619515,medium,15.019,14.792,15.249,green,green,green,False
4,Meerpet H.B Colony,0.001,2030,17.05792916128591,-1.437493334299398,medium,16.598,16.347,16.852,green,green,green,False
5,Mallapur,0.001,2030,20.364108719543964,-0.4416254076115704,medium,20.194,19.889,20.503,green,yellow,green,False
6,Nacharam,0.001,2030,16.538931170534777,-0.0590221287329923,medium,16.52,16.271,16.773,green,green,green,False
7,Chilka Nagar,0.001,2030,22.05179015402969,-0.6819313187473569,medium,21.768,21.439,22.101,green,yellow,green,False
8,Habsiguda,0.001,2030,12.640284345398712,-1.6055937614633926,medium,12.26,12.075,12.448,green,green,green,False
9,Ramanthapur,0.001,2030,24.596846231804847,0.8664717260671129,medium,25.005,24.628,25.387,green,yellow,green,False
10,Uppal,0.001,2030,19.199611830304487,-0.5745750317151831,medium,18.991,18.704,19.282,green,green,green,False
11,Nagole,0.001,2030,9.537590924310026,-0.7905185713537645,medium,9.395,9.253,9.539,green,green,green,False
12,Mansoorabad,0.001,2030,26.841117123806374,0.0946510927359304,medium,26.889,26.484,27.301,green,yellow,green,False
13,Hayath Nagar,0.001,2030,22.86664227967571,-0.948309231773872,medium,22.458,22.119,22.802,green,yellow,green,False
14,BN Reddy Nagar,0.001,2030,21.15247131245172,-0.4028192029372512,medium,20.991,20.674,21.313,green,yellow,green,False
15,Vanasthalipuram,0.001,2030,12.480989556805442,0.1311293812205049,medium,12.512,12.323,12.704,green,green,green,False
16,Hasthinapuram,0.001,2030,13.317476167785204,-0.1419084756440861,medium,13.282,13.081,13.485,green,green,green,False
17,Champapet,0.001,2030,10.119797915818294,0.2862280859610283,medium,10.175,10.021,10.331,green,green,green,False
18,Lingojiguda,0.001,2030,20.463149965933763,0.0157130745260558,medium,20.469,20.16,20.783,green,yellow,green,False
19,Saroornagar,0.001,2030,23.3003115523946,-0.4762623821501535,medium,23.09,22.742,23.444,green,yellow,green,False
20,RK Puram,0.001,2030,17.312657445883733,0.9644110007938708,medium,17.633,17.367,17.902,green,green,green,False
21,Kothapet,0.001,2030,54.680740790110846,0.4543386486826762,medium,55.155,54.323,55.999,yellow,red,yellow,False
22,Chaitanyapuri,0.001,2030,68.58888362743684,0.7488287977554536,medium,69.571,68.522,70.636,red,red,red,False
23,Gaddiannaram,0.001,2030,63.46909795336673,1.5244080650695295,high,65.333,64.716,65.955,red,red,red,False
24,Saidabad,0.001,2030,67.81063469612425,0.7634837398766253,high,68.801,68.151,69.457,red,red,red,False
25,Moosarambagh,0.001,2030,66.58283839773247,1.007449144089618,high,67.869,67.228,68.516,red,red,red,False
26,Old Malakpet,0.001,2030,48.20784105626365,-0.8355527248936624,high,47.448,46.999,47.901,yellow,red,yellow,False
27,Akbarbagh,0.001,2030,56.956197126707295,0.1430106944756923,high,57.111,56.571,57.656,yellow,red,yellow,False
28,Azampura,0.001,2030,53.26153041106591,0.1995536480316407,high,53.464,52.958,53.974,yellow,red,yellow,False
29,Chawni,0.001,2030,65.3631822060597,1.138192531834751,high,66.791,66.16,67.428,red,red,red,False
30,Dabeerpura,0.001,2030,45.38405832109515,0.0634785470297453,high,45.439,45.009,45.872,yellow,red,yellow,False
31,Rein Bazar,0.001,2030,62.38436857967638,1.2266326964665648,high,63.854,63.251,64.463,red,red,red,False
32,Patthergatti,0.001,2030,30.26099353464391,1.0313634009799733,high,30.86,30.568,31.154,yellow,yellow,yellow,False
33,Moghalpura,0.001,2030,26.707543459025928,1.2277389456226209,high,27.337,27.079,27.598,green,yellow,green,False
34,Talab Chanchalam,0.001,2030,43.59999704543002,2.8358558015753537,high,46.01,45.576,46.448,yellow,red,yellow,False
35,Gowlipura,0.001,2030,56.493918378226624,0.9787812357046782,high,57.554,57.01,58.103,yellow,red,yellow,False
36,Lalithabagh,0.001,2030,60.9936752399674,0.2493068256822851,high,61.283,60.704,61.868,red,red,red,False
37,Kurmaguda,0.001,2030,53.21065805634374,1.6138511082829068,high,54.866,54.348,55.389,yellow,red,yellow,False
38,IS Sadan,0.001,2030,50.903382278256245,0.4328569270634345,high,51.324,50.838,51.813,yellow,red,yellow,False
39,Santhosh Nagar,0.001,2030,87.05480033290863,1.132188665928123,high,88.947,88.106,89.795,red,red,red,False
40,Riyasat Nagar,0.001,2030,48.76797889121786,0.9293625671614378,high,49.636,49.167,50.11,yellow,red,yellow,False
41,Kanchanbagh,0.001,2030,27.99700389247989,-1.2896429266644192,high,27.319,27.06,27.58,green,yellow,green,False
42,Barkas,0.001,2030,26.331065316798163,-1.258207265745745,high,25.709,25.465,25.954,green,yellow,green,False
43,Chandrayangutta,0.001,2030,100.0,0.4678092252598791,high,100.0,99.939,100.0,red,red,red,False
44,Uppuguda,0.001,2030,84.1984381574891,1.3279699608936206,high,86.348,85.533,87.171,red,red,red,False
45,Jangammet,0.001,2030,88.0909551475325,-0.4180408225438882,high,87.394,86.567,88.228,red,red,red,False
46,Falaknuma,0.001,2030,64.54543818387911,1.0054513142637391,high,65.79,65.168,66.417,red,red,red,False
47,Nawab Saheb Kunta,0.001,2030,71.59068518021434,2.0652204558907528,high,74.453,73.75,75.162,red,red,red,False
48,Shalibanda,0.001,2030,86.03085311821755,1.7010517784962498,high,88.854,88.015,89.701,red,red,red,False
49,Ghansi Bazar,0.001,2030,44.152681396066775,-0.3778128855944646,high,43.837,43.422,44.255,yellow,red,yellow,False
50,Begum Bazar,0.001,2030,40.19052230093796,-0.1392765677053707,high,40.084,39.705,40.467,yellow,yellow,yellow,False
51,Goshamahal,0.001,2030,45.8591722706365,-0.2879092694074924,high,45.609,45.177,46.044,yellow,red,yellow,False
52,Puranapool,0.001,2030,43.26058431959793,1.2201977237336403,high,44.275,43.856,44.697,yellow,red,yellow,False
53,Doodh Bowli,0.001,2030,35.17870899961121,1.463964529070159,high,36.17,35.829,36.515,yellow,yellow,yellow,False
54,Jahanuma,0.001,2030,64.24801600179609,1.4615730164364966,high,66.056,65.432,66.685,red,red,red,False
55,Ramnaspura,0.001,2030,71.18246414213033,-0.1114146402887969,high,71.032,70.36,71.71,red,red,red,False
56,Kishanbagh,0.001,2030,77.04853536541036,1.4146710389200807,high,79.146,78.399,79.9,red,red,red,False
57,Suleman Nagar,0.001,2030,76.99644479285818,-0.4480313604288981,high,76.344,75.621,77.073,red,red,red,False
58,Shastripuram,0.001,2030,28.68921071845968,-0.180405344768324,medium,28.591,28.159,29.029,green,yellow,green,False
59,Mailardevpally,0.001,2030,20.58951540177557,-0.1801122593535108,medium,20.519,20.209,20.833,green,yellow,green,False
60,Rajendra Nagar,0.001,2030,73.65513744553293,-0.9390819674715656,medium,72.352,71.259,73.461,red,red,red,False
61,Attapur,0.001,2030,52.62897178556625,-0.4467297140393914,medium,52.184,51.396,52.983,yellow,red,yellow,False
62,Ziaguda,0.001,2030,44.16434789047906,0.0518968249033311,high,44.208,43.79,44.63,yellow,red,yellow,False
63,Mangalhat,0.001,2030,79.11473297610773,0.3318093496899421,high,79.615,78.862,80.374,red,red,red,False
64,Dattatreya Nagar,0.001,2030,55.05533946935907,1.3544389521220646,high,56.49,55.956,57.028,yellow,red,yellow,False
65,Karwan,0.001,2030,51.13889312976245,-0.5500300926199667,high,50.607,50.128,51.09,yellow,red,yellow,False
66,Langar Houz,0.001,2030,59.1014035978671,-1.2974259297015354,high,57.661,57.115,58.212,yellow,red,yellow,False
67,Golconda,0.001,2030,21.117158900647134,-0.5851514488763694,high,20.884,20.686,21.083,green,yellow,green,False
68,Tolichowki,0.001,2030,41.52822852989487,-0.9801644834101492,high,40.762,40.376,41.151,yellow,red,yellow,False
69,Nanal Nagar,0.001,2030,39.61177580373081,-2.613632813527113,high,37.69,37.333,38.051,yellow,yellow,yellow,False
70,Mehdipatnam,0.001,2030,69.63442081219291,1.2475460714031446,high,71.304,70.63,71.983,red,red,red,False
71,Gudimalkapur,0.001,2030,51.82546600577277,0.038654445441875,high,51.864,51.373,52.358,yellow,red,yellow,False
72,Asif Nagar,0.001,2030,55.79434621190427,2.1316872198970773,high,58.098,57.55,58.651,yellow,red,yellow,False
73,Vijay Nagar Colony,0.001,2030,24.26258956311994,0.3115047509139297,high,24.407,24.176,24.639,green,yellow,green,False
74,Ahmed Nagar,0.001,2030,28.007367427191166,-0.6472238396491768,high,27.665,27.403,27.929,green,yellow,green,False
75,Red Hills,0.001,2030,44.93343295987682,-0.7563388253390277,high,44.292,43.873,44.715,yellow,red,yellow,False
76,Mallepally,0.001,2030,33.97705489011329,1.0756152894879536,high,34.678,34.351,35.009,yellow,yellow,yellow,False
77,Jambagh,0.001,2030,43.44741579462619,-0.2515658435493526,high,43.24,42.831,43.653,yellow,red,yellow,False
78,Gunfoundry,0.001,2030,6.960032118674664,-0.7493443110156411,high,6.862,6.797,6.927,green,green,green,False
79,Himayath Nagar,0.001,2030,20.974928100883787,-0.1576344585207288,high,20.912,20.714,21.112,green,yellow,green,False
80,Kachiguda,0.001,2030,19.42849792452408,0.1850218053549822,high,19.497,19.313,19.683,green,yellow,green,False
81,Nallakunta,0.001,2030,7.769430090742621,1.1675504862218826,high,7.944,7.869,8.019,green,green,green,False
82,Golnaka,0.001,2030,30.01774766250485,-0.3732736978120915,high,29.806,29.524,30.09,green,yellow,yellow,False
83,Amberpet,0.001,2030,34.01718722014084,0.1687267494379467,high,34.126,33.804,34.452,yellow,yellow,yellow,False
84,Bagh Amberpet,0.001,2030,46.90842388010578,1.0225275829530651,high,47.828,47.376,48.284,yellow,red,yellow,False
85,Adikmet,0.001,2030,21.31739578000518,0.9878203680386444,high,21.721,21.516,21.928,green,yellow,green,False
86,Musheerabad,0.001,2030,11.418124454267833,1.0355921420873242,high,11.645,11.535,11.756,green,green,green,False
87,Ramnagar,0.001,2030,2.7051762558043446,0.7424792276464005,high,2.744,2.718,2.77,green,green,green,False
88,Bholakpur,0.001,2030,2.762742622896244,1.8469382196141768,high,2.861,2.834,2.889,green,green,green,False
89,Gandhinagar,0.001,2030,12.619273413964455,-0.0397458331221889,high,12.61,12.49,12.73,green,green,green,False
90,Kavadiguda,0.001,2030,16.19239365863485,-0.9849690908031232,high,15.892,15.742,16.044,green,green,green,False
91,Khairatabad,0.001,2030,36.111745370154594,-1.3989996173421488,high,35.164,34.831,35.5,yellow,yellow,yellow,False
92,Venkateshwara Colony,0.001,2030,46.39473156432174,-0.7693357220709376,high,45.721,45.289,46.158,yellow,red,yellow,False
93,Banjara Hills,0.001,2030,8.24107584819368,0.2633900483903478,high,8.282,8.204,8.361,green,green,green,False
94,Shaikpet,0.001,2030,17.406634351778855,-0.4324772035351038,high,17.264,17.101,17.429,green,green,green,False
95,Jubilee Hills,0.001,2030,10.16211106582204,0.0759442611884154,high,10.177,10.081,10.274,green,green,green,False
96,Yousufguda,0.001,2030,39.82214631865089,0.1058633633407602,high,39.902,39.525,40.283,yellow,yellow,yellow,False
97,Somajiguda,0.001,2030,5.713789420896817,-0.2148345909592047,high,5.691,5.637,5.745,green,green,green,False
98,Ameerpet,0.001,2030,9.527142865662022,-0.3813302521334278,high,9.458,9.369,9.549,green,green,green,False
99,Vengal Rao Nagar,0.001,2030,5.107012579321559,-1.2823679168242188,high,4.984,4.937,5.032,green,green,green,False
100,Sanath Nagar,0.001,2030,14.7939148502979,0.0230449450488361,high,14.8,14.66,14.942,green,green,green,False
101,Erragadda,0.001,2030,19.20446431665971,-0.095373247413698,high,19.17,18.988,19.353,green,green,green,False
102,Rahmath Nagar,0.001,2030,36.56663934247633,1.4648526501558925,high,37.598,37.243,37.956,yellow,yellow,yellow,False
103,Borabanda,0.001,2030,18.068262967223465,1.7058059194524018,high,18.663,18.487,18.841,green,green,green,False
104,Kondapur,0.001,2030,7.067330747307282,-0.3333832947624257,medium,7.023,6.917,7.13,green,green,green,False
105,Gachibowli,0.001,2030,33.89004956015616,-1.335300581870413,medium,33.04,32.541,33.547,yellow,yellow,yellow,False
106,Serilingampally,0.001,2030,20.062343353707377,-1.1642127132808069,medium,19.623,19.327,19.924,green,yellow,green,False
107,Madhapur,0.001,2030,43.47608434217619,-1.2053323744009423,medium,42.491,41.849,43.142,yellow,red,yellow,False
108,Miyapur,0.001,2030,44.036763958648685,-1.8452321495441515,medium,42.518,41.875,43.17,yellow,red,yellow,False
109,Hafeezpet,0.001,2030,15.891136890618789,-0.5382408083741963,medium,15.729,15.492,15.97,green,green,green,False
110,Chandanagar,0.001,2030,45.39580629905416,-0.7299899718887063,medium,44.77,44.094,45.456,yellow,red,yellow,False
111,Bharati Nagar,0.001,2030,27.75373575427334,0.6479893373604294,medium,28.097,27.674,28.527,green,yellow,green,False
112,Ramachandrapuram,0.001,2030,35.53806010277442,-0.6950680927427123,medium,35.072,34.542,35.609,yellow,yellow,yellow,False
113,Patancheruvu,0.001,2030,21.88147546394043,-0.1116113499137126,medium,21.835,21.506,22.169,green,yellow,green,False
114,KPHB Colony,0.001,2030,19.96869435148323,-0.854960642239448,medium,19.647,19.35,19.948,green,yellow,green,False
115,Balaji Nagar,0.001,2030,27.046318929516605,-0.8279880216645622,medium,26.624,26.222,27.032,green,yellow,green,False
116,Allapur,0.001,2030,35.98419951051559,-0.4434074512372561,high,35.682,35.345,36.023,yellow,yellow,yellow,False
117,Moosapet,0.001,2030,6.384451177722012,1.077366052720513,medium,6.516,6.418,6.616,green,green,green,False
118,Fateh Nagar,0.001,2030,34.73595281677105,-0.227255162984858,medium,34.586,34.064,35.116,yellow,yellow,yellow,False
119,Old Bowenpally,0.001,2030,34.7194404275402,-0.1220840225375822,medium,34.639,34.116,35.169,yellow,yellow,yellow,False
120,Balanagar,0.001,2030,29.78165210311819,-0.3040215811691819,medium,29.61,29.163,30.064,green,yellow,green,False
121,Kukatpally,0.001,2030,25.66790810753259,0.2101305426171462,medium,25.771,25.382,26.165,green,yellow,green,False
122,Vivekananda Nagar Colony,0.001,2030,17.80929141732565,0.5669783715850022,medium,18.002,17.731,18.278,green,green,green,False
123,Hydernagar,0.001,2030,19.3376703234939,-0.823771619388124,medium,19.037,18.75,19.329,green,green,green,False
124,Alwyn Colony,0.001,2030,19.76845848874945,-0.6509631812334818,medium,19.525,19.231,19.825,green,yellow,green,False
125,Gajularamaram,0.001,2030,44.819120029158114,-0.4994060610750858,medium,44.396,43.725,45.076,yellow,red,yellow,False
126,Jagathgirigutta,0.001,2030,34.35870622053157,1.3217428606803272,medium,35.232,34.701,35.771,yellow,yellow,yellow,False
127,Rangareddy Nagar,0.001,2030,15.903728398729708,0.6944524879063165,medium,16.115,15.872,16.361,green,green,green,False
128,Chintal,0.001,2030,22.6982079591826,-0.8305096792744869,medium,22.343,22.005,22.685,green,yellow,green,False
129,Suraram,0.001,2030,21.92585195322159,-0.5599901558641079,medium,21.694,21.366,22.026,green,yellow,green,False
130,Subash Nagar,0.001,2030,19.302317114008787,1.556116772492067,medium,19.881,19.582,20.185,green,green,green,False
131,Quthbullapur,0.001,2030,21.53230215035172,0.7968932978788363,medium,21.861,21.531,22.195,green,yellow,green,False
132,Jeedimetla,0.001,2030,3.5435291292938405,-2.1517589469283225,medium,3.401,3.35,3.454,green,green,green,False
133,Macha Bolarum,0.001,2030,17.505839258584594,-0.964618482398706,medium,17.188,16.928,17.451,green,green,green,False
134,Alwal,0.001,2030,1.8761500238512907,-0.7004129217321453,medium,1.851,1.823,1.88,green,green,green,False
135,Venkatapuram,0.001,2030,13.51242378072557,-0.061215478116265,medium,13.497,13.293,13.703,green,green,green,False
136,Neredmet,0.001,2030,26.47244201687729,-1.1940273826135988,medium,25.878,25.487,26.275,green,yellow,green,False
137,Vinayak Nagar,0.001,2030,8.644771782065238,-0.0237626512984603,medium,8.641,8.51,8.773,green,green,green,False
138,Moula Ali,0.001,2030,7.4954029904765616,-0.7271095077317318,medium,7.393,7.281,7.506,green,green,green,False
139,East Anand Bagh,0.001,2030,11.557507079625998,-1.2478173949549038,medium,11.287,11.116,11.46,green,green,green,False
140,Malkajgiri,0.001,2030,13.273932289664684,-0.186982570333785,medium,13.227,13.027,13.429,green,green,green,False
141,Gautham Nagar,0.001,2030,0.0,0.7499738387398407,medium,0.0,0.0,0.0,green,green,green,False
142,Addagutta,0.001,2030,17.955381103962143,-1.943585749924028,high,17.304,17.14,17.469,green,green,green,False
143,Tarnaka,0.001,2030,28.16093587267949,-0.7628032837091792,high,27.756,27.493,28.021,green,yellow,green,False
144,Mettuguda,0.001,2030,21.6562832458312,-1.9834249709241272,high,20.855,20.657,21.054,green,yellow,green,False
145,Seethaphalmandi,0.001,2030,12.207832932801546,0.6589686916186875,high,12.362,12.245,12.479,green,green,green,False
146,Boudha Nagar,0.001,2030,13.14755833226356,1.9925054961413744,high,13.654,13.525,13.784,green,green,green,False
147,Bansilapet,0.001,2030,17.53007251690914,0.3816116608958022,high,17.658,17.491,17.826,green,green,green,False
148,Ramgopalpet,0.001,2030,20.97904794778243,0.0044675574935337,high,20.981,20.782,21.181,green,yellow,green,False
149,Begumpet,0.001,2030,8.468095173322224,-2.309027503808858,high,8.104,8.027,8.182,green,green,green,False
150,Monda Market,0.001,2030,16.341814374920414,-0.1503865519143823,high,16.295,16.141,16.451,green,green,green,False
1,Kapra,0.003,2025,12.680121752894491,-0.9836604016040716,medium,12.166,11.763,12.583,green,green,green,False
2,Dr A S Rao Nagar,0.003,2025,18.734283678123067,-0.8201467463420009,medium,18.099,17.499,18.718,green,green,green,False
3,Cherlapally,0.003,2025,15.260463530416216,-0.8381377631619515,medium,14.732,14.243,15.236,green,green,green,False
4,Meerpet H.B Colony,0.003,2025,17.05792916128591,-1.437493334299398,medium,16.056,15.523,16.607,green,green,green,False
5,Mallapur,0.003,2025,20.364108719543964,-0.4416254076115704,medium,19.99,19.327,20.673,green,yellow,green,False
6,Nacharam,0.003,2025,16.538931170534777,-0.0590221287329923,medium,16.498,15.952,17.061,green,green,green,False
7,Chilka Nagar,0.003,2025,22.05179015402969,-0.6819313187473569,medium,21.429,20.718,22.161,green,yellow,green,False
8,Habsiguda,0.003,2025,12.640284345398712,-1.6055937614633926,medium,11.814,11.421,12.219,green,green,green,False
9,Ramanthapur,0.003,2025,24.596846231804847,0.8664717260671129,medium,25.507,24.666,26.376,green,yellow,green,False
10,Uppal,0.003,2025,19.199611830304487,-0.5745750317151831,medium,18.741,18.12,19.382,green,green,green,False
11,Nagole,0.003,2025,9.537590924310026,-0.7905185713537645,medium,9.226,8.92,9.541,green,green,green,False
12,Mansoorabad,0.003,2025,26.841117123806374,0.0946510927359304,medium,26.948,26.057,27.867,green,yellow,green,False
13,Hayath Nagar,0.003,2025,22.86664227967571,-0.948309231773872,medium,21.973,21.244,22.725,green,yellow,green,False
14,BN Reddy Nagar,0.003,2025,21.15247131245172,-0.4028192029372512,medium,20.797,20.109,21.508,green,yellow,green,False
15,Vanasthalipuram,0.003,2025,12.480989556805442,0.1311293812205049,medium,12.55,12.135,12.978,green,green,green,False
16,Hasthinapuram,0.003,2025,13.317476167785204,-0.1419084756440861,medium,13.238,12.8,13.69,green,green,green,False
17,Champapet,0.003,2025,10.119797915818294,0.2862280859610283,medium,10.242,9.904,10.591,green,green,green,False
18,Lingojiguda,0.003,2025,20.463149965933763,0.0157130745260558,medium,20.477,19.799,21.175,green,yellow,green,False
19,Saroornagar,0.003,2025,23.3003115523946,-0.4762623821501535,medium,22.839,22.082,23.619,green,yellow,green,False
20,RK Puram,0.003,2025,17.312657445883733,0.9644110007938708,medium,18.027,17.433,18.641,green,green,green,False
21,Kothapet,0.003,2025,54.680740790110846,0.4543386486826762,medium,55.733,53.892,57.633,yellow,red,yellow,False
22,Chaitanyapuri,0.003,2025,68.58888362743684,0.7488287977554536,medium,70.778,68.442,73.188,red,red,red,False
23,Gaddiannaram,0.003,2025,63.46909795336673,1.5244080650695295,high,67.656,66.255,69.084,red,red,red,False
24,Saidabad,0.003,2025,67.81063469612425,0.7634837398766253,high,70.018,68.565,71.499,red,red,red,False
25,Moosarambagh,0.003,2025,66.58283839773247,1.007449144089618,high,69.456,68.016,70.925,red,red,red,False
26,Old Malakpet,0.003,2025,48.20784105626365,-0.8355527248936624,high,46.543,45.573,47.533,yellow,red,yellow,False
27,Akbarbagh,0.003,2025,56.956197126707295,0.1430106944756923,high,57.299,56.108,58.514,yellow,red,yellow,False
28,Azampura,0.003,2025,53.26153041106591,0.1995536480316407,high,53.71,52.593,54.848,yellow,red,yellow,False
29,Chawni,0.003,2025,65.3631822060597,1.138192531834751,high,68.558,67.137,70.007,red,red,red,False
30,Dabeerpura,0.003,2025,45.38405832109515,0.0634785470297453,high,45.505,44.559,46.47,yellow,red,yellow,False
31,Rein Bazar,0.003,2025,62.38436857967638,1.2266326964665648,high,65.676,64.315,67.064,red,red,red,False
32,Patthergatti,0.003,2025,30.26099353464391,1.0313634009799733,high,31.599,30.943,32.266,yellow,yellow,yellow,False
33,Moghalpura,0.003,2025,26.707543459025928,1.2277389456226209,high,28.118,27.536,28.712,green,yellow,green,False
34,Talab Chanchalam,0.003,2025,43.59999704543002,2.8358558015753537,high,49.09,48.078,50.122,yellow,red,yellow,False
35,Gowlipura,0.003,2025,56.493918378226624,0.9787812357046782,high,58.861,57.641,60.106,yellow,red,yellow,False
36,Lalithabagh,0.003,2025,60.9936752399674,0.2493068256822851,high,61.635,60.355,62.942,red,red,red,False
37,Kurmaguda,0.003,2025,53.21065805634374,1.6138511082829068,high,56.933,55.755,58.135,yellow,red,yellow,False
38,IS Sadan,0.003,2025,50.903382278256245,0.4328569270634345,high,51.837,50.76,52.934,yellow,red,yellow,False
39,Santhosh Nagar,0.003,2025,87.05480033290863,1.132188665928123,high,91.287,89.395,93.216,red,red,red,False
40,Riyasat Nagar,0.003,2025,48.76797889121786,0.9293625671614378,high,50.706,49.655,51.779,yellow,red,yellow,False
41,Kanchanbagh,0.003,2025,27.99700389247989,-1.2896429266644192,high,26.518,25.964,27.083,green,yellow,green,False
42,Barkas,0.003,2025,26.331065316798163,-1.258207265745745,high,24.973,24.452,25.505,green,yellow,green,False
43,Chandrayangutta,0.003,2025,100.0,0.4678092252598791,high,100.0,99.865,100.0,red,red,red,False
44,Uppuguda,0.003,2025,84.1984381574891,1.3279699608936206,high,89.018,87.174,90.898,red,red,red,False
45,Jangammet,0.003,2025,88.0909551475325,-0.4180408225438882,high,86.557,84.755,88.395,red,red,red,False
46,Falaknuma,0.003,2025,64.54543818387911,1.0054513142637391,high,67.325,65.929,68.749,red,red,red,False
47,Nawab Saheb Kunta,0.003,2025,71.59068518021434,2.0652204558907528,high,78.057,76.443,79.702,red,red,red,False
48,Shalibanda,0.003,2025,86.03085311821755,1.7010517784962498,high,92.385,90.474,94.334,red,red,red,False
49,Ghansi Bazar,0.003,2025,44.152681396066775,-0.3778128855944646,high,43.457,42.552,44.38,yellow,red,yellow,False
50,Begum Bazar,0.003,2025,40.19052230093796,-0.1392765677053707,high,39.956,39.125,40.804,yellow,yellow,yellow,False
51,Goshamahal,0.003,2025,45.8591722706365,-0.2879092694074924,high,45.308,44.365,46.269,yellow,red,yellow,False
52,Puranapool,0.003,2025,43.26058431959793,1.2201977237336403,high,45.531,44.588,46.493,yellow,red,yellow,False
53,Doodh Bowli,0.003,2025,35.17870899961121,1.463964529070159,high,37.405,36.63,38.194,yellow,yellow,yellow,False
54,Jahanuma,0.003,2025,64.24801600179609,1.4615730164364966,high,68.306,66.892,69.748,red,red,red,False
55,Ramnaspura,0.003,2025,71.18246414213033,-0.1114146402887969,high,70.85,69.376,72.353,red,red,red,False
56,Kishanbagh,0.003,2025,77.04853536541036,1.4146710389200807,high,81.755,80.062,83.481,red,red,red,False
57,Suleman Nagar,0.003,2025,76.99644479285818,-0.4480313604288981,high,75.56,73.987,77.165,red,red,red,False
58,Shastripuram,0.003,2025,28.68921071845968,-0.180405344768324,medium,28.473,27.53,29.445,green,yellow,green,False
59,Mailardevpally,0.003,2025,20.58951540177557,-0.1801122593535108,medium,20.434,19.758,21.132,green,yellow,green,False
60,Rajendra Nagar,0.003,2025,73.65513744553293,-0.9390819674715656,medium,70.803,68.454,73.226,red,red,red,False
61,Attapur,0.003,2025,52.62897178556625,-0.4467297140393914,medium,51.65,49.939,53.415,yellow,red,yellow,False
62,Ziaguda,0.003,2025,44.16434789047906,0.0518968249033311,high,44.261,43.34,45.199,yellow,red,yellow,False
63,Mangalhat,0.003,2025,79.11473297610773,0.3318093496899421,high,80.224,78.558,81.924,red,red,red,False
64,Dattatreya Nagar,0.003,2025,55.05533946935907,1.3544389521220646,high,58.271,57.064,59.502,yellow,red,yellow,False
65,Karwan,0.003,2025,51.13889312976245,-0.5500300926199667,high,49.97,48.929,51.032,yellow,red,yellow,False
66,Langar Houz,0.003,2025,59.1014035978671,-1.2974259297015354,high,55.961,54.793,57.152,yellow,red,yellow,False
67,Golconda,0.003,2025,21.117158900647134,-0.5851514488763694,high,20.604,20.175,21.042,green,yellow,green,False
68,Tolichowki,0.003,2025,41.52822852989487,-0.9801644834101492,high,39.851,39.02,40.699,yellow,red,yellow,False
69,Nanal Nagar,0.003,2025,39.61177580373081,-2.613632813527113,high,35.478,34.735,36.237,yellow,yellow,yellow,False
70,Mehdipatnam,0.003,2025,69.63442081219291,1.2475460714031446,high,73.373,71.853,74.923,red,red,red,False
71,Gudimalkapur,0.003,2025,51.82546600577277,0.038654445441875,high,51.91,50.83,53.01,yellow,red,yellow,False
72,Asif Nagar,0.003,2025,55.79434621190427,2.1316872198970773,high,61.003,59.742,62.288,red,red,yellow,False
73,Vijay Nagar Colony,0.003,2025,24.26258956311994,0.3115047509139297,high,24.582,24.071,25.103,green,yellow,green,False
74,Ahmed Nagar,0.003,2025,28.007367427191166,-0.6472238396491768,high,27.256,26.688,27.835,green,yellow,green,False
75,Red Hills,0.003,2025,44.93343295987682,-0.7563388253390277,high,43.527,42.62,44.452,yellow,red,yellow,False
76,Mallepally,0.003,2025,33.97705489011329,1.0756152894879536,high,35.545,34.808,36.296,yellow,yellow,yellow,False
77,Jambagh,0.003,2025,43.44741579462619,-0.2515658435493526,high,42.991,42.096,43.903,yellow,red,yellow,False
78,Gunfoundry,0.003,2025,6.960032118674664,-0.7493443110156411,high,6.744,6.604,6.887,green,green,green,False
79,Himayath Nagar,0.003,2025,20.974928100883787,-0.1576344585207288,high,20.836,20.403,21.279,green,yellow,green,False
80,Kachiguda,0.003,2025,19.42849792452408,0.1850218053549822,high,19.58,19.173,19.995,green,yellow,green,False
81,Nallakunta,0.003,2025,7.769430090742621,1.1675504862218826,high,8.159,7.99,8.332,green,green,green,False
82,Golnaka,0.003,2025,30.01774766250485,-0.3732736978120915,high,29.551,28.935,30.178,green,yellow,yellow,False
83,Amberpet,0.003,2025,34.01718722014084,0.1687267494379467,high,34.259,33.547,34.985,yellow,yellow,yellow,False
84,Bagh Amberpet,0.003,2025,46.90842388010578,1.0225275829530651,high,48.964,47.948,49.999,yellow,red,yellow,False
85,Adikmet,0.003,2025,21.31739578000518,0.9878203680386444,high,22.219,21.758,22.689,green,yellow,green,False
86,Musheerabad,0.003,2025,11.418124454267833,1.0355921420873242,high,11.925,11.678,12.177,green,green,green,False
87,Ramnagar,0.003,2025,2.7051762558043446,0.7424792276464005,high,2.791,2.733,2.85,green,green,green,False
88,Bholakpur,0.003,2025,2.762742622896244,1.8469382196141768,high,2.985,2.923,3.048,green,green,green,False
89,Gandhinagar,0.003,2025,12.619273413964455,-0.0397458331221889,high,12.598,12.336,12.865,green,green,green,False
90,Kavadiguda,0.003,2025,16.19239365863485,-0.9849690908031232,high,15.535,15.211,15.866,green,green,green,False
91,Khairatabad,0.003,2025,36.111745370154594,-1.3989996173421488,high,34.047,33.336,34.772,yellow,yellow,yellow,False
92,Venkateshwara Colony,0.003,2025,46.39473156432174,-0.7693357220709376,high,44.918,43.982,45.873,yellow,red,yellow,False
93,Banjara Hills,0.003,2025,8.24107584819368,0.2633900483903478,high,8.333,8.16,8.509,green,green,green,False
94,Shaikpet,0.003,2025,17.406634351778855,-0.4324772035351038,high,17.093,16.737,17.456,green,green,green,False
95,Jubilee Hills,0.003,2025,10.16211106582204,0.0759442611884154,high,10.195,9.983,10.411,green,green,green,False
96,Yousufguda,0.003,2025,39.82214631865089,0.1058633633407602,high,40.0,39.168,40.848,yellow,yellow,yellow,False
97,Somajiguda,0.003,2025,5.713789420896817,-0.2148345909592047,high,5.662,5.545,5.783,green,green,green,False
98,Ameerpet,0.003,2025,9.527142865662022,-0.3813302521334278,high,9.376,9.18,9.575,green,green,green,False
99,Vengal Rao Nagar,0.003,2025,5.107012579321559,-1.2823679168242188,high,4.839,4.738,4.942,green,green,green,False
100,Sanath Nagar,0.003,2025,14.7939148502979,0.0230449450488361,high,14.808,14.5,15.122,green,green,green,False
101,Erragadda,0.003,2025,19.20446431665971,-0.095373247413698,high,19.128,18.73,19.533,green,green,green,False
102,Rahmath Nagar,0.003,2025,36.56663934247633,1.4648526501558925,high,38.882,38.077,39.703,yellow,yellow,yellow,False
103,Borabanda,0.003,2025,18.068262967223465,1.7058059194524018,high,19.407,19.005,19.816,green,green,green,False
104,Kondapur,0.003,2025,7.067330747307282,-0.3333832947624257,medium,6.969,6.738,7.207,green,green,green,False
105,Gachibowli,0.003,2025,33.89004956015616,-1.335300581870413,medium,32.038,30.974,33.136,yellow,yellow,yellow,False
106,Serilingampally,0.003,2025,20.062343353707377,-1.1642127132808069,medium,19.103,18.469,19.758,green,yellow,green,False
107,Madhapur,0.003,2025,43.47608434217619,-1.2053323744009423,medium,41.326,39.954,42.742,yellow,red,yellow,False
108,Miyapur,0.003,2025,44.036763958648685,-1.8452321495441515,medium,40.744,39.389,42.142,yellow,red,yellow,False
109,Hafeezpet,0.003,2025,15.891136890618789,-0.5382408083741963,medium,15.536,15.021,16.067,green,green,green,False
110,Chandanagar,0.003,2025,45.39580629905416,-0.7299899718887063,medium,44.024,42.564,45.529,yellow,red,yellow,False
111,Bharati Nagar,0.003,2025,27.75373575427334,0.6479893373604294,medium,28.519,27.577,29.49,green,yellow,green,False
112,Ramachandrapuram,0.003,2025,35.53806010277442,-0.6950680927427123,medium,34.515,33.37,35.695,yellow,yellow,yellow,False
113,Patancheruvu,0.003,2025,21.88147546394043,-0.1116113499137126,medium,21.779,21.058,22.523,green,yellow,green,False
114,KPHB Colony,0.003,2025,19.96869435148323,-0.854960642239448,medium,19.263,18.625,19.923,green,yellow,green,False
115,Balaji Nagar,0.003,2025,27.046318929516605,-0.8279880216645622,medium,26.121,25.255,27.015,green,yellow,green,False
116,Allapur,0.003,2025,35.98419951051559,-0.4434074512372561,high,35.32,34.584,36.07,yellow,yellow,yellow,False
117,Moosapet,0.003,2025,6.384451177722012,1.077366052720513,medium,6.679,6.459,6.907,green,green,green,False
118,Fateh Nagar,0.003,2025,34.73595281677105,-0.227255162984858,medium,34.406,33.267,35.581,yellow,yellow,yellow,False
119,Old Bowenpally,0.003,2025,34.7194404275402,-0.1220840225375822,medium,34.542,33.399,35.721,yellow,yellow,yellow,False
120,Balanagar,0.003,2025,29.78165210311819,-0.3040215811691819,medium,29.404,28.43,30.408,green,yellow,green,False
121,Kukatpally,0.003,2025,25.66790810753259,0.2101305426171462,medium,25.895,25.039,26.779,green,yellow,green,False
122,Vivekananda Nagar Colony,0.003,2025,17.80929141732565,0.5669783715850022,medium,18.238,17.636,18.859,green,green,green,False
123,Hydernagar,0.003,2025,19.3376703234939,-0.823771619388124,medium,18.679,18.06,19.318,green,green,green,False
124,Alwyn Colony,0.003,2025,19.76845848874945,-0.6509631812334818,medium,19.235,18.597,19.893,green,yellow,green,False
125,Gajularamaram,0.003,2025,44.819120029158114,-0.4994060610750858,medium,43.888,42.434,45.388,yellow,red,yellow,False
126,Jagathgirigutta,0.003,2025,34.35870622053157,1.3217428606803272,medium,36.316,35.119,37.55,yellow,yellow,yellow,False
127,Rangareddy Nagar,0.003,2025,15.903728398729708,0.6944524879063165,medium,16.374,15.833,16.932,green,green,green,False
128,Chintal,0.003,2025,22.6982079591826,-0.8305096792744869,medium,21.919,21.192,22.669,green,yellow,green,False
129,Suraram,0.003,2025,21.92585195322159,-0.5599901558641079,medium,21.416,20.706,22.148,green,yellow,green,False
130,Subash Nagar,0.003,2025,19.302317114008787,1.556116772492067,medium,20.603,19.924,21.303,green,green,green,False
131,Quthbullapur,0.003,2025,21.53230215035172,0.7968932978788363,medium,22.264,21.529,23.022,green,yellow,green,False
132,Jeedimetla,0.003,2025,3.5435291292938405,-2.1517589469283225,medium,3.236,3.129,3.348,green,green,green,False
133,Macha Bolarum,0.003,2025,17.505839258584594,-0.964618482398706,medium,16.81,16.252,17.385,green,green,green,False
134,Alwal,0.003,2025,1.8761500238512907,-0.7004129217321453,medium,1.822,1.761,1.884,green,green,green,False
135,Venkatapuram,0.003,2025,13.51242378072557,-0.061215478116265,medium,13.478,13.032,13.938,green,green,green,False
136,Neredmet,0.003,2025,26.47244201687729,-1.1940273826135988,medium,25.175,24.34,26.038,green,yellow,green,False
137,Vinayak Nagar,0.003,2025,8.644771782065238,-0.0237626512984603,medium,8.636,8.35,8.931,green,green,green,False
138,Moula Ali,0.003,2025,7.4954029904765616,-0.7271095077317318,medium,7.27,7.029,7.518,green,green,green,False
139,East Anand Bagh,0.003,2025,11.557507079625998,-1.2478173949549038,medium,10.966,10.602,11.342,green,green,green,False
140,Malkajgiri,0.003,2025,13.273932289664684,-0.186982570333785,medium,13.17,12.734,13.62,green,green,green,False
141,Gautham Nagar,0.003,2025,0.0,0.7499738387398407,medium,0.0,0.0,0.0,green,green,green,False
142,Addagutta,0.003,2025,17.955381103962143,-1.943585749924028,high,16.544,16.198,16.897,green,green,green,False
143,Tarnaka,0.003,2025,28.16093587267949,-0.7628032837091792,high,27.272,26.704,27.852,green,yellow,green,False
144,Mettuguda,0.003,2025,21.6562832458312,-1.9834249709241272,high,19.92,19.504,20.345,green,yellow,green,False
145,Seethaphalmandi,0.003,2025,12.207832932801546,0.6589686916186875,high,12.55,12.29,12.816,green,green,green,False
146,Boudha Nagar,0.003,2025,13.14755833226356,1.9925054961413744,high,14.292,13.996,14.593,green,green,green,False
147,Bansilapet,0.003,2025,17.53007251690914,0.3816116608958022,high,17.813,17.443,18.19,green,green,green,False
148,Ramgopalpet,0.003,2025,20.97904794778243,0.0044675574935337,high,20.983,20.547,21.428,green,yellow,green,False
149,Begumpet,0.003,2025,8.468095173322224,-2.309027503808858,high,7.683,7.522,7.847,green,green,green,False
150,Monda Market,0.003,2025,16.341814374920414,-0.1503865519143823,high,16.239,15.901,16.583,green,green,green,False
1,Kapra,0.003,2027,12.680121752894491,-0.9836604016040716,medium,12.094,11.637,12.569,green,green,green,False
2,Dr A S Rao Nagar,0.003,2027,18.734283678123067,-0.8201467463420009,medium,18.01,17.329,18.716,green,green,green,False
3,Cherlapally,0.003,2027,15.260463530416216,-0.8381377631619515,medium,14.658,14.104,15.233,green,green,green,False
4,Meerpet H.B Colony,0.003,2027,17.05792916128591,-1.437493334299398,medium,15.918,15.315,16.543,green,green,green,False
5,Mallapur,0.003,2027,20.364108719543964,-0.4416254076115704,medium,19.937,19.184,20.717,green,yellow,green,False
6,Nacharam,0.003,2027,16.538931170534777,-0.0590221287329923,medium,16.492,15.87,17.137,green,green,green,False
7,Chilka Nagar,0.003,2027,22.05179015402969,-0.6819313187473569,medium,21.341,20.534,22.177,green,yellow,green,False
8,Habsiguda,0.003,2027,12.640284345398712,-1.6055937614633926,medium,11.701,11.257,12.16,green,green,green,False
9,Ramanthapur,0.003,2027,24.596846231804847,0.8664717260671129,medium,25.64,24.675,26.64,green,yellow,green,False
10,Uppal,0.003,2027,19.199611830304487,-0.5745750317151831,medium,18.677,17.971,19.408,green,green,green,False
11,Nagole,0.003,2027,9.537590924310026,-0.7905185713537645,medium,9.182,8.835,9.542,green,green,green,False
12,Mansoorabad,0.003,2027,26.841117123806374,0.0946510927359304,medium,26.963,25.947,28.017,green,yellow,green,False
13,Hayath Nagar,0.003,2027,22.86664227967571,-0.948309231773872,medium,21.848,21.021,22.704,green,yellow,green,False
14,BN Reddy Nagar,0.003,2027,21.15247131245172,-0.4028192029372512,medium,20.747,19.964,21.559,green,yellow,green,False
15,Vanasthalipuram,0.003,2027,12.480989556805442,0.1311293812205049,medium,12.56,12.086,13.051,green,green,green,False
16,Hasthinapuram,0.003,2027,13.317476167785204,-0.1419084756440861,medium,13.227,12.728,13.744,green,green,green,False
17,Champapet,0.003,2027,10.119797915818294,0.2862280859610283,medium,10.26,9.873,10.661,green,green,green,False
18,Lingojiguda,0.003,2027,20.463149965933763,0.0157130745260558,medium,20.479,19.706,21.279,green,yellow,green,False
19,Saroornagar,0.003,2027,23.3003115523946,-0.4762623821501535,medium,22.773,21.913,23.665,green,yellow,green,False
20,RK Puram,0.003,2027,17.312657445883733,0.9644110007938708,medium,18.132,17.45,18.839,green,green,green,False
21,Kothapet,0.003,2027,54.680740790110846,0.4543386486826762,medium,55.886,53.781,58.068,yellow,red,yellow,False
22,Chaitanyapuri,0.003,2027,68.58888362743684,0.7488287977554536,medium,71.096,68.421,73.87,red,red,red,False
23,Gaddiannaram,0.003,2027,63.46909795336673,1.5244080650695295,high,68.276,66.663,69.926,red,red,red,False
24,Saidabad,0.003,2027,67.81063469612425,0.7634837398766253,high,70.339,68.673,72.042,red,red,red,False
25,Moosarambagh,0.003,2027,66.58283839773247,1.007449144089618,high,69.877,68.223,71.568,red,red,red,False
26,Old Malakpet,0.003,2027,48.20784105626365,-0.8355527248936624,high,46.31,45.209,47.437,yellow,red,yellow,False
27,Akbarbagh,0.003,2027,56.956197126707295,0.1430106944756923,high,57.348,55.988,58.74,yellow,red,yellow,False
28,Azampura,0.003,2027,53.26153041106591,0.1995536480316407,high,53.774,52.499,55.078,yellow,red,yellow,False
29,Chawni,0.003,2027,65.3631822060597,1.138192531834751,high,69.027,67.394,70.697,red,red,red,False
30,Dabeerpura,0.003,2027,45.38405832109515,0.0634785470297453,high,45.523,44.442,46.627,yellow,red,yellow,False
31,Rein Bazar,0.003,2027,62.38436857967638,1.2266326964665648,high,66.161,64.596,67.76,red,red,red,False
32,Patthergatti,0.003,2027,30.26099353464391,1.0313634009799733,high,31.794,31.042,32.564,yellow,yellow,yellow,False
33,Moghalpura,0.003,2027,26.707543459025928,1.2277389456226209,high,28.326,27.656,29.011,green,yellow,green,False
34,Talab Chanchalam,0.003,2027,43.59999704543002,2.8358558015753537,high,49.929,48.754,51.131,yellow,red,yellow,False
35,Gowlipura,0.003,2027,56.493918378226624,0.9787812357046782,high,59.207,57.806,60.64,yellow,red,yellow,False
36,Lalithabagh,0.003,2027,60.9936752399674,0.2493068256822851,high,61.728,60.264,63.225,red,red,red,False
37,Kurmaguda,0.003,2027,53.21065805634374,1.6138511082829068,high,57.486,56.128,58.874,yellow,red,yellow,False
38,IS Sadan,0.003,2027,50.903382278256245,0.4328569270634345,high,51.971,50.74,53.231,yellow,red,yellow,False
39,Santhosh Nagar,0.003,2027,87.05480033290863,1.132188665928123,high,91.908,89.734,94.131,red,red,red,False
40,Riyasat Nagar,0.003,2027,48.76797889121786,0.9293625671614378,high,50.99,49.783,52.224,yellow,red,yellow,False
41,Kanchanbagh,0.003,2027,27.99700389247989,-1.2896429266644192,high,26.313,25.686,26.954,green,yellow,green,False
42,Barkas,0.003,2027,26.331065316798163,-1.258207265745745,high,24.785,24.195,25.389,green,yellow,green,False
43,Chandrayangutta,0.003,2027,100.0,0.4678092252598791,high,100.0,99.846,100.0,red,red,red,False
44,Uppuguda,0.003,2027,84.1984381574891,1.3279699608936206,high,89.729,87.608,91.898,red,red,red,False
45,Jangammet,0.003,2027,88.0909551475325,-0.4180408225438882,high,86.34,84.288,88.438,red,red,red,False
46,Falaknuma,0.003,2027,64.54543818387911,1.0054513142637391,high,67.732,66.129,69.371,red,red,red,False
47,Nawab Saheb Kunta,0.003,2027,71.59068518021434,2.0652204558907528,high,79.027,77.163,80.933,red,red,red,False
48,Shalibanda,0.003,2027,86.03085311821755,1.7010517784962498,high,93.331,91.127,95.584,red,red,red,False
49,Ghansi Bazar,0.003,2027,44.152681396066775,-0.3778128855944646,high,43.359,42.329,44.412,yellow,red,yellow,False
50,Begum Bazar,0.003,2027,40.19052230093796,-0.1392765677053707,high,39.923,38.975,40.892,yellow,yellow,yellow,False
51,Goshamahal,0.003,2027,45.8591722706365,-0.2879092694074924,high,45.23,44.155,46.328,yellow,red,yellow,False
52,Puranapool,0.003,2027,43.26058431959793,1.2201977237336403,high,45.865,44.781,46.974,yellow,red,yellow,False
53,Doodh Bowli,0.003,2027,35.17870899961121,1.463964529070159,high,37.734,36.842,38.646,yellow,yellow,yellow,False
54,Jahanuma,0.003,2027,64.24801600179609,1.4615730164364966,high,68.907,67.278,70.572,red,red,red,False
55,Ramnaspura,0.003,2027,71.18246414213033,-0.1114146402887969,high,70.803,69.122,72.522,red,red,red,False
56,Kishanbagh,0.003,2027,77.04853536541036,1.4146710389200807,high,82.45,80.502,84.443,red,red,red,False
57,Suleman Nagar,0.003,2027,76.99644479285818,-0.4480313604288981,high,75.357,73.566,77.189,red,red,red,False
58,Shastripuram,0.003,2027,28.68921071845968,-0.180405344768324,medium,28.442,27.368,29.554,green,yellow,green,False
59,Mailardevpally,0.003,2027,20.58951540177557,-0.1801122593535108,medium,20.412,19.642,21.211,green,yellow,green,False
60,Rajendra Nagar,0.003,2027,73.65513744553293,-0.9390819674715656,medium,70.404,67.742,73.165,red,red,red,False
61,Attapur,0.003,2027,52.62897178556625,-0.4467297140393914,medium,51.512,49.566,53.529,yellow,red,yellow,False
62,Ziaguda,0.003,2027,44.16434789047906,0.0518968249033311,high,44.274,43.224,45.349,yellow,red,yellow,False
63,Mangalhat,0.003,2027,79.11473297610773,0.3318093496899421,high,80.384,78.478,82.333,red,red,red,False
64,Dattatreya Nagar,0.003,2027,55.05533946935907,1.3544389521220646,high,58.746,57.357,60.166,yellow,red,yellow,False
65,Karwan,0.003,2027,51.13889312976245,-0.5500300926199667,high,49.805,48.621,51.016,yellow,red,yellow,False
66,Langar Houz,0.003,2027,59.1014035978671,-1.2974259297015354,high,55.526,54.203,56.879,yellow,red,yellow,False
67,Golconda,0.003,2027,21.117158900647134,-0.5851514488763694,high,20.532,20.044,21.031,green,yellow,green,False
68,Tolichowki,0.003,2027,41.52822852989487,-0.9801644834101492,high,39.617,38.674,40.581,yellow,red,yellow,False
69,Nanal Nagar,0.003,2027,39.61177580373081,-2.613632813527113,high,34.924,34.089,35.779,yellow,yellow,yellow,False
70,Mehdipatnam,0.003,2027,69.63442081219291,1.2475460714031446,high,73.923,72.176,75.711,red,red,red,False
71,Gudimalkapur,0.003,2027,51.82546600577277,0.038654445441875,high,51.922,50.69,53.182,yellow,red,yellow,False
72,Asif Nagar,0.003,2027,55.79434621190427,2.1316872198970773,high,61.785,60.328,63.275,red,red,yellow,False
73,Vijay Nagar Colony,0.003,2027,24.26258956311994,0.3115047509139297,high,24.628,24.044,25.225,green,yellow,green,False
74,Ahmed Nagar,0.003,2027,28.007367427191166,-0.6472238396491768,high,27.15,26.504,27.81,green,yellow,green,False
75,Red Hills,0.003,2027,44.93343295987682,-0.7563388253390277,high,43.33,42.299,44.384,yellow,red,yellow,False
76,Mallepally,0.003,2027,33.97705489011329,1.0756152894879536,high,35.774,34.928,36.64,yellow,yellow,yellow,False
77,Jambagh,0.003,2027,43.44741579462619,-0.2515658435493526,high,42.926,41.906,43.968,yellow,red,yellow,False
78,Gunfoundry,0.003,2027,6.960032118674664,-0.7493443110156411,high,6.714,6.554,6.877,green,green,green,False
79,Himayath Nagar,0.003,2027,20.974928100883787,-0.1576344585207288,high,20.817,20.323,21.322,green,yellow,green,False
80,Kachiguda,0.003,2027,19.42849792452408,0.1850218053549822,high,19.602,19.137,20.077,green,yellow,green,False
81,Nallakunta,0.003,2027,7.769430090742621,1.1675504862218826,high,8.216,8.022,8.415,green,green,green,False
82,Golnaka,0.003,2027,30.01774766250485,-0.3732736978120915,high,29.484,28.784,30.201,green,yellow,yellow,False
83,Amberpet,0.003,2027,34.01718722014084,0.1687267494379467,high,34.294,33.48,35.126,yellow,yellow,yellow,False
84,Bagh Amberpet,0.003,2027,46.90842388010578,1.0225275829530651,high,49.264,48.099,50.457,yellow,red,yellow,False
85,Adikmet,0.003,2027,21.31739578000518,0.9878203680386444,high,22.351,21.822,22.892,green,yellow,green,False
86,Musheerabad,0.003,2027,11.418124454267833,1.0355921420873242,high,11.999,11.715,12.289,green,green,green,False
87,Ramnagar,0.003,2027,2.7051762558043446,0.7424792276464005,high,2.803,2.737,2.871,green,green,green,False
88,Bholakpur,0.003,2027,2.762742622896244,1.8469382196141768,high,3.018,2.947,3.091,green,green,green,False
89,Gandhinagar,0.003,2027,12.619273413964455,-0.0397458331221889,high,12.595,12.296,12.901,green,green,green,False
90,Kavadiguda,0.003,2027,16.19239365863485,-0.9849690908031232,high,15.444,15.076,15.82,green,green,green,False
91,Khairatabad,0.003,2027,36.111745370154594,-1.3989996173421488,high,33.762,32.957,34.585,yellow,yellow,yellow,False
92,Venkateshwara Colony,0.003,2027,46.39473156432174,-0.7693357220709376,high,44.711,43.647,45.799,yellow,red,yellow,False
93,Banjara Hills,0.003,2027,8.24107584819368,0.2633900483903478,high,8.346,8.148,8.548,green,green,green,False
94,Shaikpet,0.003,2027,17.406634351778855,-0.4324772035351038,high,17.049,16.644,17.463,green,green,green,False
95,Jubilee Hills,0.003,2027,10.16211106582204,0.0759442611884154,high,10.199,9.957,10.447,green,green,green,False
96,Yousufguda,0.003,2027,39.82214631865089,0.1058633633407602,high,40.025,39.075,40.996,yellow,yellow,yellow,False
97,Somajiguda,0.003,2027,5.713789420896817,-0.2148345909592047,high,5.655,5.521,5.793,green,green,green,False
98,Ameerpet,0.003,2027,9.527142865662022,-0.3813302521334278,high,9.354,9.132,9.582,green,green,green,False
99,Vengal Rao Nagar,0.003,2027,5.107012579321559,-1.2823679168242188,high,4.802,4.687,4.919,green,green,green,False
100,Sanath Nagar,0.003,2027,14.7939148502979,0.0230449450488361,high,14.81,14.459,15.17,green,green,green,False
101,Erragadda,0.003,2027,19.20446431665971,-0.095373247413698,high,19.117,18.663,19.581,green,green,green,False
102,Rahmath Nagar,0.003,2027,36.56663934247633,1.4648526501558925,high,39.224,38.297,40.172,yellow,yellow,yellow,False
103,Borabanda,0.003,2027,18.068262967223465,1.7058059194524018,high,19.606,19.143,20.079,green,green,green,False
104,Kondapur,0.003,2027,7.067330747307282,-0.3333832947624257,medium,6.955,6.693,7.227,green,green,green,False
105,Gachibowli,0.003,2027,33.89004956015616,-1.335300581870413,medium,31.782,30.579,33.03,yellow,yellow,yellow,False
106,Serilingampally,0.003,2027,20.062343353707377,-1.1642127132808069,medium,18.97,18.252,19.714,green,yellow,green,False
107,Madhapur,0.003,2027,43.47608434217619,-1.2053323744009423,medium,41.028,39.475,42.638,yellow,red,yellow,False
108,Miyapur,0.003,2027,44.036763958648685,-1.8452321495441515,medium,40.294,38.766,41.879,yellow,red,yellow,False
109,Hafeezpet,0.003,2027,15.891136890618789,-0.5382408083741963,medium,15.486,14.901,16.092,green,green,green,False
110,Chandanagar,0.003,2027,45.39580629905416,-0.7299899718887063,medium,43.831,42.174,45.549,yellow,red,yellow,False
111,Bharati Nagar,0.003,2027,27.75373575427334,0.6479893373604294,medium,28.63,27.552,29.747,green,yellow,green,False
112,Ramachandrapuram,0.003,2027,35.53806010277442,-0.6950680927427123,medium,34.371,33.072,35.717,yellow,yellow,yellow,False
113,Patancheruvu,0.003,2027,21.88147546394043,-0.1116113499137126,medium,21.765,20.943,22.616,green,yellow,green,False
114,KPHB Colony,0.003,2027,19.96869435148323,-0.854960642239448,medium,19.165,18.44,19.916,green,yellow,green,False
115,Balaji Nagar,0.003,2027,27.046318929516605,-0.8279880216645622,medium,25.991,25.009,27.01,green,yellow,green,False
116,Allapur,0.003,2027,35.98419951051559,-0.4434074512372561,high,35.226,34.389,36.082,yellow,yellow,yellow,False
117,Moosapet,0.003,2027,6.384451177722012,1.077366052720513,medium,6.723,6.47,6.985,green,green,green,False
118,Fateh Nagar,0.003,2027,34.73595281677105,-0.227255162984858,medium,34.359,33.062,35.703,yellow,yellow,yellow,False
119,Old Bowenpally,0.003,2027,34.7194404275402,-0.1220840225375822,medium,34.517,33.214,35.867,yellow,yellow,yellow,False
120,Balanagar,0.003,2027,29.78165210311819,-0.3040215811691819,medium,29.35,28.242,30.499,green,yellow,green,False
121,Kukatpally,0.003,2027,25.66790810753259,0.2101305426171462,medium,25.928,24.951,26.941,green,yellow,green,False
122,Vivekananda Nagar Colony,0.003,2027,17.80929141732565,0.5669783715850022,medium,18.3,17.611,19.014,green,green,green,False
123,Hydernagar,0.003,2027,19.3376703234939,-0.823771619388124,medium,18.587,17.884,19.316,green,green,green,False
124,Alwyn Colony,0.003,2027,19.76845848874945,-0.6509631812334818,medium,19.16,18.436,19.91,green,yellow,green,False
125,Gajularamaram,0.003,2027,44.819120029158114,-0.4994060610750858,medium,43.757,42.104,45.47,yellow,red,yellow,False
126,Jagathgirigutta,0.003,2027,34.35870622053157,1.3217428606803272,medium,36.605,35.229,38.03,yellow,yellow,yellow,False
127,Rangareddy Nagar,0.003,2027,15.903728398729708,0.6944524879063165,medium,16.442,15.823,17.084,green,green,green,False
128,Chintal,0.003,2027,22.6982079591826,-0.8305096792744869,medium,21.81,20.985,22.665,green,yellow,green,False
129,Suraram,0.003,2027,21.92585195322159,-0.5599901558641079,medium,21.344,20.538,22.18,green,yellow,green,False
130,Subash Nagar,0.003,2027,19.302317114008787,1.556116772492067,medium,20.796,20.015,21.605,green,green,green,False
131,Quthbullapur,0.003,2027,21.53230215035172,0.7968932978788363,medium,22.371,21.529,23.243,green,yellow,green,False
132,Jeedimetla,0.003,2027,3.5435291292938405,-2.1517589469283225,medium,3.195,3.073,3.32,green,green,green,False
133,Macha Bolarum,0.003,2027,17.505839258584594,-0.964618482398706,medium,16.713,16.081,17.368,green,green,green,False
134,Alwal,0.003,2027,1.8761500238512907,-0.7004129217321453,medium,1.814,1.745,1.885,green,green,green,False
135,Venkatapuram,0.003,2027,13.51242378072557,-0.061215478116265,medium,13.473,12.965,14.0,green,green,green,False
136,Neredmet,0.003,2027,26.47244201687729,-1.1940273826135988,medium,24.995,24.049,25.976,green,yellow,green,False
137,Vinayak Nagar,0.003,2027,8.644771782065238,-0.0237626512984603,medium,8.635,8.309,8.973,green,green,green,False
138,Moula Ali,0.003,2027,7.4954029904765616,-0.7271095077317318,medium,7.238,6.964,7.522,green,green,green,False
139,East Anand Bagh,0.003,2027,11.557507079625998,-1.2478173949549038,medium,10.884,10.472,11.312,green,green,green,False
140,Malkajgiri,0.003,2027,13.273932289664684,-0.186982570333785,medium,13.155,12.659,13.67,green,green,green,False
141,Gautham Nagar,0.003,2027,0.0,0.7499738387398407,medium,0.0,0.0,0.0,green,green,green,False
142,Addagutta,0.003,2027,17.955381103962143,-1.943585749924028,high,16.352,15.961,16.751,green,green,green,False
143,Tarnaka,0.003,2027,28.16093587267949,-0.7628032837091792,high,27.147,26.502,27.808,green,yellow,green,False
144,Mettuguda,0.003,2027,21.6562832458312,-1.9834249709241272,high,19.684,19.214,20.165,green,yellow,green,False
145,Seethaphalmandi,0.003,2027,12.207832932801546,0.6589686916186875,high,12.6,12.301,12.905,green,green,green,False
146,Boudha Nagar,0.003,2027,13.14755833226356,1.9925054961413744,high,14.463,14.122,14.812,green,green,green,False
147,Bansilapet,0.003,2027,17.53007251690914,0.3816116608958022,high,17.854,17.431,18.287,green,green,green,False
148,Ramgopalpet,0.003,2027,20.97904794778243,0.0044675574935337,high,20.984,20.486,21.493,green,yellow,green,False
149,Begumpet,0.003,2027,8.468095173322224,-2.309027503808858,high,7.577,7.396,7.762,green,green,green,False
150,Monda Market,0.003,2027,16.341814374920414,-0.1503865519143823,high,16.224,15.839,16.618,green,green,green,False
1,Kapra,0.003,2030,12.680121752894491,-0.9836604016040716,medium,11.988,11.451,12.548,green,green,green,False
2,Dr A S Rao Nagar,0.003,2030,18.734283678123067,-0.8201467463420009,medium,17.878,17.078,18.713,green,green,green,False
3,Cherlapally,0.003,2030,15.260463530416216,-0.8381377631619515,medium,14.548,13.897,15.227,green,green,green,False
4,Meerpet H.B Colony,0.003,2030,17.05792916128591,-1.437493334299398,medium,15.713,15.009,16.449,green,green,green,False
5,Mallapur,0.003,2030,20.364108719543964,-0.4416254076115704,medium,19.858,18.97,20.784,green,yellow,green,False
6,Nacharam,0.003,2030,16.538931170534777,-0.0590221287329923,medium,16.483,15.748,17.252,green,green,green,False
7,Chilka Nagar,0.003,2030,22.05179015402969,-0.6819313187473569,medium,21.21,20.262,22.201,green,yellow,green,False
8,Habsiguda,0.003,2030,12.640284345398712,-1.6055937614633926,medium,11.532,11.015,12.072,green,green,green,False
9,Ramanthapur,0.003,2030,24.596846231804847,0.8664717260671129,medium,25.841,24.69,27.041,green,yellow,green,False
10,Uppal,0.003,2030,19.199611830304487,-0.5745750317151831,medium,18.58,17.75,19.448,green,green,green,False
11,Nagole,0.003,2030,9.537590924310026,-0.7905185713537645,medium,9.117,8.709,9.543,green,green,green,False
12,Mansoorabad,0.003,2030,26.841117123806374,0.0946510927359304,medium,26.986,25.782,28.243,green,yellow,green,False
13,Hayath Nagar,0.003,2030,22.86664227967571,-0.948309231773872,medium,21.662,20.692,22.674,green,yellow,green,False
14,BN Reddy Nagar,0.003,2030,21.15247131245172,-0.4028192029372512,medium,20.672,19.748,21.637,green,yellow,green,False
15,Vanasthalipuram,0.003,2030,12.480989556805442,0.1311293812205049,medium,12.575,12.014,13.16,green,green,green,False
16,Hasthinapuram,0.003,2030,13.317476167785204,-0.1419084756440861,medium,13.21,12.62,13.826,green,green,green,False
17,Champapet,0.003,2030,10.119797915818294,0.2862280859610283,medium,10.286,9.828,10.765,green,green,green,False
18,Lingojiguda,0.003,2030,20.463149965933763,0.0157130745260558,medium,20.481,19.567,21.436,green,yellow,green,False
19,Saroornagar,0.003,2030,23.3003115523946,-0.4762623821501535,medium,22.676,21.662,23.734,green,yellow,green,False
20,RK Puram,0.003,2030,17.312657445883733,0.9644110007938708,medium,18.29,17.476,19.139,green,green,green,False
21,Kothapet,0.003,2030,54.680740790110846,0.4543386486826762,medium,56.114,53.613,58.726,yellow,red,yellow,False
22,Chaitanyapuri,0.003,2030,68.58888362743684,0.7488287977554536,medium,71.576,68.389,74.904,red,red,red,False
23,Gaddiannaram,0.003,2030,63.46909795336673,1.5244080650695295,high,69.217,67.279,71.207,red,red,red,False
24,Saidabad,0.003,2030,67.81063469612425,0.7634837398766253,high,70.823,68.836,72.864,red,red,red,False
25,Moosarambagh,0.003,2030,66.58283839773247,1.007449144089618,high,70.512,68.535,72.543,red,red,red,False
26,Old Malakpet,0.003,2030,48.20784105626365,-0.8355527248936624,high,45.963,44.667,47.294,yellow,red,yellow,False
27,Akbarbagh,0.003,2030,56.956197126707295,0.1430106944756923,high,57.422,55.808,59.08,yellow,red,yellow,False
28,Azampura,0.003,2030,53.26153041106591,0.1995536480316407,high,53.871,52.357,55.426,yellow,red,yellow,False
29,Chawni,0.003,2030,65.3631822060597,1.138192531834751,high,69.737,67.782,71.744,red,red,red,False
30,Dabeerpura,0.003,2030,45.38405832109515,0.0634785470297453,high,45.549,44.268,46.864,yellow,red,yellow,False
31,Rein Bazar,0.003,2030,62.38436857967638,1.2266326964665648,high,66.894,65.02,68.819,red,red,red,False
32,Patthergatti,0.003,2030,30.26099353464391,1.0313634009799733,high,32.09,31.191,33.015,yellow,yellow,yellow,False
33,Moghalpura,0.003,2030,26.707543459025928,1.2277389456226209,high,28.64,27.837,29.464,green,yellow,green,False
34,Talab Chanchalam,0.003,2030,43.59999704543002,2.8358558015753537,high,51.214,49.786,52.681,yellow,red,yellow,False
35,Gowlipura,0.003,2030,56.493918378226624,0.9787812357046782,high,59.73,58.056,61.451,yellow,red,yellow,False
36,Lalithabagh,0.003,2030,60.9936752399674,0.2493068256822851,high,61.866,60.128,63.652,red,red,red,False
37,Kurmaguda,0.003,2030,53.21065805634374,1.6138511082829068,high,58.325,56.693,60.001,yellow,red,yellow,False
38,IS Sadan,0.003,2030,50.903382278256245,0.4328569270634345,high,52.174,50.709,53.679,yellow,red,yellow,False
39,Santhosh Nagar,0.003,2030,87.05480033290863,1.132188665928123,high,92.848,90.246,95.521,red,red,red,False
40,Riyasat Nagar,0.003,2030,48.76797889121786,0.9293625671614378,high,51.417,49.975,52.898,yellow,red,yellow,False
41,Kanchanbagh,0.003,2030,27.99700389247989,-1.2896429266644192,high,26.009,25.275,26.763,green,yellow,green,False
42,Barkas,0.003,2030,26.331065316798163,-1.258207265745745,high,24.505,23.814,25.216,green,yellow,green,False
43,Chandrayangutta,0.003,2030,100.0,0.4678092252598791,high,100.0,99.817,100.0,red,red,red,False
44,Uppuguda,0.003,2030,84.1984381574891,1.3279699608936206,high,90.806,88.262,93.418,red,red,red,False
45,Jangammet,0.003,2030,88.0909551475325,-0.4180408225438882,high,86.015,83.594,88.503,red,red,red,False
46,Falaknuma,0.003,2030,64.54543818387911,1.0054513142637391,high,68.347,66.431,70.315,red,red,red,False
47,Nawab Saheb Kunta,0.003,2030,71.59068518021434,2.0652204558907528,high,80.505,78.255,82.816,red,red,red,False
48,Shalibanda,0.003,2030,86.03085311821755,1.7010517784962498,high,94.767,92.115,97.49,red,red,red,False
49,Ghansi Bazar,0.003,2030,44.152681396066775,-0.3778128855944646,high,43.211,41.995,44.461,yellow,red,yellow,False
50,Begum Bazar,0.003,2030,40.19052230093796,-0.1392765677053707,high,39.873,38.751,41.025,yellow,yellow,yellow,False
51,Goshamahal,0.003,2030,45.8591722706365,-0.2879092694074924,high,45.112,43.843,46.417,yellow,red,yellow,False
52,Puranapool,0.003,2030,43.26058431959793,1.2201977237336403,high,46.371,45.071,47.705,yellow,red,yellow,False
53,Doodh Bowli,0.003,2030,35.17870899961121,1.463964529070159,high,38.233,37.163,39.333,yellow,yellow,yellow,False
54,Jahanuma,0.003,2030,64.24801600179609,1.4615730164364966,high,69.817,67.862,71.825,red,red,red,False
55,Ramnaspura,0.003,2030,71.18246414213033,-0.1114146402887969,high,70.732,68.742,72.776,red,red,red,False
56,Kishanbagh,0.003,2030,77.04853536541036,1.4146710389200807,high,83.505,81.166,85.907,red,red,red,False
57,Suleman Nagar,0.003,2030,76.99644479285818,-0.4480313604288981,high,75.054,72.941,77.225,red,red,red,False
58,Shastripuram,0.003,2030,28.68921071845968,-0.180405344768324,medium,28.396,27.128,29.72,green,yellow,green,False
59,Mailardevpally,0.003,2030,20.58951540177557,-0.1801122593535108,medium,20.379,19.469,21.329,green,yellow,green,False
60,Rajendra Nagar,0.003,2030,73.65513744553293,-0.9390819674715656,medium,69.811,66.687,73.073,red,red,red,False
61,Attapur,0.003,2030,52.62897178556625,-0.4467297140393914,medium,51.305,49.012,53.699,yellow,red,yellow,False
62,Ziaguda,0.003,2030,44.16434789047906,0.0518968249033311,high,44.295,43.05,45.575,yellow,red,yellow,False
63,Mangalhat,0.003,2030,79.11473297610773,0.3318093496899421,high,80.625,78.36,82.951,red,red,red,False
64,Dattatreya Nagar,0.003,2030,55.05533946935907,1.3544389521220646,high,59.465,57.799,61.176,yellow,red,yellow,False
65,Karwan,0.003,2030,51.13889312976245,-0.5500300926199667,high,49.559,48.163,50.993,yellow,red,yellow,False
66,Langar Houz,0.003,2030,59.1014035978671,-1.2974259297015354,high,54.88,53.331,56.472,yellow,red,yellow,False
67,Golconda,0.003,2030,21.117158900647134,-0.5851514488763694,high,20.424,19.849,21.015,green,yellow,green,False
68,Tolichowki,0.003,2030,41.52822852989487,-0.9801644834101492,high,39.268,38.161,40.406,yellow,red,yellow,False
69,Nanal Nagar,0.003,2030,39.61177580373081,-2.613632813527113,high,34.109,33.142,35.102,yellow,yellow,yellow,False
70,Mehdipatnam,0.003,2030,69.63442081219291,1.2475460714031446,high,74.757,72.662,76.908,red,red,red,False
71,Gudimalkapur,0.003,2030,51.82546600577277,0.038654445441875,high,51.94,50.479,53.44,yellow,red,yellow,False
72,Asif Nagar,0.003,2030,55.79434621190427,2.1316872198970773,high,62.978,61.219,64.786,red,red,yellow,False
73,Vijay Nagar Colony,0.003,2030,24.26258956311994,0.3115047509139297,high,24.697,24.003,25.41,green,yellow,green,False
74,Ahmed Nagar,0.003,2030,28.007367427191166,-0.6472238396491768,high,26.992,26.232,27.773,green,yellow,green,False
75,Red Hills,0.003,2030,44.93343295987682,-0.7563388253390277,high,43.035,41.823,44.281,yellow,red,yellow,False
76,Mallepally,0.003,2030,33.97705489011329,1.0756152894879536,high,36.122,35.109,37.162,yellow,yellow,yellow,False
77,Jambagh,0.003,2030,43.44741579462619,-0.2515658435493526,high,42.829,41.623,44.067,yellow,red,yellow,False
78,Gunfoundry,0.003,2030,6.960032118674664,-0.7493443110156411,high,6.669,6.481,6.862,green,green,green,False
79,Himayath Nagar,0.003,2030,20.974928100883787,-0.1576344585207288,high,20.787,20.202,21.388,green,yellow,green,False
80,Kachiguda,0.003,2030,19.42849792452408,0.1850218053549822,high,19.634,19.083,20.201,green,yellow,green,False
81,Nallakunta,0.003,2030,7.769430090742621,1.1675504862218826,high,8.303,8.07,8.542,green,green,green,False
82,Golnaka,0.003,2030,30.01774766250485,-0.3732736978120915,high,29.385,28.558,30.235,green,yellow,yellow,False
83,Amberpet,0.003,2030,34.01718722014084,0.1687267494379467,high,34.346,33.381,35.338,yellow,yellow,yellow,False
84,Bagh Amberpet,0.003,2030,46.90842388010578,1.0225275829530651,high,49.719,48.325,51.151,yellow,red,yellow,False
85,Adikmet,0.003,2030,21.31739578000518,0.9878203680386444,high,22.55,21.918,23.2,green,yellow,green,False
86,Musheerabad,0.003,2030,11.418124454267833,1.0355921420873242,high,12.111,11.772,12.46,green,green,green,False
87,Ramnagar,0.003,2030,2.7051762558043446,0.7424792276464005,high,2.822,2.743,2.903,green,green,green,False
88,Bholakpur,0.003,2030,2.762742622896244,1.8469382196141768,high,3.069,2.983,3.157,green,green,green,False
89,Gandhinagar,0.003,2030,12.619273413964455,-0.0397458331221889,high,12.591,12.237,12.954,green,green,green,False
90,Kavadiguda,0.003,2030,16.19239365863485,-0.9849690908031232,high,15.307,14.875,15.751,green,green,green,False
91,Khairatabad,0.003,2030,36.111745370154594,-1.3989996173421488,high,33.338,32.397,34.306,yellow,yellow,yellow,False
92,Venkateshwara Colony,0.003,2030,46.39473156432174,-0.7693357220709376,high,44.402,43.151,45.688,yellow,red,yellow,False
93,Banjara Hills,0.003,2030,8.24107584819368,0.2633900483903478,high,8.366,8.131,8.607,green,green,green,False
94,Shaikpet,0.003,2030,17.406634351778855,-0.4324772035351038,high,16.983,16.504,17.474,green,green,green,False
95,Jubilee Hills,0.003,2030,10.16211106582204,0.0759442611884154,high,10.206,9.919,10.501,green,green,green,False
96,Yousufguda,0.003,2030,39.82214631865089,0.1058633633407602,high,40.063,38.937,41.22,yellow,yellow,yellow,False
97,Somajiguda,0.003,2030,5.713789420896817,-0.2148345909592047,high,5.644,5.485,5.807,green,green,green,False
98,Ameerpet,0.003,2030,9.527142865662022,-0.3813302521334278,high,9.322,9.06,9.592,green,green,green,False
99,Vengal Rao Nagar,0.003,2030,5.107012579321559,-1.2823679168242188,high,4.746,4.612,4.884,green,green,green,False
100,Sanath Nagar,0.003,2030,14.7939148502979,0.0230449450488361,high,14.813,14.397,15.241,green,green,green,False
101,Erragadda,0.003,2030,19.20446431665971,-0.095373247413698,high,19.1,18.563,19.652,green,green,green,False
102,Rahmath Nagar,0.003,2030,36.56663934247633,1.4648526501558925,high,39.744,38.631,40.887,yellow,yellow,yellow,False
103,Borabanda,0.003,2030,18.068262967223465,1.7058059194524018,high,19.908,19.351,20.481,green,green,green,False
104,Kondapur,0.003,2030,7.067330747307282,-0.3333832947624257,medium,6.934,6.624,7.258,green,green,green,False
105,Gachibowli,0.003,2030,33.89004956015616,-1.335300581870413,medium,31.402,29.995,32.871,yellow,yellow,yellow,False
106,Serilingampally,0.003,2030,20.062343353707377,-1.1642127132808069,medium,18.772,17.931,19.65,green,yellow,green,False
107,Madhapur,0.003,2030,43.47608434217619,-1.2053323744009423,medium,40.584,38.767,42.483,yellow,red,yellow,False
108,Miyapur,0.003,2030,44.036763958648685,-1.8452321495441515,medium,39.629,37.851,41.486,yellow,red,yellow,False
109,Hafeezpet,0.003,2030,15.891136890618789,-0.5382408083741963,medium,15.411,14.722,16.13,green,green,green,False
110,Chandanagar,0.003,2030,45.39580629905416,-0.7299899718887063,medium,43.544,41.596,45.577,yellow,red,yellow,False
111,Bharati Nagar,0.003,2030,27.75373575427334,0.6479893373604294,medium,28.797,27.514,30.136,green,yellow,green,False
112,Ramachandrapuram,0.003,2030,35.53806010277442,-0.6950680927427123,medium,34.156,32.629,35.751,yellow,yellow,yellow,False
113,Patancheruvu,0.003,2030,21.88147546394043,-0.1116113499137126,medium,21.743,20.772,22.756,green,yellow,green,False
114,KPHB Colony,0.003,2030,19.96869435148323,-0.854960642239448,medium,19.018,18.167,19.906,green,yellow,green,False
115,Balaji Nagar,0.003,2030,27.046318929516605,-0.8279880216645622,medium,25.798,24.644,27.003,green,yellow,green,False
116,Allapur,0.003,2030,35.98419951051559,-0.4434074512372561,high,35.086,34.098,36.1,yellow,yellow,yellow,False
117,Moosapet,0.003,2030,6.384451177722012,1.077366052720513,medium,6.788,6.486,7.103,green,green,green,False
118,Fateh Nagar,0.003,2030,34.73595281677105,-0.227255162984858,medium,34.289,32.757,35.888,yellow,yellow,yellow,False
119,Old Bowenpally,0.003,2030,34.7194404275402,-0.1220840225375822,medium,34.479,32.939,36.086,yellow,yellow,yellow,False
120,Balanagar,0.003,2030,29.78165210311819,-0.3040215811691819,medium,29.27,27.962,30.635,green,yellow,green,False
121,Kukatpally,0.003,2030,25.66790810753259,0.2101305426171462,medium,25.977,24.818,27.187,green,yellow,green,False
122,Vivekananda Nagar Colony,0.003,2030,17.80929141732565,0.5669783715850022,medium,18.394,17.574,19.249,green,green,green,False
123,Hydernagar,0.003,2030,19.3376703234939,-0.823771619388124,medium,18.45,17.624,19.311,green,green,green,False
124,Alwyn Colony,0.003,2030,19.76845848874945,-0.6509631812334818,medium,19.048,18.196,19.937,green,yellow,green,False
125,Gajularamaram,0.003,2030,44.819120029158114,-0.4994060610750858,medium,43.56,41.613,45.593,yellow,red,yellow,False
126,Jagathgirigutta,0.003,2030,34.35870622053157,1.3217428606803272,medium,37.042,35.395,38.761,yellow,yellow,yellow,False
127,Rangareddy Nagar,0.003,2030,15.903728398729708,0.6944524879063165,medium,16.545,15.808,17.315,green,green,green,False
128,Chintal,0.003,2030,22.6982079591826,-0.8305096792744869,medium,21.647,20.679,22.659,green,yellow,green,False
129,Suraram,0.003,2030,21.92585195322159,-0.5599901558641079,medium,21.236,20.287,22.228,green,yellow,green,False
130,Subash Nagar,0.003,2030,19.302317114008787,1.556116772492067,medium,21.088,20.151,22.066,green,green,green,False
131,Quthbullapur,0.003,2030,21.53230215035172,0.7968932978788363,medium,22.532,21.528,23.579,green,yellow,green,False
132,Jeedimetla,0.003,2030,3.5435291292938405,-2.1517589469283225,medium,3.133,2.993,3.28,green,green,green,False
133,Macha Bolarum,0.003,2030,17.505839258584594,-0.964618482398706,medium,16.568,15.826,17.342,green,green,green,False
134,Alwal,0.003,2030,1.8761500238512907,-0.7004129217321453,medium,1.803,1.722,1.887,green,green,green,False
135,Venkatapuram,0.003,2030,13.51242378072557,-0.061215478116265,medium,13.465,12.864,14.093,green,green,green,False
136,Neredmet,0.003,2030,26.47244201687729,-1.1940273826135988,medium,24.728,23.62,25.884,green,yellow,green,False
137,Vinayak Nagar,0.003,2030,8.644771782065238,-0.0237626512984603,medium,8.633,8.248,9.035,green,green,green,False
138,Moula Ali,0.003,2030,7.4954029904765616,-0.7271095077317318,medium,7.191,6.869,7.527,green,green,green,False
139,East Anand Bagh,0.003,2030,11.557507079625998,-1.2478173949549038,medium,10.763,10.281,11.266,green,green,green,False
140,Malkajgiri,0.003,2030,13.273932289664684,-0.186982570333785,medium,13.133,12.547,13.746,green,green,green,False
141,Gautham Nagar,0.003,2030,0.0,0.7499738387398407,medium,0.0,0.0,0.0,green,green,green,False
142,Addagutta,0.003,2030,17.955381103962143,-1.943585749924028,high,16.067,15.613,16.534,green,green,green,False
143,Tarnaka,0.003,2030,28.16093587267949,-0.7628032837091792,high,26.961,26.202,27.742,green,yellow,green,False
144,Mettuguda,0.003,2030,21.6562832458312,-1.9834249709241272,high,19.335,18.788,19.897,green,yellow,green,False
145,Seethaphalmandi,0.003,2030,12.207832932801546,0.6589686916186875,high,12.675,12.319,13.04,green,green,green,False
146,Boudha Nagar,0.003,2030,13.14755833226356,1.9925054961413744,high,14.724,14.312,15.147,green,green,green,False
147,Bansilapet,0.003,2030,17.53007251690914,0.3816116608958022,high,17.915,17.412,18.432,green,green,green,False
148,Ramgopalpet,0.003,2030,20.97904794778243,0.0044675574935337,high,20.984,20.394,21.591,green,yellow,green,False
149,Begumpet,0.003,2030,8.468095173322224,-2.309027503808858,high,7.42,7.21,7.636,green,green,green,False
150,Monda Market,0.003,2030,16.341814374920414,-0.1503865519143823,high,16.202,15.747,16.671,green,green,green,False
1,Kapra,0.005,2025,12.680121752894491,-0.9836604016040716,medium,11.834,11.186,12.518,green,green,green,False
2,Dr A S Rao Nagar,0.005,2025,18.734283678123067,-0.8201467463420009,medium,17.687,16.718,18.708,green,green,green,False
3,Cherlapally,0.005,2025,15.260463530416216,-0.8381377631619515,medium,14.389,13.601,15.22,green,green,green,False
4,Meerpet H.B Colony,0.005,2025,17.05792916128591,-1.437493334299398,medium,15.419,14.572,16.312,green,green,green,False
5,Mallapur,0.005,2025,20.364108719543964,-0.4416254076115704,medium,19.744,18.664,20.881,green,yellow,green,False
6,Nacharam,0.005,2025,16.538931170534777,-0.0590221287329923,medium,16.471,15.572,17.418,green,green,green,False
7,Chilka Nagar,0.005,2025,22.05179015402969,-0.6819313187473569,medium,21.022,19.871,22.235,green,yellow,green,False
8,Habsiguda,0.005,2025,12.640284345398712,-1.6055937614633926,medium,11.291,10.67,11.946,green,green,green,False
9,Ramanthapur,0.005,2025,24.596846231804847,0.8664717260671129,medium,26.131,24.712,27.627,green,yellow,green,False
10,Uppal,0.005,2025,19.199611830304487,-0.5745750317151831,medium,18.442,17.433,19.505,green,green,green,False
11,Nagole,0.005,2025,9.537590924310026,-0.7905185713537645,medium,9.023,8.529,9.544,green,green,green,False
12,Mansoorabad,0.005,2025,26.841117123806374,0.0946510927359304,medium,27.02,25.546,28.572,green,yellow,green,False
13,Hayath Nagar,0.005,2025,22.86664227967571,-0.948309231773872,medium,21.395,20.222,22.63,green,yellow,green,False
14,BN Reddy Nagar,0.005,2025,21.15247131245172,-0.4028192029372512,medium,20.564,19.439,21.748,green,yellow,green,False
15,Vanasthalipuram,0.005,2025,12.480989556805442,0.1311293812205049,medium,12.596,11.909,13.32,green,green,green,False
16,Hasthinapuram,0.005,2025,13.317476167785204,-0.1419084756440861,medium,13.186,12.466,13.944,green,green,green,False
17,Champapet,0.005,2025,10.119797915818294,0.2862280859610283,medium,10.324,9.762,10.917,green,green,green,False
18,Lingojiguda,0.005,2025,20.463149965933763,0.0157130745260558,medium,20.486,19.368,21.663,green,yellow,green,False
19,Saroornagar,0.005,2025,23.3003115523946,-0.4762623821501535,medium,22.535,21.303,23.834,green,yellow,green,False
20,RK Puram,0.005,2025,17.312657445883733,0.9644110007938708,medium,18.519,17.513,19.578,green,green,green,False
21,Kothapet,0.005,2025,54.680740790110846,0.4543386486826762,medium,56.446,53.372,59.683,yellow,red,yellow,False
22,Chaitanyapuri,0.005,2025,68.58888362743684,0.7488287977554536,medium,72.273,68.344,76.411,red,red,red,False
23,Gaddiannaram,0.005,2025,63.46909795336673,1.5244080650695295,high,70.588,68.175,73.08,red,red,red,False
24,Saidabad,0.005,2025,67.81063469612425,0.7634837398766253,high,71.526,69.072,74.061,red,red,red,False
25,Moosarambagh,0.005,2025,66.58283839773247,1.007449144089618,high,71.435,68.987,73.964,red,red,red,False
26,Old Malakpet,0.005,2025,48.20784105626365,-0.8355527248936624,high,45.464,43.891,47.088,yellow,red,yellow,False
27,Akbarbagh,0.005,2025,56.956197126707295,0.1430106944756923,high,57.529,55.549,59.574,yellow,red,yellow,False
28,Azampura,0.005,2025,53.26153041106591,0.1995536480316407,high,54.01,52.152,55.93,yellow,red,yellow,False
29,Chawni,0.005,2025,65.3631822060597,1.138192531834751,high,70.768,68.345,73.271,red,red,red,False
30,Dabeerpura,0.005,2025,45.38405832109515,0.0634785470297453,high,45.586,44.017,47.207,yellow,red,yellow,False
31,Rein Bazar,0.005,2025,62.38436857967638,1.2266326964665648,high,67.96,65.634,70.362,red,red,red,False
32,Patthergatti,0.005,2025,30.26099353464391,1.0313634009799733,high,32.52,31.406,33.671,yellow,yellow,yellow,False
33,Moghalpura,0.005,2025,26.707543459025928,1.2277389456226209,high,29.097,28.101,30.125,green,yellow,green,False
34,Talab Chanchalam,0.005,2025,43.59999704543002,2.8358558015753537,high,53.1,51.296,54.962,yellow,red,yellow,False
35,Gowlipura,0.005,2025,56.493918378226624,0.9787812357046782,high,60.49,58.417,62.631,red,red,yellow,False
36,Lalithabagh,0.005,2025,60.9936752399674,0.2493068256822851,high,62.067,59.932,64.272,red,red,red,False
37,Kurmaguda,0.005,2025,53.21065805634374,1.6138511082829068,high,59.548,57.513,61.649,yellow,red,yellow,False
38,IS Sadan,0.005,2025,50.903382278256245,0.4328569270634345,high,52.468,50.665,54.33,yellow,red,yellow,False
39,Santhosh Nagar,0.005,2025,87.05480033290863,1.132188665928123,high,94.214,90.987,97.546,red,red,red,False
40,Riyasat Nagar,0.005,2025,48.76797889121786,0.9293625671614378,high,52.038,50.254,53.881,yellow,red,yellow,False
41,Kanchanbagh,0.005,2025,27.99700389247989,-1.2896429266644192,high,25.573,24.687,26.489,green,yellow,green,False
42,Barkas,0.005,2025,26.331065316798163,-1.258207265745745,high,24.104,23.269,24.967,green,yellow,green,False
43,Chandrayangutta,0.005,2025,100.0,0.4678092252598791,high,100.0,99.775,100.0,red,red,red,False
44,Uppuguda,0.005,2025,84.1984381574891,1.3279699608936206,high,92.372,89.212,95.636,red,red,red,False
45,Jangammet,0.005,2025,88.0909551475325,-0.4180408225438882,high,85.548,82.596,88.598,red,red,red,False
46,Falaknuma,0.005,2025,64.54543818387911,1.0054513142637391,high,69.24,66.867,71.69,red,red,red,False
47,Nawab Saheb Kunta,0.005,2025,71.59068518021434,2.0652204558907528,high,82.664,79.846,85.575,red,red,red,False
48,Shalibanda,0.005,2025,86.03085311821755,1.7010517784962498,high,96.861,93.553,100.0,red,red,red,False
49,Ghansi Bazar,0.005,2025,44.152681396066775,-0.3778128855944646,high,42.999,41.516,44.532,yellow,red,yellow,False
50,Begum Bazar,0.005,2025,40.19052230093796,-0.1392765677053707,high,39.8,38.429,41.217,yellow,yellow,yellow,False
51,Goshamahal,0.005,2025,45.8591722706365,-0.2879092694074924,high,44.944,43.394,46.545,yellow,red,yellow,False
52,Puranapool,0.005,2025,43.26058431959793,1.2201977237336403,high,47.106,45.493,48.771,yellow,red,yellow,False
53,Doodh Bowli,0.005,2025,35.17870899961121,1.463964529070159,high,38.96,37.628,40.336,yellow,yellow,yellow,False
54,Jahanuma,0.005,2025,64.24801600179609,1.4615730164364966,high,71.143,68.71,73.655,red,red,red,False
55,Ramnaspura,0.005,2025,71.18246414213033,-0.1114146402887969,high,70.629,68.196,73.143,red,red,red,False
56,Kishanbagh,0.005,2025,77.04853536541036,1.4146710389200807,high,85.039,82.131,88.043,red,red,red,False
57,Suleman Nagar,0.005,2025,76.99644479285818,-0.4480313604288981,high,74.617,72.041,77.277,red,red,red,False
58,Shastripuram,0.005,2025,28.68921071845968,-0.180405344768324,medium,28.329,26.782,29.959,green,yellow,green,False
59,Mailardevpally,0.005,2025,20.58951540177557,-0.1801122593535108,medium,20.331,19.221,21.501,green,yellow,green,False
60,Rajendra Nagar,0.005,2025,73.65513744553293,-0.9390819674715656,medium,68.958,65.178,72.941,red,red,red,False
61,Attapur,0.005,2025,52.62897178556625,-0.4467297140393914,medium,51.007,48.218,53.945,yellow,red,yellow,False
62,Ziaguda,0.005,2025,44.16434789047906,0.0518968249033311,high,44.325,42.799,45.901,yellow,red,yellow,False
63,Mangalhat,0.005,2025,79.11473297610773,0.3318093496899421,high,80.972,78.188,83.848,red,red,red,False
64,Dattatreya Nagar,0.005,2025,55.05533946935907,1.3544389521220646,high,60.511,58.441,62.649,red,red,yellow,False
65,Karwan,0.005,2025,51.13889312976245,-0.5500300926199667,high,49.205,47.506,50.96,yellow,red,yellow,False
66,Langar Houz,0.005,2025,59.1014035978671,-1.2974259297015354,high,53.954,52.084,55.887,yellow,red,yellow,False
67,Golconda,0.005,2025,21.117158900647134,-0.5851514488763694,high,20.268,19.568,20.992,green,yellow,green,False
68,Tolichowki,0.005,2025,41.52822852989487,-0.9801644834101492,high,38.768,37.426,40.154,yellow,red,yellow,False
69,Nanal Nagar,0.005,2025,39.61177580373081,-2.613632813527113,high,32.949,31.8,34.137,yellow,yellow,yellow,False
70,Mehdipatnam,0.005,2025,69.63442081219291,1.2475460714031446,high,75.968,73.368,78.654,red,red,red,False
71,Gudimalkapur,0.005,2025,51.82546600577277,0.038654445441875,high,51.966,50.177,53.814,yellow,red,yellow,False
72,Asif Nagar,0.005,2025,55.79434621190427,2.1316872198970773,high,64.722,62.516,67.0,red,red,yellow,False
73,Vijay Nagar Colony,0.005,2025,24.26258956311994,0.3115047509139297,high,24.797,23.944,25.678,green,yellow,green,False
74,Ahmed Nagar,0.005,2025,28.007367427191166,-0.6472238396491768,high,26.765,25.84,27.72,green,yellow,green,False
75,Red Hills,0.005,2025,44.93343295987682,-0.7563388253390277,high,42.612,41.139,44.134,yellow,red,yellow,False
76,Mallepally,0.005,2025,33.97705489011329,1.0756152894879536,high,36.627,35.372,37.923,yellow,yellow,yellow,False
77,Jambagh,0.005,2025,43.44741579462619,-0.2515658435493526,high,42.689,41.217,44.209,yellow,red,yellow,False
78,Gunfoundry,0.005,2025,6.960032118674664,-0.7493443110156411,high,6.604,6.375,6.84,green,green,green,False
79,Himayath Nagar,0.005,2025,20.974928100883787,-0.1576344585207288,high,20.745,20.03,21.483,green,yellow,green,False
80,Kachiguda,0.005,2025,19.42849792452408,0.1850218053549822,high,19.682,19.004,20.381,green,yellow,green,False
81,Nallakunta,0.005,2025,7.769430090742621,1.1675504862218826,high,8.429,8.14,8.727,green,green,green,False
82,Golnaka,0.005,2025,30.01774766250485,-0.3732736978120915,high,29.243,28.234,30.285,green,yellow,yellow,False
83,Amberpet,0.005,2025,34.01718722014084,0.1687267494379467,high,34.421,33.237,35.645,yellow,yellow,yellow,False
84,Bagh Amberpet,0.005,2025,46.90842388010578,1.0225275829530651,high,50.38,48.654,52.163,yellow,red,yellow,False
85,Adikmet,0.005,2025,21.31739578000518,0.9878203680386444,high,22.84,22.057,23.648,green,yellow,green,False
86,Musheerabad,0.005,2025,11.418124454267833,1.0355921420873242,high,12.274,11.854,12.709,green,green,green,False
87,Ramnagar,0.005,2025,2.7051762558043446,0.7424792276464005,high,2.849,2.751,2.95,green,green,green,False
88,Bholakpur,0.005,2025,2.762742622896244,1.8469382196141768,high,3.142,3.035,3.253,green,green,green,False
89,Gandhinagar,0.005,2025,12.619273413964455,-0.0397458331221889,high,12.584,12.151,13.032,green,green,green,False
90,Kavadiguda,0.005,2025,16.19239365863485,-0.9849690908031232,high,15.111,14.588,15.651,green,green,green,False
91,Khairatabad,0.005,2025,36.111745370154594,-1.3989996173421488,high,32.732,31.597,33.904,yellow,yellow,yellow,False
92,Venkateshwara Colony,0.005,2025,46.39473156432174,-0.7693357220709376,high,43.958,42.438,45.528,yellow,red,yellow,False
93,Banjara Hills,0.005,2025,8.24107584819368,0.2633900483903478,high,8.394,8.106,8.693,green,green,green,False
94,Shaikpet,0.005,2025,17.406634351778855,-0.4324772035351038,high,16.887,16.304,17.489,green,green,green,False
95,Jubilee Hills,0.005,2025,10.16211106582204,0.0759442611884154,high,10.216,9.865,10.58,green,green,green,False
96,Yousufguda,0.005,2025,39.82214631865089,0.1058633633407602,high,40.118,38.737,41.545,yellow,yellow,yellow,False
97,Somajiguda,0.005,2025,5.713789420896817,-0.2148345909592047,high,5.628,5.434,5.829,green,green,green,False
98,Ameerpet,0.005,2025,9.527142865662022,-0.3813302521334278,high,9.276,8.956,9.607,green,green,green,False
99,Vengal Rao Nagar,0.005,2025,5.107012579321559,-1.2823679168242188,high,4.667,4.505,4.834,green,green,green,False
100,Sanath Nagar,0.005,2025,14.7939148502979,0.0230449450488361,high,14.818,14.308,15.345,green,green,green,False
101,Erragadda,0.005,2025,19.20446431665971,-0.095373247413698,high,19.077,18.419,19.756,green,green,green,False
102,Rahmath Nagar,0.005,2025,36.56663934247633,1.4648526501558925,high,40.5,39.115,41.93,yellow,yellow,yellow,False
103,Borabanda,0.005,2025,18.068262967223465,1.7058059194524018,high,20.35,19.655,21.067,green,green,green,False
104,Kondapur,0.005,2025,7.067330747307282,-0.3333832947624257,medium,6.904,6.527,7.302,green,green,green,False
105,Gachibowli,0.005,2025,33.89004956015616,-1.335300581870413,medium,30.856,29.161,32.642,yellow,yellow,yellow,False
106,Serilingampally,0.005,2025,20.062343353707377,-1.1642127132808069,medium,18.488,17.473,19.557,green,yellow,green,False
107,Madhapur,0.005,2025,43.47608434217619,-1.2053323744009423,medium,39.948,37.755,42.259,yellow,red,yellow,False
108,Miyapur,0.005,2025,44.036763958648685,-1.8452321495441515,medium,38.678,36.548,40.922,yellow,red,yellow,False
109,Hafeezpet,0.005,2025,15.891136890618789,-0.5382408083741963,medium,15.303,14.466,16.185,green,green,green,False
110,Chandanagar,0.005,2025,45.39580629905416,-0.7299899718887063,medium,43.13,40.768,45.619,yellow,red,yellow,False
111,Bharati Nagar,0.005,2025,27.75373575427334,0.6479893373604294,medium,29.039,27.46,30.703,green,yellow,green,False
112,Ramachandrapuram,0.005,2025,35.53806010277442,-0.6950680927427123,medium,33.847,31.994,35.8,yellow,yellow,yellow,False
113,Patancheruvu,0.005,2025,21.88147546394043,-0.1116113499137126,medium,21.711,20.526,22.96,green,yellow,green,False
114,KPHB Colony,0.005,2025,19.96869435148323,-0.854960642239448,medium,18.806,17.776,19.892,green,yellow,green,False
115,Balaji Nagar,0.005,2025,27.046318929516605,-0.8279880216645622,medium,25.52,24.122,26.993,green,yellow,green,False
116,Allapur,0.005,2025,35.98419951051559,-0.4434074512372561,high,34.883,33.679,36.127,yellow,yellow,yellow,False
117,Moosapet,0.005,2025,6.384451177722012,1.077366052720513,medium,6.883,6.51,7.277,green,green,green,False
118,Fateh Nagar,0.005,2025,34.73595281677105,-0.227255162984858,medium,34.187,32.32,36.155,yellow,yellow,yellow,False
119,Old Bowenpally,0.005,2025,34.7194404275402,-0.1220840225375822,medium,34.424,32.544,36.404,yellow,yellow,yellow,False
120,Balanagar,0.005,2025,29.78165210311819,-0.3040215811691819,medium,29.154,27.561,30.832,green,yellow,green,False
121,Kukatpally,0.005,2025,25.66790810753259,0.2101305426171462,medium,26.048,24.628,27.544,green,yellow,green,False
122,Vivekananda Nagar Colony,0.005,2025,17.80929141732565,0.5669783715850022,medium,18.529,17.521,19.591,green,green,green,False
123,Hydernagar,0.005,2025,19.3376703234939,-0.823771619388124,medium,18.252,17.252,19.306,green,green,green,False
124,Alwyn Colony,0.005,2025,19.76845848874945,-0.6509631812334818,medium,18.886,17.853,19.976,green,yellow,green,False
125,Gajularamaram,0.005,2025,44.819120029158114,-0.4994060610750858,medium,43.277,40.91,45.771,yellow,red,yellow,False
126,Jagathgirigutta,0.005,2025,34.35870622053157,1.3217428606803272,medium,37.678,35.635,39.829,yellow,yellow,yellow,False
127,Rangareddy Nagar,0.005,2025,15.903728398729708,0.6944524879063165,medium,16.695,15.787,17.651,green,green,green,False
128,Chintal,0.005,2025,22.6982079591826,-0.8305096792744869,medium,21.414,20.24,22.65,green,yellow,green,False
129,Suraram,0.005,2025,21.92585195322159,-0.5599901558641079,medium,21.082,19.928,22.297,green,yellow,green,False
130,Subash Nagar,0.005,2025,19.302317114008787,1.556116772492067,medium,21.515,20.349,22.741,green,green,green,False
131,Quthbullapur,0.005,2025,21.53230215035172,0.7968932978788363,medium,22.765,21.528,24.068,green,yellow,green,False
132,Jeedimetla,0.005,2025,3.5435291292938405,-2.1517589469283225,medium,3.046,2.878,3.223,green,green,green,False
133,Macha Bolarum,0.005,2025,17.505839258584594,-0.964618482398706,medium,16.36,15.463,17.305,green,green,green,False
134,Alwal,0.005,2025,1.8761500238512907,-0.7004129217321453,medium,1.786,1.688,1.889,green,green,green,False
135,Venkatapuram,0.005,2025,13.51242378072557,-0.061215478116265,medium,13.455,12.72,14.228,green,green,green,False
136,Neredmet,0.005,2025,26.47244201687729,-1.1940273826135988,medium,24.344,23.008,25.752,green,yellow,green,False
137,Vinayak Nagar,0.005,2025,8.644771782065238,-0.0237626512984603,medium,8.63,8.159,9.127,green,green,green,False
138,Moula Ali,0.005,2025,7.4954029904765616,-0.7271095077317318,medium,7.123,6.733,7.534,green,green,green,False
139,East Anand Bagh,0.005,2025,11.557507079625998,-1.2478173949549038,medium,10.588,10.007,11.2,green,green,green,False
140,Malkajgiri,0.005,2025,13.273932289664684,-0.186982570333785,medium,13.101,12.386,13.855,green,green,green,False
141,Gautham Nagar,0.005,2025,0.0,0.7499738387398407,medium,0.0,0.0,0.0,green,green,green,False
142,Addagutta,0.005,2025,17.955381103962143,-1.943585749924028,high,15.661,15.116,16.224,green,green,green,False
143,Tarnaka,0.005,2025,28.16093587267949,-0.7628032837091792,high,26.694,25.771,27.647,green,yellow,green,False
144,Mettuguda,0.005,2025,21.6562832458312,-1.9834249709241272,high,18.836,18.181,19.513,green,yellow,green,False
145,Seethaphalmandi,0.005,2025,12.207832932801546,0.6589686916186875,high,12.783,12.344,13.236,green,green,green,False
146,Boudha Nagar,0.005,2025,13.14755833226356,1.9925054961413744,high,15.105,14.59,15.637,green,green,green,False
147,Bansilapet,0.005,2025,17.53007251690914,0.3816116608958022,high,18.004,17.385,18.643,green,green,green,False
148,Ramgopalpet,0.005,2025,20.97904794778243,0.0044675574935337,high,20.986,20.263,21.732,green,yellow,green,False
149,Begumpet,0.005,2025,8.468095173322224,-2.309027503808858,high,7.197,6.947,7.457,green,green,green,False
150,Monda Market,0.005,2025,16.341814374920414,-0.1503865519143823,high,16.171,15.613,16.746,green,green,green,False
1,Kapra,0.005,2027,12.680121752894491,-0.9836604016040716,medium,11.718,10.987,12.495,green,green,green,False
2,Dr A S Rao Nagar,0.005,2027,18.734283678123067,-0.8201467463420009,medium,17.542,16.448,18.704,green,green,green,False
3,Cherlapally,0.005,2027,15.260463530416216,-0.8381377631619515,medium,14.269,13.379,15.214,green,green,green,False
4,Meerpet H.B Colony,0.005,2027,17.05792916128591,-1.437493334299398,medium,15.199,14.248,16.208,green,green,green,False
5,Mallapur,0.005,2027,20.364108719543964,-0.4416254076115704,medium,19.656,18.433,20.956,green,yellow,green,False
6,Nacharam,0.005,2027,16.538931170534777,-0.0590221287329923,medium,16.461,15.438,17.547,green,green,green,False
7,Chilka Nagar,0.005,2027,22.05179015402969,-0.6819313187473569,medium,20.879,19.578,22.261,green,yellow,green,False
8,Habsiguda,0.005,2027,12.640284345398712,-1.6055937614633926,medium,11.111,10.415,11.85,green,green,green,False
9,Ramanthapur,0.005,2027,24.596846231804847,0.8664717260671129,medium,26.358,24.728,28.089,green,yellow,green,False
10,Uppal,0.005,2027,19.199611830304487,-0.5745750317151831,medium,18.336,17.194,19.549,green,green,green,False
11,Nagole,0.005,2027,9.537590924310026,-0.7905185713537645,medium,8.952,8.394,9.545,green,green,green,False
12,Mansoorabad,0.005,2027,26.841117123806374,0.0946510927359304,medium,27.045,25.366,28.828,green,yellow,green,False
13,Hayath Nagar,0.005,2027,22.86664227967571,-0.948309231773872,medium,21.192,19.87,22.597,green,yellow,green,False
14,BN Reddy Nagar,0.005,2027,21.15247131245172,-0.4028192029372512,medium,20.481,19.206,21.835,green,yellow,green,False
15,Vanasthalipuram,0.005,2027,12.480989556805442,0.1311293812205049,medium,12.613,11.83,13.444,green,green,green,False
16,Hasthinapuram,0.005,2027,13.317476167785204,-0.1419084756440861,medium,13.167,12.349,14.036,green,green,green,False
17,Champapet,0.005,2027,10.119797915818294,0.2862280859610283,medium,10.354,9.712,11.036,green,green,green,False
18,Lingojiguda,0.005,2027,20.463149965933763,0.0157130745260558,medium,20.489,19.216,21.84,green,yellow,green,False
19,Saroornagar,0.005,2027,23.3003115523946,-0.4762623821501535,medium,22.428,21.032,23.911,green,yellow,green,False
20,RK Puram,0.005,2027,17.312657445883733,0.9644110007938708,medium,18.698,17.542,19.925,green,green,green,False
21,Kothapet,0.005,2027,54.680740790110846,0.4543386486826762,medium,56.702,53.188,60.434,yellow,red,yellow,False
22,Chaitanyapuri,0.005,2027,68.58888362743684,0.7488287977554536,medium,72.815,68.309,77.599,red,red,red,False
23,Gaddiannaram,0.005,2027,63.46909795336673,1.5244080650695295,high,71.668,68.875,74.567,red,red,red,False
24,Saidabad,0.005,2027,67.81063469612425,0.7634837398766253,high,72.073,69.254,74.999,red,red,red,False
25,Moosarambagh,0.005,2027,66.58283839773247,1.007449144089618,high,72.157,69.338,75.083,red,red,red,False
26,Old Malakpet,0.005,2027,48.20784105626365,-0.8355527248936624,high,45.084,43.307,46.93,yellow,red,yellow,False
27,Akbarbagh,0.005,2027,56.956197126707295,0.1430106944756923,high,57.611,55.351,59.958,yellow,red,yellow,False
28,Azampura,0.005,2027,53.26153041106591,0.1995536480316407,high,54.118,51.996,56.322,yellow,red,yellow,False
29,Chawni,0.005,2027,65.3631822060597,1.138192531834751,high,71.576,68.781,74.476,red,red,red,False
30,Dabeerpura,0.005,2027,45.38405832109515,0.0634785470297453,high,45.615,43.825,47.474,yellow,red,yellow,False
31,Rein Bazar,0.005,2027,62.38436857967638,1.2266326964665648,high,68.796,66.111,71.583,red,red,red,False
32,Patthergatti,0.005,2027,30.26099353464391,1.0313634009799733,high,32.857,31.573,34.189,yellow,yellow,yellow,False
33,Moghalpura,0.005,2027,26.707543459025928,1.2277389456226209,high,29.455,28.306,30.648,green,yellow,green,False
34,Talab Chanchalam,0.005,2027,43.59999704543002,2.8358558015753537,high,54.616,52.502,56.811,yellow,red,yellow,False
35,Gowlipura,0.005,2027,56.493918378226624,0.9787812357046782,high,61.084,58.697,63.561,red,red,yellow,False
36,Lalithabagh,0.005,2027,60.9936752399674,0.2493068256822851,high,62.222,59.782,64.754,red,red,red,False
37,Kurmaguda,0.005,2027,53.21065805634374,1.6138511082829068,high,60.512,58.155,62.959,red,red,yellow,False
38,IS Sadan,0.005,2027,50.903382278256245,0.4328569270634345,high,52.695,50.631,54.838,yellow,red,yellow,False
39,Santhosh Nagar,0.005,2027,87.05480033290863,1.132188665928123,high,95.284,91.564,99.145,red,red,red,False
40,Riyasat Nagar,0.005,2027,48.76797889121786,0.9293625671614378,high,52.523,50.47,54.654,yellow,red,yellow,False
41,Kanchanbagh,0.005,2027,27.99700389247989,-1.2896429266644192,high,25.244,24.247,26.28,green,yellow,green,False
42,Barkas,0.005,2027,26.331065316798163,-1.258207265745745,high,23.802,22.862,24.779,green,yellow,green,False
43,Chandrayangutta,0.005,2027,100.0,0.4678092252598791,high,100.0,99.743,100.0,red,red,red,False
44,Uppuguda,0.005,2027,84.1984381574891,1.3279699608936206,high,93.603,89.952,97.393,red,red,red,False
45,Jangammet,0.005,2027,88.0909551475325,-0.4180408225438882,high,85.191,81.839,88.67,red,red,red,False
46,Falaknuma,0.005,2027,64.54543818387911,1.0054513142637391,high,69.938,67.205,72.774,red,red,red,False
47,Nawab Saheb Kunta,0.005,2027,71.59068518021434,2.0652204558907528,high,84.38,81.101,87.784,red,red,red,False
48,Shalibanda,0.005,2027,86.03085311821755,1.7010517784962498,high,98.516,94.68,100.0,red,red,red,False
49,Ghansi Bazar,0.005,2027,44.152681396066775,-0.3778128855944646,high,42.837,41.152,44.586,yellow,red,yellow,False
50,Begum Bazar,0.005,2027,40.19052230093796,-0.1392765677053707,high,39.745,38.184,41.366,yellow,yellow,yellow,False
51,Goshamahal,0.005,2027,45.8591722706365,-0.2879092694074924,high,44.814,43.052,46.643,yellow,red,yellow,False
52,Puranapool,0.005,2027,43.26058431959793,1.2201977237336403,high,47.682,45.822,49.614,yellow,red,yellow,False
53,Doodh Bowli,0.005,2027,35.17870899961121,1.463964529070159,high,39.533,37.992,41.132,yellow,yellow,yellow,False
54,Jahanuma,0.005,2027,64.24801600179609,1.4615730164364966,high,72.186,69.373,75.107,red,red,red,False
55,Ramnaspura,0.005,2027,71.18246414213033,-0.1114146402887969,high,70.551,67.779,73.428,red,red,red,False
56,Kishanbagh,0.005,2027,77.04853536541036,1.4146710389200807,high,86.247,82.884,89.737,red,red,red,False
57,Suleman Nagar,0.005,2027,76.99644479285818,-0.4480313604288981,high,74.283,71.36,77.317,red,red,red,False
58,Shastripuram,0.005,2027,28.68921071845968,-0.180405344768324,medium,28.278,26.52,30.145,green,yellow,green,False
59,Mailardevpally,0.005,2027,20.58951540177557,-0.1801122593535108,medium,20.295,19.033,21.635,green,yellow,green,False
60,Rajendra Nagar,0.005,2027,73.65513744553293,-0.9390819674715656,medium,68.312,64.05,72.84,red,red,red,False
61,Attapur,0.005,2027,52.62897178556625,-0.4467297140393914,medium,50.779,47.618,54.136,yellow,red,yellow,False
62,Ziaguda,0.005,2027,44.16434789047906,0.0518968249033311,high,44.348,42.607,46.155,yellow,red,yellow,False
63,Mangalhat,0.005,2027,79.11473297610773,0.3318093496899421,high,81.241,78.057,84.547,red,red,red,False
64,Dattatreya Nagar,0.005,2027,55.05533946935907,1.3544389521220646,high,61.334,58.942,63.816,red,red,yellow,False
65,Karwan,0.005,2027,51.13889312976245,-0.5500300926199667,high,48.934,47.008,50.935,yellow,red,yellow,False
66,Langar Houz,0.005,2027,59.1014035978671,-1.2974259297015354,high,53.257,51.152,55.442,yellow,red,yellow,False
67,Golconda,0.005,2027,21.117158900647134,-0.5851514488763694,high,20.15,19.357,20.974,green,yellow,green,False
68,Tolichowki,0.005,2027,41.52822852989487,-0.9801644834101492,high,38.389,36.874,39.961,yellow,red,yellow,False
69,Nanal Nagar,0.005,2027,39.61177580373081,-2.613632813527113,high,32.094,30.817,33.419,yellow,yellow,yellow,False
70,Mehdipatnam,0.005,2027,69.63442081219291,1.2475460714031446,high,76.919,73.918,80.034,red,red,red,False
71,Gudimalkapur,0.005,2027,51.82546600577277,0.038654445441875,high,51.986,49.945,54.104,yellow,red,yellow,False
72,Asif Nagar,0.005,2027,55.79434621190427,2.1316872198970773,high,66.109,63.541,68.775,red,red,yellow,False
73,Vijay Nagar Colony,0.005,2027,24.26258956311994,0.3115047509139297,high,24.874,23.899,25.887,green,yellow,green,False
74,Ahmed Nagar,0.005,2027,28.007367427191166,-0.6472238396491768,high,26.592,25.545,27.679,green,yellow,green,False
75,Red Hills,0.005,2027,44.93343295987682,-0.7563388253390277,high,42.29,40.624,44.021,yellow,red,yellow,False
76,Mallepally,0.005,2027,33.97705489011329,1.0756152894879536,high,37.022,35.576,38.522,yellow,yellow,yellow,False
77,Jambagh,0.005,2027,43.44741579462619,-0.2515658435493526,high,42.581,40.907,44.319,yellow,red,yellow,False
78,Gunfoundry,0.005,2027,6.960032118674664,-0.7493443110156411,high,6.554,6.296,6.822,green,green,green,False
79,Himayath Nagar,0.005,2027,20.974928100883787,-0.1576344585207288,high,20.712,19.898,21.557,green,yellow,green,False
80,Kachiguda,0.005,2027,19.42849792452408,0.1850218053549822,high,19.718,18.945,20.521,green,yellow,green,False
81,Nallakunta,0.005,2027,7.769430090742621,1.1675504862218826,high,8.528,8.195,8.873,green,green,green,False
82,Golnaka,0.005,2027,30.01774766250485,-0.3732736978120915,high,29.134,27.988,30.324,green,yellow,yellow,False
83,Amberpet,0.005,2027,34.01718722014084,0.1687267494379467,high,34.479,33.127,35.883,yellow,yellow,yellow,False
84,Bagh Amberpet,0.005,2027,46.90842388010578,1.0225275829530651,high,50.896,48.908,52.96,yellow,red,yellow,False
85,Adikmet,0.005,2027,21.31739578000518,0.9878203680386444,high,23.066,22.165,24.001,green,yellow,green,False
86,Musheerabad,0.005,2027,11.418124454267833,1.0355921420873242,high,12.402,11.917,12.905,green,green,green,False
87,Ramnagar,0.005,2027,2.7051762558043446,0.7424792276464005,high,2.87,2.758,2.987,green,green,green,False
88,Bholakpur,0.005,2027,2.762742622896244,1.8469382196141768,high,3.2,3.076,3.33,green,green,green,False
89,Gandhinagar,0.005,2027,12.619273413964455,-0.0397458331221889,high,12.579,12.085,13.092,green,green,green,False
90,Kavadiguda,0.005,2027,16.19239365863485,-0.9849690908031232,high,14.963,14.372,15.575,green,green,green,False
91,Khairatabad,0.005,2027,36.111745370154594,-1.3989996173421488,high,32.275,31.0,33.6,yellow,yellow,yellow,False
92,Venkateshwara Colony,0.005,2027,46.39473156432174,-0.7693357220709376,high,43.62,41.901,45.405,yellow,red,yellow,False
93,Banjara Hills,0.005,2027,8.24107584819368,0.2633900483903478,high,8.416,8.086,8.759,green,green,green,False
94,Shaikpet,0.005,2027,17.406634351778855,-0.4324772035351038,high,16.814,16.153,17.501,green,green,green,False
95,Jubilee Hills,0.005,2027,10.16211106582204,0.0759442611884154,high,10.224,9.823,10.641,green,green,green,False
96,Yousufguda,0.005,2027,39.82214631865089,0.1058633633407602,high,40.161,38.585,41.797,yellow,yellow,yellow,False
97,Somajiguda,0.005,2027,5.713789420896817,-0.2148345909592047,high,5.616,5.396,5.846,green,green,green,False
98,Ameerpet,0.005,2027,9.527142865662022,-0.3813302521334278,high,9.241,8.877,9.618,green,green,green,False
99,Vengal Rao Nagar,0.005,2027,5.107012579321559,-1.2823679168242188,high,4.608,4.426,4.797,green,green,green,False
100,Sanath Nagar,0.005,2027,14.7939148502979,0.0230449450488361,high,14.821,14.239,15.425,green,green,green,False
101,Erragadda,0.005,2027,19.20446431665971,-0.095373247413698,high,19.058,18.31,19.836,green,green,green,False
102,Rahmath Nagar,0.005,2027,36.56663934247633,1.4648526501558925,high,41.095,39.494,42.758,yellow,yellow,yellow,False
103,Borabanda,0.005,2027,18.068262967223465,1.7058059194524018,high,20.698,19.892,21.534,green,green,green,False
104,Kondapur,0.005,2027,7.067330747307282,-0.3333832947624257,medium,6.881,6.453,7.336,green,green,green,False
105,Gachibowli,0.005,2027,33.89004956015616,-1.335300581870413,medium,30.446,28.542,32.468,yellow,yellow,yellow,False
106,Serilingampally,0.005,2027,20.062343353707377,-1.1642127132808069,medium,18.273,17.132,19.486,green,yellow,green,False
107,Madhapur,0.005,2027,43.47608434217619,-1.2053323744009423,medium,39.468,37.002,42.088,yellow,red,yellow,False
108,Miyapur,0.005,2027,44.036763958648685,-1.8452321495441515,medium,37.967,35.587,40.495,yellow,red,yellow,False
109,Hafeezpet,0.005,2027,15.891136890618789,-0.5382408083741963,medium,15.221,14.273,16.227,green,green,green,False
110,Chandanagar,0.005,2027,45.39580629905416,-0.7299899718887063,medium,42.816,40.147,45.651,yellow,red,yellow,False
111,Bharati Nagar,0.005,2027,27.75373575427334,0.6479893373604294,medium,29.228,27.418,31.149,green,yellow,green,False
112,Ramachandrapuram,0.005,2027,35.53806010277442,-0.6950680927427123,medium,33.613,31.518,35.838,yellow,yellow,yellow,False
113,Patancheruvu,0.005,2027,21.88147546394043,-0.1116113499137126,medium,21.687,20.339,23.118,green,yellow,green,False
114,KPHB Colony,0.005,2027,19.96869435148323,-0.854960642239448,medium,18.646,17.483,19.881,green,yellow,green,False
115,Balaji Nagar,0.005,2027,27.046318929516605,-0.8279880216645622,medium,25.309,23.731,26.986,green,yellow,green,False
116,Allapur,0.005,2027,35.98419951051559,-0.4434074512372561,high,34.729,33.362,36.147,yellow,yellow,yellow,False
117,Moosapet,0.005,2027,6.384451177722012,1.077366052720513,medium,6.958,6.528,7.414,green,green,green,False
118,Fateh Nagar,0.005,2027,34.73595281677105,-0.227255162984858,medium,34.11,31.989,36.362,yellow,yellow,yellow,False
119,Old Bowenpally,0.005,2027,34.7194404275402,-0.1220840225375822,medium,34.382,32.245,36.651,yellow,yellow,yellow,False
120,Balanagar,0.005,2027,29.78165210311819,-0.3040215811691819,medium,29.066,27.257,30.986,green,yellow,green,False
121,Kukatpally,0.005,2027,25.66790810753259,0.2101305426171462,medium,26.103,24.483,27.823,green,yellow,green,False
122,Vivekananda Nagar Colony,0.005,2027,17.80929141732565,0.5669783715850022,medium,18.634,17.48,19.86,green,green,green,False
123,Hydernagar,0.005,2027,19.3376703234939,-0.823771619388124,medium,18.102,16.973,19.301,green,green,green,False
124,Alwyn Colony,0.005,2027,19.76845848874945,-0.6509631812334818,medium,18.764,17.595,20.005,green,yellow,green,False
125,Gajularamaram,0.005,2027,44.819120029158114,-0.4994060610750858,medium,43.062,40.38,45.909,yellow,red,yellow,False
126,Jagathgirigutta,0.005,2027,34.35870622053157,1.3217428606803272,medium,38.178,35.821,40.679,yellow,yellow,yellow,False
127,Rangareddy Nagar,0.005,2027,15.903728398729708,0.6944524879063165,medium,16.811,15.77,17.915,green,green,green,False
128,Chintal,0.005,2027,22.6982079591826,-0.8305096792744869,medium,21.236,19.912,22.643,green,yellow,green,False
129,Suraram,0.005,2027,21.92585195322159,-0.5599901558641079,medium,20.964,19.658,22.351,green,yellow,green,False
130,Subash Nagar,0.005,2027,19.302317114008787,1.556116772492067,medium,21.851,20.504,23.28,green,green,green,False
131,Quthbullapur,0.005,2027,21.53230215035172,0.7968932978788363,medium,22.947,21.527,24.454,green,yellow,green,False
132,Jeedimetla,0.005,2027,3.5435291292938405,-2.1517589469283225,medium,2.98,2.793,3.179,green,green,green,False
133,Macha Bolarum,0.005,2027,17.505839258584594,-0.964618482398706,medium,16.203,15.192,17.277,green,green,green,False
134,Alwal,0.005,2027,1.8761500238512907,-0.7004129217321453,medium,1.774,1.663,1.891,green,green,green,False
135,Venkatapuram,0.005,2027,13.51242378072557,-0.061215478116265,medium,13.446,12.611,14.334,green,green,green,False
136,Neredmet,0.005,2027,26.47244201687729,-1.1940273826135988,medium,24.054,22.551,25.65,green,yellow,green,False
137,Vinayak Nagar,0.005,2027,8.644771782065238,-0.0237626512984603,medium,8.628,8.092,9.198,green,green,green,False
138,Moula Ali,0.005,2027,7.4954029904765616,-0.7271095077317318,medium,7.071,6.63,7.539,green,green,green,False
139,East Anand Bagh,0.005,2027,11.557507079625998,-1.2478173949549038,medium,10.456,9.803,11.15,green,green,green,False
140,Malkajgiri,0.005,2027,13.273932289664684,-0.186982570333785,medium,13.077,12.264,13.94,green,green,green,False
141,Gautham Nagar,0.005,2027,0.0,0.7499738387398407,medium,0.0,0.0,0.0,green,green,green,False
142,Addagutta,0.005,2027,17.955381103962143,-1.943585749924028,high,15.358,14.749,15.99,green,green,green,False
143,Tarnaka,0.005,2027,28.16093587267949,-0.7628032837091792,high,26.491,25.447,27.575,green,yellow,green,False
144,Mettuguda,0.005,2027,21.6562832458312,-1.9834249709241272,high,18.464,17.732,19.224,green,yellow,green,False
145,Seethaphalmandi,0.005,2027,12.207832932801546,0.6589686916186875,high,12.868,12.364,13.39,green,green,green,False
146,Boudha Nagar,0.005,2027,13.14755833226356,1.9925054961413744,high,15.407,14.808,16.029,green,green,green,False
147,Bansilapet,0.005,2027,17.53007251690914,0.3816116608958022,high,18.073,17.365,18.808,green,green,green,False
148,Ramgopalpet,0.005,2027,20.97904794778243,0.0044675574935337,high,20.987,20.163,21.842,green,yellow,green,False
149,Begumpet,0.005,2027,8.468095173322224,-2.309027503808858,high,7.032,6.753,7.322,green,green,green,False
150,Monda Market,0.005,2027,16.341814374920414,-0.1503865519143823,high,16.146,15.512,16.805,green,green,green,False
1,Kapra,0.005,2030,12.680121752894491,-0.9836604016040716,medium,11.546,10.696,12.461,green,green,green,False
2,Dr A S Rao Nagar,0.005,2030,18.734283678123067,-0.8201467463420009,medium,17.327,16.052,18.698,green,green,green,False
3,Cherlapally,0.005,2030,15.260463530416216,-0.8381377631619515,medium,14.09,13.053,15.205,green,green,green,False
4,Meerpet H.B Colony,0.005,2030,17.05792916128591,-1.437493334299398,medium,14.873,13.775,16.054,green,green,green,False
5,Mallapur,0.005,2030,20.364108719543964,-0.4416254076115704,medium,19.527,18.092,21.069,green,yellow,green,False
6,Nacharam,0.005,2030,16.538931170534777,-0.0590221287329923,medium,16.446,15.24,17.743,green,green,green,False
7,Chilka Nagar,0.005,2030,22.05179015402969,-0.6819313187473569,medium,20.666,19.146,22.3,green,yellow,green,False
8,Habsiguda,0.005,2030,12.640284345398712,-1.6055937614633926,medium,10.845,10.044,11.707,green,green,green,False
9,Ramanthapur,0.005,2030,24.596846231804847,0.8664717260671129,medium,26.702,24.753,28.797,green,yellow,green,False
10,Uppal,0.005,2030,19.199611830304487,-0.5745750317151831,medium,18.178,16.842,19.615,green,green,green,False
11,Nagole,0.005,2030,9.537590924310026,-0.7905185713537645,medium,8.846,8.195,9.546,green,green,green,False
12,Mansoorabad,0.005,2030,26.841117123806374,0.0946510927359304,medium,27.083,25.099,29.217,green,yellow,green,False
13,Hayath Nagar,0.005,2030,22.86664227967571,-0.948309231773872,medium,20.892,19.353,22.547,green,yellow,green,False
14,BN Reddy Nagar,0.005,2030,21.15247131245172,-0.4028192029372512,medium,20.358,18.862,21.965,green,yellow,green,False
15,Vanasthalipuram,0.005,2030,12.480989556805442,0.1311293812205049,medium,12.637,11.711,13.633,green,green,green,False
16,Hasthinapuram,0.005,2030,13.317476167785204,-0.1419084756440861,medium,13.139,12.175,14.175,green,green,green,False
17,Champapet,0.005,2030,10.119797915818294,0.2862280859610283,medium,10.399,9.637,11.217,green,green,green,False
18,Lingojiguda,0.005,2030,20.463149965933763,0.0157130745260558,medium,20.494,18.991,22.108,green,yellow,green,False
19,Saroornagar,0.005,2030,23.3003115523946,-0.4762623821501535,medium,22.268,20.632,24.027,green,yellow,green,False
20,RK Puram,0.005,2030,17.312657445883733,0.9644110007938708,medium,18.97,17.585,20.457,green,green,green,False
21,Kothapet,0.005,2030,54.680740790110846,0.4543386486826762,medium,57.09,52.913,61.578,yellow,red,yellow,False
22,Chaitanyapuri,0.005,2030,68.58888362743684,0.7488287977554536,medium,73.636,68.256,79.416,red,red,red,False
23,Gaddiannaram,0.005,2030,63.46909795336673,1.5244080650695295,high,73.319,69.939,76.854,red,red,red,False
24,Saidabad,0.005,2030,67.81063469612425,0.7634837398766253,high,72.902,69.528,76.43,red,red,red,False
25,Moosarambagh,0.005,2030,66.58283839773247,1.007449144089618,high,73.253,69.867,76.793,red,red,red,False
26,Old Malakpet,0.005,2030,48.20784105626365,-0.8355527248936624,high,44.522,42.445,46.694,yellow,red,yellow,False
27,Akbarbagh,0.005,2030,56.956197126707295,0.1430106944756923,high,57.735,55.055,60.538,yellow,red,yellow,False
28,Azampura,0.005,2030,53.26153041106591,0.1995536480316407,high,54.28,51.762,56.915,yellow,red,yellow,False
29,Chawni,0.005,2030,65.3631822060597,1.138192531834751,high,72.805,69.442,76.321,red,red,red,False
30,Dabeerpura,0.005,2030,45.38405832109515,0.0634785470297453,high,45.659,43.539,47.876,yellow,red,yellow,False
31,Rein Bazar,0.005,2030,62.38436857967638,1.2266326964665648,high,70.07,66.835,73.453,red,red,red,False
32,Patthergatti,0.005,2030,30.26099353464391,1.0313634009799733,high,33.368,31.826,34.98,yellow,yellow,yellow,False
33,Moghalpura,0.005,2030,26.707543459025928,1.2277389456226209,high,30.001,28.616,31.449,yellow,yellow,green,False
34,Talab Chanchalam,0.005,2030,43.59999704543002,2.8358558015753537,high,56.973,54.363,59.701,yellow,red,yellow,False
35,Gowlipura,0.005,2030,56.493918378226624,0.9787812357046782,high,61.985,59.12,64.981,red,red,yellow,False
36,Lalithabagh,0.005,2030,60.9936752399674,0.2493068256822851,high,62.455,59.557,65.485,red,red,red,False
37,Kurmaguda,0.005,2030,53.21065805634374,1.6138511082829068,high,61.989,59.133,64.976,red,red,yellow,False
38,IS Sadan,0.005,2030,50.903382278256245,0.4328569270634345,high,53.038,50.58,55.609,yellow,red,yellow,False
39,Santhosh Nagar,0.005,2030,87.05480033290863,1.132188665928123,high,96.911,92.435,100.0,red,red,red,False
40,Riyasat Nagar,0.005,2030,48.76797889121786,0.9293625671614378,high,53.259,50.796,55.834,yellow,red,yellow,False
41,Kanchanbagh,0.005,2030,27.99700389247989,-1.2896429266644192,high,24.759,23.602,25.97,green,yellow,green,False
42,Barkas,0.005,2030,26.331065316798163,-1.258207265745745,high,23.356,22.264,24.498,green,yellow,green,False
43,Chandrayangutta,0.005,2030,100.0,0.4678092252598791,high,100.0,99.695,100.0,red,red,red,False
44,Uppuguda,0.005,2030,84.1984381574891,1.3279699608936206,high,95.48,91.074,100.0,red,red,red,False
45,Jangammet,0.005,2030,88.0909551475325,-0.4180408225438882,high,84.658,80.717,88.779,red,red,red,False
46,Falaknuma,0.005,2030,64.54543818387911,1.0054513142637391,high,70.998,67.716,74.429,red,red,red,False
47,Nawab Saheb Kunta,0.005,2030,71.59068518021434,2.0652204558907528,high,87.021,83.02,91.205,red,red,red,False
48,Shalibanda,0.005,2030,86.03085311821755,1.7010517784962498,high,100.0,96.396,100.0,red,red,red,False
49,Ghansi Bazar,0.005,2030,44.152681396066775,-0.3778128855944646,high,42.595,40.613,44.668,yellow,red,yellow,False
50,Begum Bazar,0.005,2030,40.19052230093796,-0.1392765677053707,high,39.662,37.819,41.59,yellow,yellow,yellow,False
51,Goshamahal,0.005,2030,45.8591722706365,-0.2879092694074924,high,44.621,42.546,46.792,yellow,red,yellow,False
52,Puranapool,0.005,2030,43.26058431959793,1.2201977237336403,high,48.56,46.318,50.905,yellow,red,yellow,False
53,Doodh Bowli,0.005,2030,35.17870899961121,1.463964529070159,high,40.407,38.544,42.356,yellow,yellow,yellow,False
54,Jahanuma,0.005,2030,64.24801600179609,1.4615730164364966,high,73.781,70.378,77.339,red,red,red,False
55,Ramnaspura,0.005,2030,71.18246414213033,-0.1114146402887969,high,70.433,67.16,73.857,red,red,red,False
56,Kishanbagh,0.005,2030,77.04853536541036,1.4146710389200807,high,88.09,84.026,92.339,red,red,red,False
57,Suleman Nagar,0.005,2030,76.99644479285818,-0.4480313604288981,high,73.784,70.35,77.377,red,red,red,False
58,Shastripuram,0.005,2030,28.68921071845968,-0.180405344768324,medium,28.201,26.132,30.426,green,yellow,green,False
59,Mailardevpally,0.005,2030,20.58951540177557,-0.1801122593535108,medium,20.24,18.755,21.836,green,yellow,green,False
60,Rajendra Nagar,0.005,2030,73.65513744553293,-0.9390819674715656,medium,67.355,62.393,72.688,red,red,red,False
61,Attapur,0.005,2030,52.62897178556625,-0.4467297140393914,medium,50.44,46.733,54.424,yellow,red,yellow,False
62,Ziaguda,0.005,2030,44.16434789047906,0.0518968249033311,high,44.383,42.322,46.538,yellow,red,yellow,False
63,Mangalhat,0.005,2030,79.11473297610773,0.3318093496899421,high,81.646,77.86,85.606,red,red,red,False
64,Dattatreya Nagar,0.005,2030,55.05533946935907,1.3544389521220646,high,62.588,59.7,65.608,red,red,yellow,False
65,Karwan,0.005,2030,51.13889312976245,-0.5500300926199667,high,48.532,46.272,50.896,yellow,red,yellow,False
66,Langar Houz,0.005,2030,59.1014035978671,-1.2974259297015354,high,52.227,49.786,54.781,yellow,red,yellow,False
67,Golconda,0.005,2030,21.117158900647134,-0.5851514488763694,high,19.974,19.043,20.947,green,yellow,green,False
68,Tolichowki,0.005,2030,41.52822852989487,-0.9801644834101492,high,37.827,36.062,39.674,yellow,red,yellow,False
69,Nanal Nagar,0.005,2030,39.61177580373081,-2.613632813527113,high,30.852,29.4,32.371,yellow,yellow,yellow,False
70,Mehdipatnam,0.005,2030,69.63442081219291,1.2475460714031446,high,78.367,74.75,82.151,red,red,red,False
71,Gudimalkapur,0.005,2030,51.82546600577277,0.038654445441875,high,52.016,49.601,54.543,yellow,red,yellow,False
72,Asif Nagar,0.005,2030,55.79434621190427,2.1316872198970773,high,68.245,65.108,71.525,red,red,yellow,False
73,Vijay Nagar Colony,0.005,2030,24.26258956311994,0.3115047509139297,high,24.991,23.832,26.203,green,yellow,green,False
74,Ahmed Nagar,0.005,2030,28.007367427191166,-0.6472238396491768,high,26.335,25.108,27.618,green,yellow,green,False
75,Red Hills,0.005,2030,44.93343295987682,-0.7563388253390277,high,41.812,39.863,43.852,yellow,red,yellow,False
76,Mallepally,0.005,2030,33.97705489011329,1.0756152894879536,high,37.622,35.884,39.44,yellow,yellow,yellow,False
77,Jambagh,0.005,2030,43.44741579462619,-0.2515658435493526,high,42.421,40.448,44.484,yellow,red,yellow,False
78,Gunfoundry,0.005,2030,6.960032118674664,-0.7493443110156411,high,6.481,6.179,6.797,green,green,green,False
79,Himayath Nagar,0.005,2030,20.974928100883787,-0.1576344585207288,high,20.663,19.703,21.668,green,yellow,green,False
80,Kachiguda,0.005,2030,19.42849792452408,0.1850218053549822,high,19.773,18.855,20.733,green,yellow,green,False
81,Nallakunta,0.005,2030,7.769430090742621,1.1675504862218826,high,8.678,8.277,9.097,green,green,green,False
82,Golnaka,0.005,2030,30.01774766250485,-0.3732736978120915,high,28.971,27.623,30.381,green,yellow,yellow,False
83,Amberpet,0.005,2030,34.01718722014084,0.1687267494379467,high,34.567,32.962,36.245,yellow,yellow,yellow,False
84,Bagh Amberpet,0.005,2030,46.90842388010578,1.0225275829530651,high,51.681,49.293,54.179,yellow,red,yellow,False
85,Adikmet,0.005,2030,21.31739578000518,0.9878203680386444,high,23.409,22.327,24.541,green,yellow,green,False
86,Musheerabad,0.005,2030,11.418124454267833,1.0355921420873242,high,12.595,12.013,13.204,green,green,green,False
87,Ramnagar,0.005,2030,2.7051762558043446,0.7424792276464005,high,2.902,2.768,3.043,green,green,green,False
88,Bholakpur,0.005,2030,2.762742622896244,1.8469382196141768,high,3.29,3.139,3.448,green,green,green,False
89,Gandhinagar,0.005,2030,12.619273413964455,-0.0397458331221889,high,12.572,11.988,13.183,green,green,green,False
90,Kavadiguda,0.005,2030,16.19239365863485,-0.9849690908031232,high,14.743,14.055,15.462,green,green,green,False
91,Khairatabad,0.005,2030,36.111745370154594,-1.3989996173421488,high,31.603,30.125,33.149,yellow,yellow,yellow,False
92,Venkateshwara Colony,0.005,2030,46.39473156432174,-0.7693357220709376,high,43.119,41.108,45.222,yellow,red,yellow,False
93,Banjara Hills,0.005,2030,8.24107584819368,0.2633900483903478,high,8.45,8.058,8.86,green,green,green,False
94,Shaikpet,0.005,2030,17.406634351778855,-0.4324772035351038,high,16.705,15.928,17.519,green,green,green,False
95,Jubilee Hills,0.005,2030,10.16211106582204,0.0759442611884154,high,10.236,9.76,10.733,green,green,green,False
96,Yousufguda,0.005,2030,39.82214631865089,0.1058633633407602,high,40.225,38.357,42.178,yellow,yellow,yellow,False
97,Somajiguda,0.005,2030,5.713789420896817,-0.2148345909592047,high,5.598,5.338,5.871,green,green,green,False
98,Ameerpet,0.005,2030,9.527142865662022,-0.3813302521334278,high,9.188,8.76,9.635,green,green,green,False
99,Vengal Rao Nagar,0.005,2030,5.107012579321559,-1.2823679168242188,high,4.519,4.308,4.741,green,green,green,False
100,Sanath Nagar,0.005,2030,14.7939148502979,0.0230449450488361,high,14.826,14.138,15.547,green,green,green,False
101,Erragadda,0.005,2030,19.20446431665971,-0.095373247413698,high,19.031,18.147,19.956,green,green,green,False
102,Rahmath Nagar,0.005,2030,36.56663934247633,1.4648526501558925,high,42.005,40.068,44.031,yellow,yellow,yellow,False
103,Borabanda,0.005,2030,18.068262967223465,1.7058059194524018,high,21.232,20.254,22.255,green,green,green,False
104,Kondapur,0.005,2030,7.067330747307282,-0.3333832947624257,medium,6.847,6.344,7.387,green,green,green,False
105,Gachibowli,0.005,2030,33.89004956015616,-1.335300581870413,medium,29.84,27.638,32.208,green,yellow,yellow,False
106,Serilingampally,0.005,2030,20.062343353707377,-1.1642127132808069,medium,17.956,16.632,19.379,green,yellow,green,False
107,Madhapur,0.005,2030,43.47608434217619,-1.2053323744009423,medium,38.759,35.9,41.832,yellow,red,yellow,False
108,Miyapur,0.005,2030,44.036763958648685,-1.8452321495441515,medium,36.926,34.194,39.864,yellow,red,yellow,False
109,Hafeezpet,0.005,2030,15.891136890618789,-0.5382408083741963,medium,15.098,13.988,16.291,green,green,green,False
110,Chandanagar,0.005,2030,45.39580629905416,-0.7299899718887063,medium,42.349,39.233,45.699,yellow,red,yellow,False
111,Bharati Nagar,0.005,2030,27.75373575427334,0.6479893373604294,medium,29.513,27.356,31.831,green,yellow,green,False
112,Ramachandrapuram,0.005,2030,35.53806010277442,-0.6950680927427123,medium,33.263,30.816,35.894,yellow,yellow,yellow,False
113,Patancheruvu,0.005,2030,21.88147546394043,-0.1116113499137126,medium,21.651,20.062,23.358,green,yellow,green,False
114,KPHB Colony,0.005,2030,19.96869435148323,-0.854960642239448,medium,18.408,17.052,19.865,green,yellow,green,False
115,Balaji Nagar,0.005,2030,27.046318929516605,-0.8279880216645622,medium,24.996,23.156,26.974,green,yellow,green,False
116,Allapur,0.005,2030,35.98419951051559,-0.4434074512372561,high,34.498,32.892,36.178,yellow,yellow,yellow,False
117,Moosapet,0.005,2030,6.384451177722012,1.077366052720513,medium,7.071,6.555,7.625,green,green,green,False
118,Fateh Nagar,0.005,2030,34.73595281677105,-0.227255162984858,medium,33.994,31.498,36.675,yellow,yellow,yellow,False
119,Old Bowenpally,0.005,2030,34.7194404275402,-0.1220840225375822,medium,34.319,31.801,37.025,yellow,yellow,yellow,False
120,Balanagar,0.005,2030,29.78165210311819,-0.3040215811691819,medium,28.933,26.809,31.217,green,yellow,green,False
121,Kukatpally,0.005,2030,25.66790810753259,0.2101305426171462,medium,26.185,24.267,28.246,green,yellow,green,False
122,Vivekananda Nagar Colony,0.005,2030,17.80929141732565,0.5669783715850022,medium,18.793,17.419,20.27,green,green,green,False
123,Hydernagar,0.005,2030,19.3376703234939,-0.823771619388124,medium,17.879,16.563,19.294,green,green,green,False
124,Alwyn Colony,0.005,2030,19.76845848874945,-0.6509631812334818,medium,18.581,17.214,20.05,green,yellow,green,False
125,Gajularamaram,0.005,2030,44.819120029158114,-0.4994060610750858,medium,42.74,39.598,46.116,yellow,red,yellow,False
126,Jagathgirigutta,0.005,2030,34.35870622053157,1.3217428606803272,medium,38.939,36.102,41.987,yellow,yellow,yellow,False
127,Rangareddy Nagar,0.005,2030,15.903728398729708,0.6944524879063165,medium,16.986,15.745,18.32,green,green,green,False
128,Chintal,0.005,2030,22.6982079591826,-0.8305096792744869,medium,20.973,19.429,22.633,green,yellow,green,False
129,Suraram,0.005,2030,21.92585195322159,-0.5599901558641079,medium,20.788,19.26,22.431,green,yellow,green,False
130,Subash Nagar,0.005,2030,19.302317114008787,1.556116772492067,medium,22.365,20.737,24.113,green,green,green,False
131,Quthbullapur,0.005,2030,21.53230215035172,0.7968932978788363,medium,23.222,21.526,25.045,green,yellow,green,False
132,Jeedimetla,0.005,2030,3.5435291292938405,-2.1517589469283225,medium,2.885,2.671,3.115,green,green,green,False
133,Macha Bolarum,0.005,2030,17.505839258584594,-0.964618482398706,medium,15.969,14.793,17.234,green,green,green,False
134,Alwal,0.005,2030,1.8761500238512907,-0.7004129217321453,medium,1.755,1.626,1.894,green,green,green,False
135,Venkatapuram,0.005,2030,13.51242378072557,-0.061215478116265,medium,13.434,12.449,14.493,green,green,green,False
136,Neredmet,0.005,2030,26.47244201687729,-1.1940273826135988,medium,23.626,21.883,25.499,green,yellow,green,False
137,Vinayak Nagar,0.005,2030,8.644771782065238,-0.0237626512984603,medium,8.625,7.993,9.305,green,green,green,False
138,Moula Ali,0.005,2030,7.4954029904765616,-0.7271095077317318,medium,6.994,6.48,7.547,green,green,green,False
139,East Anand Bagh,0.005,2030,11.557507079625998,-1.2478173949549038,medium,10.262,9.505,11.076,green,green,green,False
140,Malkajgiri,0.005,2030,13.273932289664684,-0.186982570333785,medium,13.04,12.083,14.069,green,green,green,False
141,Gautham Nagar,0.005,2030,0.0,0.7499738387398407,medium,0.0,0.0,0.0,green,green,green,False
142,Addagutta,0.005,2030,17.955381103962143,-1.943585749924028,high,14.915,14.215,15.647,green,green,green,False
143,Tarnaka,0.005,2030,28.16093587267949,-0.7628032837091792,high,26.189,24.968,27.466,green,yellow,green,False
144,Mettuguda,0.005,2030,21.6562832458312,-1.9834249709241272,high,17.92,17.08,18.8,green,yellow,green,False
145,Seethaphalmandi,0.005,2030,12.207832932801546,0.6589686916186875,high,12.995,12.394,13.624,green,green,green,False
146,Boudha Nagar,0.005,2030,13.14755833226356,1.9925054961413744,high,15.872,15.142,16.636,green,green,green,False
147,Bansilapet,0.005,2030,17.53007251690914,0.3816116608958022,high,18.177,17.334,19.058,green,green,green,False
148,Ramgopalpet,0.005,2030,20.97904794778243,0.0044675574935337,high,20.988,20.013,22.008,green,yellow,green,False
149,Begumpet,0.005,2030,8.468095173322224,-2.309027503808858,high,6.792,6.472,7.125,green,green,green,False
150,Monda Market,0.005,2030,16.341814374920414,-0.1503865519143823,high,16.11,15.361,16.893,green,green,green,False
1,Kapra,0.007,2025,12.680121752894491,-0.9836604016040716,medium,11.511,10.635,12.454,green,green,green,False
2,Dr A S Rao Nagar,0.007,2025,18.734283678123067,-0.8201467463420009,medium,17.283,15.969,18.697,green,green,green,False
3,Cherlapally,0.007,2025,15.260463530416216,-0.8381377631619515,medium,14.054,12.985,15.204,green,green,green,False
4,Meerpet H.B Colony,0.007,2025,17.05792916128591,-1.437493334299398,medium,14.806,13.675,16.023,green,green,green,False
5,Mallapur,0.007,2025,20.364108719543964,-0.4416254076115704,medium,19.5,18.021,21.091,green,yellow,green,False
6,Nacharam,0.007,2025,16.538931170534777,-0.0590221287329923,medium,16.444,15.2,17.781,green,green,green,False
7,Chilka Nagar,0.007,2025,22.05179015402969,-0.6819313187473569,medium,20.623,19.056,22.308,green,yellow,green,False
8,Habsiguda,0.007,2025,12.640284345398712,-1.6055937614633926,medium,10.79,9.966,11.678,green,green,green,False
9,Ramanthapur,0.007,2025,24.596846231804847,0.8664717260671129,medium,26.77,24.758,28.933,green,yellow,green,False
10,Uppal,0.007,2025,19.199611830304487,-0.5745750317151831,medium,18.146,16.769,19.628,green,green,green,False
11,Nagole,0.007,2025,9.537590924310026,-0.7905185713537645,medium,8.825,8.154,9.546,green,green,green,False
12,Mansoorabad,0.007,2025,26.841117123806374,0.0946510927359304,medium,27.091,25.044,29.293,green,yellow,green,False
13,Hayath Nagar,0.007,2025,22.86664227967571,-0.948309231773872,medium,20.831,19.246,22.537,green,yellow,green,False
14,BN Reddy Nagar,0.007,2025,21.15247131245172,-0.4028192029372512,medium,20.333,18.791,21.991,green,yellow,green,False
15,Vanasthalipuram,0.007,2025,12.480989556805442,0.1311293812205049,medium,12.642,11.687,13.669,green,green,green,False
16,Hasthinapuram,0.007,2025,13.317476167785204,-0.1419084756440861,medium,13.133,12.139,14.203,green,green,green,False
17,Champapet,0.007,2025,10.119797915818294,0.2862280859610283,medium,10.407,9.622,11.252,green,green,green,False
18,Lingojiguda,0.007,2025,20.463149965933763,0.0157130745260558,medium,20.495,18.945,22.161,green,yellow,green,False
19,Saroornagar,0.007,2025,23.3003115523946,-0.4762623821501535,medium,22.236,20.549,24.051,green,yellow,green,False
20,RK Puram,0.007,2025,17.312657445883733,0.9644110007938708,medium,19.023,17.594,20.559,green,green,green,False
21,Kothapet,0.007,2025,54.680740790110846,0.4543386486826762,medium,57.166,52.857,61.8,yellow,red,yellow,False
22,Chaitanyapuri,0.007,2025,68.58888362743684,0.7488287977554536,medium,73.797,68.246,79.766,red,red,red,False
23,Gaddiannaram,0.007,2025,63.46909795336673,1.5244080650695295,high,73.637,70.147,77.289,red,red,red,False
24,Saidabad,0.007,2025,67.81063469612425,0.7634837398766253,high,73.064,69.583,76.707,red,red,red,False
25,Moosarambagh,0.007,2025,66.58283839773247,1.007449144089618,high,73.467,69.972,77.123,red,red,red,False
26,Old Malakpet,0.007,2025,48.20784105626365,-0.8355527248936624,high,44.407,42.268,46.647,yellow,red,yellow,False
27,Akbarbagh,0.007,2025,56.956197126707295,0.1430106944756923,high,57.76,54.996,60.652,yellow,red,yellow,False
28,Azampura,0.007,2025,53.26153041106591,0.1995536480316407,high,54.313,51.715,57.031,yellow,red,yellow,False
29,Chawni,0.007,2025,65.3631822060597,1.138192531834751,high,73.044,69.572,76.676,red,red,red,False
30,Dabeerpura,0.007,2025,45.38405832109515,0.0634785470297453,high,45.667,43.481,47.955,yellow,red,yellow,False
31,Rein Bazar,0.007,2025,62.38436857967638,1.2266326964665648,high,70.317,66.977,73.811,red,red,red,False
32,Patthergatti,0.007,2025,30.26099353464391,1.0313634009799733,high,33.467,31.875,35.133,yellow,yellow,yellow,False
33,Moghalpura,0.007,2025,26.707543459025928,1.2277389456226209,high,30.107,28.677,31.603,yellow,yellow,green,False
34,Talab Chanchalam,0.007,2025,43.59999704543002,2.8358558015753537,high,57.412,54.714,60.233,yellow,red,yellow,False
35,Gowlipura,0.007,2025,56.493918378226624,0.9787812357046782,high,62.161,59.203,65.255,red,red,yellow,False
36,Lalithabagh,0.007,2025,60.9936752399674,0.2493068256822851,high,62.501,59.512,65.629,red,red,red,False
37,Kurmaguda,0.007,2025,53.21065805634374,1.6138511082829068,high,62.273,59.323,65.359,red,red,yellow,False
38,IS Sadan,0.007,2025,50.903382278256245,0.4328569270634345,high,53.106,50.569,55.76,yellow,red,yellow,False
39,Santhosh Nagar,0.007,2025,87.05480033290863,1.132188665928123,high,97.228,92.606,100.0,red,red,red,False
40,Riyasat Nagar,0.007,2025,48.76797889121786,0.9293625671614378,high,53.402,50.861,56.062,yellow,red,yellow,False
41,Kanchanbagh,0.007,2025,27.99700389247989,-1.2896429266644192,high,24.659,23.467,25.907,green,yellow,green,False
42,Barkas,0.007,2025,26.331065316798163,-1.258207265745745,high,23.264,22.14,24.441,green,yellow,green,False
43,Chandrayangutta,0.007,2025,100.0,0.4678092252598791,high,100.0,99.685,100.0,red,red,red,False
44,Uppuguda,0.007,2025,84.1984381574891,1.3279699608936206,high,95.843,91.294,100.0,red,red,red,False
45,Jangammet,0.007,2025,88.0909551475325,-0.4180408225438882,high,84.55,80.488,88.801,red,red,red,False
46,Falaknuma,0.007,2025,64.54543818387911,1.0054513142637391,high,71.205,67.817,74.749,red,red,red,False
47,Nawab Saheb Kunta,0.007,2025,71.59068518021434,2.0652204558907528,high,87.524,83.389,91.847,red,red,red,False
48,Shalibanda,0.007,2025,86.03085311821755,1.7010517784962498,high,100.0,96.729,100.0,red,red,red,False
49,Ghansi Bazar,0.007,2025,44.152681396066775,-0.3778128855944646,high,42.546,40.502,44.684,yellow,red,yellow,False
50,Begum Bazar,0.007,2025,40.19052230093796,-0.1392765677053707,high,39.645,37.745,41.635,yellow,yellow,yellow,False
51,Goshamahal,0.007,2025,45.8591722706365,-0.2879092694074924,high,44.582,42.442,46.822,yellow,red,yellow,False
52,Puranapool,0.007,2025,43.26058431959793,1.2201977237336403,high,48.731,46.416,51.153,yellow,red,yellow,False
53,Doodh Bowli,0.007,2025,35.17870899961121,1.463964529070159,high,40.576,38.652,42.589,yellow,yellow,yellow,False
54,Jahanuma,0.007,2025,64.24801600179609,1.4615730164364966,high,74.088,70.575,77.764,red,red,red,False
55,Ramnaspura,0.007,2025,71.18246414213033,-0.1114146402887969,high,70.409,67.034,73.942,red,red,red,False
56,Kishanbagh,0.007,2025,77.04853536541036,1.4146710389200807,high,88.446,84.25,92.835,red,red,red,False
57,Suleman Nagar,0.007,2025,76.99644479285818,-0.4480313604288981,high,73.684,70.143,77.39,red,red,red,False
58,Shastripuram,0.007,2025,28.68921071845968,-0.180405344768324,medium,28.186,26.052,30.481,green,yellow,green,False
59,Mailardevpally,0.007,2025,20.58951540177557,-0.1801122593535108,medium,20.229,18.698,21.876,green,yellow,green,False
60,Rajendra Nagar,0.007,2025,73.65513744553293,-0.9390819674715656,medium,67.159,62.049,72.658,red,red,red,False
61,Attapur,0.007,2025,52.62897178556625,-0.4467297140393914,medium,50.371,46.551,54.481,yellow,red,yellow,False
62,Ziaguda,0.007,2025,44.16434789047906,0.0518968249033311,high,44.389,42.264,46.614,yellow,red,yellow,False
63,Mangalhat,0.007,2025,79.11473297610773,0.3318093496899421,high,81.727,77.821,85.814,red,red,red,False
64,Dattatreya Nagar,0.007,2025,55.05533946935907,1.3544389521220646,high,62.831,59.849,65.95,red,red,yellow,False
65,Karwan,0.007,2025,51.13889312976245,-0.5500300926199667,high,48.45,46.121,50.889,yellow,red,yellow,False
66,Langar Houz,0.007,2025,59.1014035978671,-1.2974259297015354,high,52.015,49.501,54.647,yellow,red,yellow,False
67,Golconda,0.007,2025,21.117158900647134,-0.5851514488763694,high,19.938,18.979,20.942,green,yellow,green,False
68,Tolichowki,0.007,2025,41.52822852989487,-0.9801644834101492,high,37.712,35.894,39.616,yellow,red,yellow,False
69,Nanal Nagar,0.007,2025,39.61177580373081,-2.613632813527113,high,30.588,29.096,32.151,yellow,yellow,yellow,False
70,Mehdipatnam,0.007,2025,69.63442081219291,1.2475460714031446,high,78.648,74.913,82.556,red,red,red,False
71,Gudimalkapur,0.007,2025,51.82546600577277,0.038654445441875,high,52.022,49.531,54.629,yellow,red,yellow,False
72,Asif Nagar,0.007,2025,55.79434621190427,2.1316872198970773,high,68.651,65.41,72.041,red,red,yellow,False
73,Vijay Nagar Colony,0.007,2025,24.26258956311994,0.3115047509139297,high,25.014,23.818,26.265,green,yellow,green,False
74,Ahmed Nagar,0.007,2025,28.007367427191166,-0.6472238396491768,high,26.282,25.018,27.606,green,yellow,green,False
75,Red Hills,0.007,2025,44.93343295987682,-0.7563388253390277,high,41.715,39.707,43.818,yellow,red,yellow,False
76,Mallepally,0.007,2025,33.97705489011329,1.0756152894879536,high,37.739,35.945,39.617,yellow,yellow,yellow,False
77,Jambagh,0.007,2025,43.44741579462619,-0.2515658435493526,high,42.388,40.355,44.517,yellow,red,yellow,False
78,Gunfoundry,0.007,2025,6.960032118674664,-0.7493443110156411,high,6.466,6.155,6.792,green,green,green,False
79,Himayath Nagar,0.007,2025,20.974928100883787,-0.1576344585207288,high,20.653,19.663,21.69,green,yellow,green,False
80,Kachiguda,0.007,2025,19.42849792452408,0.1850218053549822,high,19.784,18.837,20.774,green,yellow,green,False
81,Nallakunta,0.007,2025,7.769430090742621,1.1675504862218826,high,8.707,8.293,9.14,green,green,green,False
82,Golnaka,0.007,2025,30.01774766250485,-0.3732736978120915,high,28.938,27.548,30.393,green,yellow,yellow,False
83,Amberpet,0.007,2025,34.01718722014084,0.1687267494379467,high,34.584,32.929,36.316,yellow,yellow,yellow,False
84,Bagh Amberpet,0.007,2025,46.90842388010578,1.0225275829530651,high,51.834,49.368,54.414,yellow,red,yellow,False
85,Adikmet,0.007,2025,21.31739578000518,0.9878203680386444,high,23.476,22.359,24.645,green,yellow,green,False
86,Musheerabad,0.007,2025,11.418124454267833,1.0355921420873242,high,12.633,12.032,13.262,green,green,green,False
87,Ramnagar,0.007,2025,2.7051762558043446,0.7424792276464005,high,2.909,2.77,3.054,green,green,green,False
88,Bholakpur,0.007,2025,2.762742622896244,1.8469382196141768,high,3.307,3.151,3.471,green,green,green,False
89,Gandhinagar,0.007,2025,12.619273413964455,-0.0397458331221889,high,12.57,11.968,13.201,green,green,green,False
90,Kavadiguda,0.007,2025,16.19239365863485,-0.9849690908031232,high,14.698,13.989,15.44,green,green,green,False
91,Khairatabad,0.007,2025,36.111745370154594,-1.3989996173421488,high,31.464,29.942,33.057,yellow,yellow,yellow,False
92,Venkateshwara Colony,0.007,2025,46.39473156432174,-0.7693357220709376,high,43.017,40.945,45.185,yellow,red,yellow,False
93,Banjara Hills,0.007,2025,8.24107584819368,0.2633900483903478,high,8.456,8.052,8.879,green,green,green,False
94,Shaikpet,0.007,2025,17.406634351778855,-0.4324772035351038,high,16.683,15.882,17.522,green,green,green,False
95,Jubilee Hills,0.007,2025,10.16211106582204,0.0759442611884154,high,10.238,9.748,10.751,green,green,green,False
96,Yousufguda,0.007,2025,39.82214631865089,0.1058633633407602,high,40.237,38.311,42.253,yellow,yellow,yellow,False
97,Somajiguda,0.007,2025,5.713789420896817,-0.2148345909592047,high,5.595,5.326,5.876,green,green,green,False
98,Ameerpet,0.007,2025,9.527142865662022,-0.3813302521334278,high,9.177,8.736,9.639,green,green,green,False
99,Vengal Rao Nagar,0.007,2025,5.107012579321559,-1.2823679168242188,high,4.501,4.284,4.729,green,green,green,False
100,Sanath Nagar,0.007,2025,14.7939148502979,0.0230449450488361,high,14.827,14.117,15.571,green,green,green,False
101,Erragadda,0.007,2025,19.20446431665971,-0.095373247413698,high,19.026,18.114,19.98,green,green,green,False
102,Rahmath Nagar,0.007,2025,36.56663934247633,1.4648526501558925,high,42.181,40.18,44.273,yellow,yellow,yellow,False
103,Borabanda,0.007,2025,18.068262967223465,1.7058059194524018,high,21.335,20.325,22.391,green,green,green,False
104,Kondapur,0.007,2025,7.067330747307282,-0.3333832947624257,medium,6.84,6.322,7.397,green,green,green,False
105,Gachibowli,0.007,2025,33.89004956015616,-1.335300581870413,medium,29.715,27.448,32.155,green,yellow,yellow,False
106,Serilingampally,0.007,2025,20.062343353707377,-1.1642127132808069,medium,17.891,16.527,19.358,green,yellow,green,False
107,Madhapur,0.007,2025,43.47608434217619,-1.2053323744009423,medium,38.613,35.67,41.781,yellow,red,yellow,False
108,Miyapur,0.007,2025,44.036763958648685,-1.8452321495441515,medium,36.709,33.898,39.734,yellow,red,yellow,False
109,Hafeezpet,0.007,2025,15.891136890618789,-0.5382408083741963,medium,15.073,13.929,16.304,green,green,green,False
110,Chandanagar,0.007,2025,45.39580629905416,-0.7299899718887063,medium,42.254,39.043,45.708,yellow,red,yellow,False
111,Bharati Nagar,0.007,2025,27.75373575427334,0.6479893373604294,medium,29.569,27.343,31.962,green,yellow,green,False
112,Ramachandrapuram,0.007,2025,35.53806010277442,-0.6950680927427123,medium,33.192,30.671,35.905,yellow,yellow,yellow,False
113,Patancheruvu,0.007,2025,21.88147546394043,-0.1116113499137126,medium,21.643,20.006,23.405,green,yellow,green,False
114,KPHB Colony,0.007,2025,19.96869435148323,-0.854960642239448,medium,18.359,16.963,19.861,green,yellow,green,False
115,Balaji Nagar,0.007,2025,27.046318929516605,-0.8279880216645622,medium,24.932,23.037,26.972,green,yellow,green,False
116,Allapur,0.007,2025,35.98419951051559,-0.4434074512372561,high,34.452,32.796,36.184,yellow,yellow,yellow,False
117,Moosapet,0.007,2025,6.384451177722012,1.077366052720513,medium,7.093,6.56,7.665,green,green,green,False
118,Fateh Nagar,0.007,2025,34.73595281677105,-0.227255162984858,medium,33.97,31.398,36.737,yellow,yellow,yellow,False
119,Old Bowenpally,0.007,2025,34.7194404275402,-0.1220840225375822,medium,34.306,31.71,37.099,yellow,yellow,yellow,False
120,Balanagar,0.007,2025,29.78165210311819,-0.3040215811691819,medium,28.907,26.716,31.262,green,yellow,green,False
121,Kukatpally,0.007,2025,25.66790810753259,0.2101305426171462,medium,26.202,24.223,28.329,green,yellow,green,False
122,Vivekananda Nagar Colony,0.007,2025,17.80929141732565,0.5669783715850022,medium,18.825,17.407,20.349,green,green,green,False
123,Hydernagar,0.007,2025,19.3376703234939,-0.823771619388124,medium,17.834,16.478,19.293,green,green,green,False
124,Alwyn Colony,0.007,2025,19.76845848874945,-0.6509631812334818,medium,18.544,17.136,20.059,green,yellow,green,False
125,Gajularamaram,0.007,2025,44.819120029158114,-0.4994060610750858,medium,42.675,39.437,46.158,yellow,red,yellow,False
126,Jagathgirigutta,0.007,2025,34.35870622053157,1.3217428606803272,medium,39.087,36.158,42.235,yellow,yellow,yellow,False
127,Rangareddy Nagar,0.007,2025,15.903728398729708,0.6944524879063165,medium,17.021,15.74,18.398,green,green,green,False
128,Chintal,0.007,2025,22.6982079591826,-0.8305096792744869,medium,20.919,19.328,22.63,green,yellow,green,False
129,Suraram,0.007,2025,21.92585195322159,-0.5599901558641079,medium,20.753,19.178,22.447,green,yellow,green,False
130,Subash Nagar,0.007,2025,19.302317114008787,1.556116772492067,medium,22.464,20.783,24.27,green,green,green,False
131,Quthbullapur,0.007,2025,21.53230215035172,0.7968932978788363,medium,23.276,21.526,25.158,green,yellow,green,False
132,Jeedimetla,0.007,2025,3.5435291292938405,-2.1517589469283225,medium,2.865,2.645,3.102,green,green,green,False
133,Macha Bolarum,0.007,2025,17.505839258584594,-0.964618482398706,medium,15.922,14.71,17.226,green,green,green,False
134,Alwal,0.007,2025,1.8761500238512907,-0.7004129217321453,medium,1.751,1.618,1.895,green,green,green,False
135,Venkatapuram,0.007,2025,13.51242378072557,-0.061215478116265,medium,13.432,12.416,14.524,green,green,green,False
136,Neredmet,0.007,2025,26.47244201687729,-1.1940273826135988,medium,23.538,21.743,25.468,green,yellow,green,False
137,Vinayak Nagar,0.007,2025,8.644771782065238,-0.0237626512984603,medium,8.625,7.972,9.326,green,green,green,False
138,Moula Ali,0.007,2025,7.4954029904765616,-0.7271095077317318,medium,6.979,6.448,7.549,green,green,green,False
139,East Anand Bagh,0.007,2025,11.557507079625998,-1.2478173949549038,medium,10.222,9.442,11.06,green,green,green,False
140,Malkajgiri,0.007,2025,13.273932289664684,-0.186982570333785,medium,13.033,12.046,14.094,green,green,green,False
141,Gautham Nagar,0.007,2025,0.0,0.7499738387398407,medium,0.0,0.0,0.0,green,green,green,False
142,Addagutta,0.007,2025,17.955381103962143,-1.943585749924028,high,14.822,14.102,15.575,green,green,green,False
143,Tarnaka,0.007,2025,28.16093587267949,-0.7628032837091792,high,26.127,24.869,27.444,green,yellow,green,False
144,Mettuguda,0.007,2025,21.6562832458312,-1.9834249709241272,high,17.806,16.942,18.712,green,yellow,green,False
145,Seethaphalmandi,0.007,2025,12.207832932801546,0.6589686916186875,high,13.02,12.399,13.67,green,green,green,False
146,Boudha Nagar,0.007,2025,13.14755833226356,1.9925054961413744,high,15.961,15.207,16.75,green,green,green,False
147,Bansilapet,0.007,2025,17.53007251690914,0.3816116608958022,high,18.197,17.328,19.107,green,green,green,False
148,Ramgopalpet,0.007,2025,20.97904794778243,0.0044675574935337,high,20.988,19.983,22.04,green,yellow,green,False
149,Begumpet,0.007,2025,8.468095173322224,-2.309027503808858,high,6.741,6.413,7.084,green,green,green,False
150,Monda Market,0.007,2025,16.341814374920414,-0.1503865519143823,high,16.103,15.33,16.911,green,green,green,False
1,Kapra,0.007,2027,12.680121752894491,-0.9836604016040716,medium,11.353,10.371,12.422,green,green,green,False
2,Dr A S Rao Nagar,0.007,2027,18.734283678123067,-0.8201467463420009,medium,17.086,15.609,18.692,green,green,green,False
3,Cherlapally,0.007,2027,15.260463530416216,-0.8381377631619515,medium,13.889,12.689,15.195,green,green,green,False
4,Meerpet H.B Colony,0.007,2027,17.05792916128591,-1.437493334299398,medium,14.509,13.25,15.88,green,green,green,False
5,Mallapur,0.007,2027,20.364108719543964,-0.4416254076115704,medium,19.38,17.71,21.197,green,yellow,green,False
6,Nacharam,0.007,2027,16.538931170534777,-0.0590221287329923,medium,16.43,15.017,17.966,green,green,green,False
7,Chilka Nagar,0.007,2027,22.05179015402969,-0.6819313187473569,medium,20.427,18.663,22.345,green,yellow,green,False
8,Habsiguda,0.007,2027,12.640284345398712,-1.6055937614633926,medium,10.549,9.633,11.547,green,green,green,False
9,Ramanthapur,0.007,2027,24.596846231804847,0.8664717260671129,medium,27.096,24.781,29.612,green,yellow,green,False
10,Uppal,0.007,2027,19.199611830304487,-0.5745750317151831,medium,18.001,16.448,19.69,green,green,green,False
11,Nagole,0.007,2027,9.537590924310026,-0.7905185713537645,medium,8.727,7.973,9.548,green,green,green,False
12,Mansoorabad,0.007,2027,26.841117123806374,0.0946510927359304,medium,27.127,24.797,29.661,green,yellow,green,False
13,Hayath Nagar,0.007,2027,22.86664227967571,-0.948309231773872,medium,20.555,18.778,22.49,green,yellow,green,False
14,BN Reddy Nagar,0.007,2027,21.15247131245172,-0.4028192029372512,medium,20.218,18.476,22.113,green,yellow,green,False
15,Vanasthalipuram,0.007,2027,12.480989556805442,0.1311293812205049,medium,12.666,11.578,13.848,green,green,green,False
16,Hasthinapuram,0.007,2027,13.317476167785204,-0.1419084756440861,medium,13.107,11.98,14.334,green,green,green,False
17,Champapet,0.007,2027,10.119797915818294,0.2862280859610283,medium,10.449,9.553,11.424,green,green,green,False
18,Lingojiguda,0.007,2027,20.463149965933763,0.0157130745260558,medium,20.499,18.738,22.415,green,yellow,green,False
19,Saroornagar,0.007,2027,23.3003115523946,-0.4762623821501535,medium,22.088,20.184,24.16,green,yellow,green,False
20,RK Puram,0.007,2027,17.312657445883733,0.9644110007938708,medium,19.28,17.634,21.07,green,green,green,False
21,Kothapet,0.007,2027,54.680740790110846,0.4543386486826762,medium,57.531,52.602,62.89,yellow,red,yellow,False
22,Chaitanyapuri,0.007,2027,68.58888362743684,0.7488287977554536,medium,74.573,68.197,81.505,red,red,red,False
23,Gaddiannaram,0.007,2027,63.46909795336673,1.5244080650695295,high,75.217,71.156,79.495,red,red,red,False
24,Saidabad,0.007,2027,67.81063469612425,0.7634837398766253,high,73.847,69.84,78.07,red,red,red,False
25,Moosarambagh,0.007,2027,66.58283839773247,1.007449144089618,high,74.506,70.47,78.759,red,red,red,False
26,Old Malakpet,0.007,2027,48.20784105626365,-0.8355527248936624,high,43.889,41.481,46.428,yellow,red,yellow,False
27,Akbarbagh,0.007,2027,56.956197126707295,0.1430106944756923,high,57.875,54.721,61.199,yellow,red,yellow,False
28,Azampura,0.007,2027,53.26153041106591,0.1995536480316407,high,54.464,51.497,57.591,yellow,red,yellow,False
29,Chawni,0.007,2027,65.3631822060597,1.138192531834751,high,74.212,70.195,78.445,red,red,red,False
30,Dabeerpura,0.007,2027,45.38405832109515,0.0634785470297453,high,45.708,43.215,48.335,yellow,red,yellow,False
31,Rein Bazar,0.007,2027,62.38436857967638,1.2266326964665648,high,71.53,67.66,75.606,red,red,red,False
32,Patthergatti,0.007,2027,30.26099353464391,1.0313634009799733,high,33.952,32.113,35.89,yellow,yellow,yellow,False
33,Moghalpura,0.007,2027,26.707543459025928,1.2277389456226209,high,30.626,28.97,32.372,yellow,yellow,green,False
34,Talab Chanchalam,0.007,2027,43.59999704543002,2.8358558015753537,high,59.714,56.518,63.078,yellow,red,yellow,False
35,Gowlipura,0.007,2027,56.493918378226624,0.9787812357046782,high,63.016,59.601,66.613,red,red,yellow,False
36,Lalithabagh,0.007,2027,60.9936752399674,0.2493068256822851,high,62.719,59.303,66.319,red,red,red,False
37,Kurmaguda,0.007,2027,53.21065805634374,1.6138511082829068,high,63.688,60.251,67.308,red,red,yellow,False
38,IS Sadan,0.007,2027,50.903382278256245,0.4328569270634345,high,53.428,50.522,56.49,yellow,red,yellow,False
39,Santhosh Nagar,0.007,2027,87.05480033290863,1.132188665928123,high,98.775,93.428,100.0,red,red,red,False
40,Riyasat Nagar,0.007,2027,48.76797889121786,0.9293625671614378,high,54.1,51.167,57.189,yellow,red,yellow,False
41,Kanchanbagh,0.007,2027,27.99700389247989,-1.2896429266644192,high,24.216,22.883,25.621,green,yellow,green,False
42,Barkas,0.007,2027,26.331065316798163,-1.258207265745745,high,22.856,21.598,24.182,green,yellow,green,False
43,Chandrayangutta,0.007,2027,100.0,0.4678092252598791,high,100.0,99.64,100.0,red,red,red,False
44,Uppuguda,0.007,2027,84.1984381574891,1.3279699608936206,high,97.634,92.355,100.0,red,red,red,False
45,Jangammet,0.007,2027,88.0909551475325,-0.4180408225438882,high,84.056,79.457,88.903,red,red,red,False
46,Falaknuma,0.007,2027,64.54543818387911,1.0054513142637391,high,72.211,68.298,76.332,red,red,red,False
47,Nawab Saheb Kunta,0.007,2027,71.59068518021434,2.0652204558907528,high,90.072,85.227,95.175,red,red,red,False
48,Shalibanda,0.007,2027,86.03085311821755,1.7010517784962498,high,100.0,98.363,100.0,red,red,red,False
49,Ghansi Bazar,0.007,2027,44.152681396066775,-0.3778128855944646,high,42.321,40.006,44.761,yellow,red,yellow,False
50,Begum Bazar,0.007,2027,40.19052230093796,-0.1392765677053707,high,39.568,37.408,41.845,yellow,yellow,yellow,False
51,Goshamahal,0.007,2027,45.8591722706365,-0.2879092694074924,high,44.403,41.975,46.961,yellow,red,yellow,False
52,Puranapool,0.007,2027,43.26058431959793,1.2201977237336403,high,49.567,46.885,52.392,yellow,red,yellow,False
53,Doodh Bowli,0.007,2027,35.17870899961121,1.463964529070159,high,41.412,39.175,43.768,yellow,yellow,yellow,False
54,Jahanuma,0.007,2027,64.24801600179609,1.4615730164364966,high,75.612,71.528,79.914,red,red,red,False
55,Ramnaspura,0.007,2027,71.18246414213033,-0.1114146402887969,high,70.299,66.461,74.344,red,red,red,False
56,Kishanbagh,0.007,2027,77.04853536541036,1.4146710389200807,high,90.206,85.332,95.34,red,red,red,False
57,Suleman Nagar,0.007,2027,76.99644479285818,-0.4480313604288981,high,73.222,69.216,77.446,red,red,red,False
58,Shastripuram,0.007,2027,28.68921071845968,-0.180405344768324,medium,28.115,25.696,30.746,green,yellow,green,False
59,Mailardevpally,0.007,2027,20.58951540177557,-0.1801122593535108,medium,20.178,18.442,22.066,green,yellow,green,False
60,Rajendra Nagar,0.007,2027,73.65513744553293,-0.9390819674715656,medium,66.279,60.547,72.516,red,red,red,False
61,Attapur,0.007,2027,52.62897178556625,-0.4467297140393914,medium,50.057,45.742,54.75,yellow,red,yellow,False
62,Ziaguda,0.007,2027,44.16434789047906,0.0518968249033311,high,44.422,41.999,46.975,yellow,red,yellow,False
63,Mangalhat,0.007,2027,79.11473297610773,0.3318093496899421,high,82.107,77.638,86.816,red,red,red,False
64,Dattatreya Nagar,0.007,2027,55.05533946935907,1.3544389521220646,high,64.028,60.567,67.674,red,red,yellow,False
65,Karwan,0.007,2027,51.13889312976245,-0.5500300926199667,high,48.078,45.445,50.853,yellow,red,yellow,False
66,Langar Houz,0.007,2027,59.1014035978671,-1.2974259297015354,high,51.074,48.263,54.038,yellow,red,yellow,False
67,Golconda,0.007,2027,21.117158900647134,-0.5851514488763694,high,19.775,18.692,20.917,green,yellow,green,False
68,Tolichowki,0.007,2027,41.52822852989487,-0.9801644834101492,high,37.197,35.154,39.35,yellow,red,yellow,False
69,Nanal Nagar,0.007,2027,39.61177580373081,-2.613632813527113,high,29.479,27.842,31.207,green,yellow,yellow,False
70,Mehdipatnam,0.007,2027,69.63442081219291,1.2475460714031446,high,80.028,75.699,84.588,red,red,red,False
71,Gudimalkapur,0.007,2027,51.82546600577277,0.038654445441875,high,52.05,49.211,55.042,yellow,red,yellow,False
72,Asif Nagar,0.007,2027,55.79434621190427,2.1316872198970773,high,70.715,66.912,74.719,red,red,yellow,False
73,Vijay Nagar Colony,0.007,2027,24.26258956311994,0.3115047509139297,high,25.123,23.755,26.564,green,yellow,green,False
74,Ahmed Nagar,0.007,2027,28.007367427191166,-0.6472238396491768,high,26.045,24.618,27.549,green,yellow,green,False
75,Red Hills,0.007,2027,44.93343295987682,-0.7563388253390277,high,41.275,39.011,43.661,yellow,red,yellow,False
76,Mallepally,0.007,2027,33.97705489011329,1.0756152894879536,high,38.31,36.235,40.495,yellow,yellow,yellow,False
77,Jambagh,0.007,2027,43.44741579462619,-0.2515658435493526,high,42.239,39.931,44.672,yellow,red,yellow,False
78,Gunfoundry,0.007,2027,6.960032118674664,-0.7493443110156411,high,6.398,6.047,6.768,green,green,green,False
79,Himayath Nagar,0.007,2027,20.974928100883787,-0.1576344585207288,high,20.608,19.482,21.794,green,yellow,green,False
80,Kachiguda,0.007,2027,19.42849792452408,0.1850218053549822,high,19.835,18.754,20.974,green,yellow,green,False
81,Nallakunta,0.007,2027,7.769430090742621,1.1675504862218826,high,8.85,8.371,9.355,green,green,green,False
82,Golnaka,0.007,2027,30.01774766250485,-0.3732736978120915,high,28.787,27.213,30.447,green,yellow,yellow,False
83,Amberpet,0.007,2027,34.01718722014084,0.1687267494379467,high,34.666,32.777,36.656,yellow,yellow,yellow,False
84,Bagh Amberpet,0.007,2027,46.90842388010578,1.0225275829530651,high,52.579,49.73,55.58,yellow,red,yellow,False
85,Adikmet,0.007,2027,21.31739578000518,0.9878203680386444,high,23.802,22.512,25.161,green,yellow,green,False
86,Musheerabad,0.007,2027,11.418124454267833,1.0355921420873242,high,12.817,12.123,13.548,green,green,green,False
87,Ramnagar,0.007,2027,2.7051762558043446,0.7424792276464005,high,2.939,2.78,3.107,green,green,green,False
88,Bholakpur,0.007,2027,2.762742622896244,1.8469382196141768,high,3.393,3.21,3.586,green,green,green,False
89,Gandhinagar,0.007,2027,12.619273413964455,-0.0397458331221889,high,12.563,11.878,13.286,green,green,green,False
90,Kavadiguda,0.007,2027,16.19239365863485,-0.9849690908031232,high,14.496,13.699,15.335,green,green,green,False
91,Khairatabad,0.007,2027,36.111745370154594,-1.3989996173421488,high,30.851,29.151,32.642,yellow,yellow,yellow,False
92,Venkateshwara Colony,0.007,2027,46.39473156432174,-0.7693357220709376,high,42.555,40.221,45.015,yellow,red,yellow,False
93,Banjara Hills,0.007,2027,8.24107584819368,0.2633900483903478,high,8.488,8.025,8.975,green,green,green,False
94,Shaikpet,0.007,2027,17.406634351778855,-0.4324772035351038,high,16.582,15.675,17.539,green,green,green,False
95,Jubilee Hills,0.007,2027,10.16211106582204,0.0759442611884154,high,10.249,9.69,10.838,green,green,green,False
96,Yousufguda,0.007,2027,39.82214631865089,0.1058633633407602,high,40.297,38.1,42.612,yellow,yellow,yellow,False
97,Somajiguda,0.007,2027,5.713789420896817,-0.2148345909592047,high,5.578,5.273,5.899,green,green,green,False
98,Ameerpet,0.007,2027,9.527142865662022,-0.3813302521334278,high,9.128,8.629,9.655,green,green,green,False
99,Vengal Rao Nagar,0.007,2027,5.107012579321559,-1.2823679168242188,high,4.421,4.178,4.677,green,green,green,False
100,Sanath Nagar,0.007,2027,14.7939148502979,0.0230449450488361,high,14.832,14.023,15.685,green,green,green,False
101,Erragadda,0.007,2027,19.20446431665971,-0.095373247413698,high,19.0,17.963,20.094,green,green,green,False
102,Rahmath Nagar,0.007,2027,36.56663934247633,1.4648526501558925,high,43.05,40.725,45.499,yellow,yellow,yellow,False
103,Borabanda,0.007,2027,18.068262967223465,1.7058059194524018,high,21.847,20.669,23.088,green,green,green,False
104,Kondapur,0.007,2027,7.067330747307282,-0.3333832947624257,medium,6.808,6.222,7.446,green,green,green,False
105,Gachibowli,0.007,2027,33.89004956015616,-1.335300581870413,medium,29.162,26.633,31.914,green,yellow,yellow,False
106,Serilingampally,0.007,2027,20.062343353707377,-1.1642127132808069,medium,17.6,16.076,19.259,green,yellow,green,False
107,Madhapur,0.007,2027,43.47608434217619,-1.2053323744009423,medium,37.964,34.675,41.544,yellow,red,yellow,False
108,Miyapur,0.007,2027,44.036763958648685,-1.8452321495441515,medium,35.767,32.654,39.155,yellow,red,yellow,False
109,Hafeezpet,0.007,2027,15.891136890618789,-0.5382408083741963,medium,14.96,13.67,16.363,green,green,green,False
110,Chandanagar,0.007,2027,45.39580629905416,-0.7299899718887063,medium,41.823,38.212,45.753,yellow,red,yellow,False
111,Bharati Nagar,0.007,2027,27.75373575427334,0.6479893373604294,medium,29.838,27.285,32.614,green,yellow,green,False
112,Ramachandrapuram,0.007,2027,35.53806010277442,-0.6950680927427123,medium,32.87,30.032,35.958,yellow,yellow,yellow,False
113,Patancheruvu,0.007,2027,21.88147546394043,-0.1116113499137126,medium,21.61,19.751,23.631,green,yellow,green,False
114,KPHB Colony,0.007,2027,19.96869435148323,-0.854960642239448,medium,18.14,16.572,19.846,green,yellow,green,False
115,Balaji Nagar,0.007,2027,27.046318929516605,-0.8279880216645622,medium,24.644,22.515,26.962,green,yellow,green,False
116,Allapur,0.007,2027,35.98419951051559,-0.4434074512372561,high,34.238,32.365,36.213,yellow,yellow,yellow,False
117,Moosapet,0.007,2027,6.384451177722012,1.077366052720513,medium,7.2,6.586,7.868,green,green,green,False
118,Fateh Nagar,0.007,2027,34.73595281677105,-0.227255162984858,medium,33.862,30.948,37.032,yellow,yellow,yellow,False
119,Old Bowenpally,0.007,2027,34.7194404275402,-0.1220840225375822,medium,34.248,31.302,37.452,yellow,yellow,yellow,False
120,Balanagar,0.007,2027,29.78165210311819,-0.3040215811691819,medium,28.784,26.305,31.48,green,yellow,green,False
121,Kukatpally,0.007,2027,25.66790810753259,0.2101305426171462,medium,26.279,24.024,28.731,green,yellow,green,False
122,Vivekananda Nagar Colony,0.007,2027,17.80929141732565,0.5669783715850022,medium,18.975,17.35,20.741,green,green,green,False
123,Hydernagar,0.007,2027,19.3376703234939,-0.823771619388124,medium,17.629,16.105,19.286,green,green,green,False
124,Alwyn Colony,0.007,2027,19.76845848874945,-0.6509631812334818,medium,18.375,16.789,20.101,green,yellow,green,False
125,Gajularamaram,0.007,2027,44.819120029158114,-0.4994060610750858,medium,42.377,38.723,46.352,yellow,red,yellow,False
126,Jagathgirigutta,0.007,2027,34.35870622053157,1.3217428606803272,medium,39.814,36.422,43.499,yellow,yellow,yellow,False
127,Rangareddy Nagar,0.007,2027,15.903728398729708,0.6944524879063165,medium,17.187,15.717,18.785,green,green,green,False
128,Chintal,0.007,2027,22.6982079591826,-0.8305096792744869,medium,20.676,18.89,22.621,green,yellow,green,False
129,Suraram,0.007,2027,21.92585195322159,-0.5599901558641079,medium,20.59,18.814,22.523,green,yellow,green,False
130,Subash Nagar,0.007,2027,19.302317114008787,1.556116772492067,medium,22.956,21.003,25.077,green,green,green,False
131,Quthbullapur,0.007,2027,21.53230215035172,0.7968932978788363,medium,23.537,21.525,25.724,green,yellow,green,False
132,Jeedimetla,0.007,2027,3.5435291292938405,-2.1517589469283225,medium,2.78,2.537,3.043,green,green,green,False
133,Macha Bolarum,0.007,2027,17.505839258584594,-0.964618482398706,medium,15.707,14.349,17.186,green,green,green,False
134,Alwal,0.007,2027,1.8761500238512907,-0.7004129217321453,medium,1.734,1.585,1.897,green,green,green,False
135,Venkatapuram,0.007,2027,13.51242378072557,-0.061215478116265,medium,13.42,12.266,14.675,green,green,green,False
136,Neredmet,0.007,2027,26.47244201687729,-1.1940273826135988,medium,23.146,21.141,25.328,green,yellow,green,False
137,Vinayak Nagar,0.007,2027,8.644771782065238,-0.0237626512984603,medium,8.622,7.881,9.428,green,green,green,False
138,Moula Ali,0.007,2027,7.4954029904765616,-0.7271095077317318,medium,6.908,6.311,7.557,green,green,green,False
139,East Anand Bagh,0.007,2027,11.557507079625998,-1.2478173949549038,medium,10.044,9.174,10.991,green,green,green,False
140,Malkajgiri,0.007,2027,13.273932289664684,-0.186982570333785,medium,12.999,11.88,14.215,green,green,green,False
141,Gautham Nagar,0.007,2027,0.0,0.7499738387398407,medium,0.0,0.0,0.0,green,green,green,False
142,Addagutta,0.007,2027,17.955381103962143,-1.943585749924028,high,14.421,13.624,15.262,green,green,green,False
143,Tarnaka,0.007,2027,28.16093587267949,-0.7628032837091792,high,25.849,24.431,27.343,green,yellow,green,False
144,Mettuguda,0.007,2027,21.6562832458312,-1.9834249709241272,high,17.315,16.358,18.325,green,yellow,green,False
145,Seethaphalmandi,0.007,2027,12.207832932801546,0.6589686916186875,high,13.141,12.427,13.893,green,green,green,False
146,Boudha Nagar,0.007,2027,13.14755833226356,1.9925054961413744,high,16.409,15.526,17.34,green,green,green,False
147,Bansilapet,0.007,2027,17.53007251690914,0.3816116608958022,high,18.295,17.299,19.343,green,green,green,False
148,Ramgopalpet,0.007,2027,20.97904794778243,0.0044675574935337,high,20.99,19.845,22.196,green,yellow,green,False
149,Begumpet,0.007,2027,8.468095173322224,-2.309027503808858,high,6.525,6.163,6.906,green,green,green,False
150,Monda Market,0.007,2027,16.341814374920414,-0.1503865519143823,high,16.069,15.191,16.994,green,green,green,False
1,Kapra,0.007,2030,12.680121752894491,-0.9836604016040716,medium,11.12,9.987,12.374,green,green,green,False
2,Dr A S Rao Nagar,0.007,2030,18.734283678123067,-0.8201467463420009,medium,16.793,15.084,18.684,green,green,green,False
3,Cherlapally,0.007,2030,15.260463530416216,-0.8381377631619515,medium,13.646,12.257,15.183,green,green,green,False
4,Meerpet H.B Colony,0.007,2030,17.05792916128591,-1.437493334299398,medium,14.076,12.638,15.668,green,green,green,False
5,Mallapur,0.007,2030,20.364108719543964,-0.4416254076115704,medium,19.201,17.252,21.357,green,yellow,green,False
6,Nacharam,0.007,2030,16.538931170534777,-0.0590221287329923,medium,16.41,14.748,18.247,green,green,green,False
7,Chilka Nagar,0.007,2030,22.05179015402969,-0.6819313187473569,medium,20.135,18.088,22.401,green,yellow,green,False
8,Habsiguda,0.007,2030,12.640284345398712,-1.6055937614633926,medium,10.197,9.154,11.353,green,green,green,False
9,Ramanthapur,0.007,2030,24.596846231804847,0.8664717260671129,medium,27.592,24.815,30.661,green,yellow,green,False
10,Uppal,0.007,2030,19.199611830304487,-0.5745750317151831,medium,17.784,15.978,19.783,green,green,green,False
11,Nagole,0.007,2030,9.537590924310026,-0.7905185713537645,medium,8.583,7.71,9.55,green,green,green,False
12,Mansoorabad,0.007,2030,26.841117123806374,0.0946510927359304,medium,27.181,24.432,30.221,green,yellow,green,False
13,Hayath Nagar,0.007,2030,22.86664227967571,-0.948309231773872,medium,20.149,18.097,22.42,green,yellow,green,False
14,BN Reddy Nagar,0.007,2030,21.15247131245172,-0.4028192029372512,medium,20.048,18.013,22.298,green,yellow,green,False
15,Vanasthalipuram,0.007,2030,12.480989556805442,0.1311293812205049,medium,12.7,11.416,14.121,green,green,green,False
16,Hasthinapuram,0.007,2030,13.317476167785204,-0.1419084756440861,medium,13.068,11.745,14.533,green,green,green,False
17,Champapet,0.007,2030,10.119797915818294,0.2862280859610283,medium,10.512,9.45,11.686,green,green,green,False
18,Lingojiguda,0.007,2030,20.463149965933763,0.0157130745260558,medium,20.506,18.431,22.801,green,yellow,green,False
19,Saroornagar,0.007,2030,23.3003115523946,-0.4762623821501535,medium,21.868,19.648,24.324,green,yellow,green,False
20,RK Puram,0.007,2030,17.312657445883733,0.9644110007938708,medium,19.674,17.695,21.86,green,green,green,False
21,Kothapet,0.007,2030,54.680740790110846,0.4543386486826762,medium,58.081,52.221,64.561,yellow,red,yellow,False
22,Chaitanyapuri,0.007,2030,68.58888362743684,0.7488287977554536,medium,75.752,68.124,84.185,red,red,red,False
23,Gaddiannaram,0.007,2030,63.46909795336673,1.5244080650695295,high,77.651,72.698,82.923,red,red,red,False
24,Saidabad,0.007,2030,67.81063469612425,0.7634837398766253,high,75.038,70.227,80.16,red,red,red,False
25,Moosarambagh,0.007,2030,66.58283839773247,1.007449144089618,high,76.094,71.223,81.279,red,red,red,False
26,Old Malakpet,0.007,2030,48.20784105626365,-0.8355527248936624,high,43.123,40.328,46.101,yellow,red,yellow,False
27,Akbarbagh,0.007,2030,56.956197126707295,0.1430106944756923,high,58.049,54.312,62.03,yellow,red,yellow,False
28,Azampura,0.007,2030,53.26153041106591,0.1995536480316407,high,54.693,51.173,58.442,yellow,red,yellow,False
29,Chawni,0.007,2030,65.3631822060597,1.138192531834751,high,76.0,71.14,81.174,red,red,red,False
30,Dabeerpura,0.007,2030,45.38405832109515,0.0634785470297453,high,45.769,42.82,48.909,yellow,red,yellow,False
31,Rein Bazar,0.007,2030,62.38436857967638,1.2266326964665648,high,73.388,68.697,78.381,red,red,red,False
32,Patthergatti,0.007,2030,30.26099353464391,1.0313634009799733,high,34.693,32.473,37.057,yellow,yellow,yellow,False
33,Moghalpura,0.007,2030,26.707543459025928,1.2277389456226209,high,31.423,29.415,33.561,yellow,yellow,green,False
34,Talab Chanchalam,0.007,2030,43.59999704543002,2.8358558015753537,high,63.341,59.336,67.601,red,red,yellow,False
35,Gowlipura,0.007,2030,56.493918378226624,0.9787812357046782,high,64.32,60.202,68.703,red,red,yellow,False
36,Lalithabagh,0.007,2030,60.9936752399674,0.2493068256822851,high,63.048,58.992,67.368,red,red,red,False
37,Kurmaguda,0.007,2030,53.21065805634374,1.6138511082829068,high,65.871,61.672,70.34,red,red,yellow,False
38,IS Sadan,0.007,2030,50.903382278256245,0.4328569270634345,high,53.915,50.451,57.604,yellow,red,yellow,False
39,Santhosh Nagar,0.007,2030,87.05480033290863,1.132188665928123,high,100.0,94.673,100.0,red,red,red,False
40,Riyasat Nagar,0.007,2030,48.76797889121786,0.9293625671614378,high,55.162,51.63,58.923,yellow,red,yellow,False
41,Kanchanbagh,0.007,2030,27.99700389247989,-1.2896429266644192,high,23.566,22.034,25.198,green,yellow,green,False
42,Barkas,0.007,2030,26.331065316798163,-1.258207265745745,high,22.257,20.81,23.799,green,yellow,green,False
43,Chandrayangutta,0.007,2030,100.0,0.4678092252598791,high,100.0,99.573,100.0,red,red,red,False
44,Uppuguda,0.007,2030,84.1984381574891,1.3279699608936206,high,100.0,93.97,100.0,red,red,red,False
45,Jangammet,0.007,2030,88.0909551475325,-0.4180408225438882,high,83.32,77.935,89.056,red,red,red,False
46,Falaknuma,0.007,2030,64.54543818387911,1.0054513142637391,high,73.746,69.025,78.771,red,red,red,False
47,Nawab Saheb Kunta,0.007,2030,71.59068518021434,2.0652204558907528,high,94.036,88.059,100.0,red,red,red,False
48,Shalibanda,0.007,2030,86.03085311821755,1.7010517784962498,high,100.0,100.0,100.0,red,red,red,False
49,Ghansi Bazar,0.007,2030,44.152681396066775,-0.3778128855944646,high,41.986,39.273,44.876,yellow,red,yellow,False
50,Begum Bazar,0.007,2030,40.19052230093796,-0.1392765677053707,high,39.453,36.908,42.163,yellow,yellow,yellow,False
51,Goshamahal,0.007,2030,45.8591722706365,-0.2879092694074924,high,44.135,41.285,47.17,yellow,red,yellow,False
52,Puranapool,0.007,2030,43.26058431959793,1.2201977237336403,high,50.848,47.598,54.307,yellow,red,yellow,False
53,Doodh Bowli,0.007,2030,35.17870899961121,1.463964529070159,high,42.698,39.974,45.598,yellow,yellow,yellow,False
54,Jahanuma,0.007,2030,64.24801600179609,1.4615730164364966,high,77.957,72.982,83.251,red,red,red,False
55,Ramnaspura,0.007,2030,71.18246414213033,-0.1114146402887969,high,70.135,65.612,74.953,red,red,red,False
56,Kishanbagh,0.007,2030,77.04853536541036,1.4146710389200807,high,92.913,86.982,99.226,red,red,red,False
57,Suleman Nagar,0.007,2030,76.99644479285818,-0.4480313604288981,high,72.536,67.847,77.53,red,red,red,False
58,Shastripuram,0.007,2030,28.68921071845968,-0.180405344768324,medium,28.009,25.171,31.148,green,yellow,green,False
59,Mailardevpally,0.007,2030,20.58951540177557,-0.1801122593535108,medium,20.102,18.065,22.355,green,yellow,green,False
60,Rajendra Nagar,0.007,2030,73.65513744553293,-0.9390819674715656,medium,64.98,58.363,72.305,red,red,red,False
61,Attapur,0.007,2030,52.62897178556625,-0.4467297140393914,medium,49.588,44.555,55.158,yellow,red,yellow,False
62,Ziaguda,0.007,2030,44.16434789047906,0.0518968249033311,high,44.47,41.605,47.521,yellow,red,yellow,False
63,Mangalhat,0.007,2030,79.11473297610773,0.3318093496899421,high,82.68,77.364,88.341,red,red,red,False
64,Dattatreya Nagar,0.007,2030,55.05533946935907,1.3544389521220646,high,65.867,61.66,70.344,red,red,yellow,False
65,Karwan,0.007,2030,51.13889312976245,-0.5500300926199667,high,47.525,44.45,50.8,yellow,red,yellow,False
66,Langar Houz,0.007,2030,59.1014035978671,-1.2974259297015354,high,49.695,46.464,53.138,yellow,red,yellow,False
67,Golconda,0.007,2030,21.117158900647134,-0.5851514488763694,high,19.533,18.269,20.879,green,yellow,green,False
68,Tolichowki,0.007,2030,41.52822852989487,-0.9801644834101492,high,36.436,34.072,38.955,yellow,red,yellow,False
69,Nanal Nagar,0.007,2030,39.61177580373081,-2.613632813527113,high,27.891,26.061,29.842,green,yellow,yellow,False
70,Mehdipatnam,0.007,2030,69.63442081219291,1.2475460714031446,high,82.143,76.894,87.731,red,red,red,False
71,Gudimalkapur,0.007,2030,51.82546600577277,0.038654445441875,high,52.093,48.736,55.667,yellow,red,yellow,False
72,Asif Nagar,0.007,2030,55.79434621190427,2.1316872198970773,high,73.928,69.232,78.925,red,red,yellow,False
73,Vijay Nagar Colony,0.007,2030,24.26258956311994,0.3115047509139297,high,25.288,23.661,27.02,green,yellow,green,False
74,Ahmed Nagar,0.007,2030,28.007367427191166,-0.6472238396491768,high,25.692,24.029,27.464,green,yellow,green,False
75,Red Hills,0.007,2030,44.93343295987682,-0.7563388253390277,high,40.622,37.991,43.426,yellow,red,yellow,False
76,Mallepally,0.007,2030,33.97705489011329,1.0756152894879536,high,39.182,36.675,41.85,yellow,yellow,yellow,False
77,Jambagh,0.007,2030,43.44741579462619,-0.2515658435493526,high,42.017,39.304,44.906,yellow,red,yellow,False
78,Gunfoundry,0.007,2030,6.960032118674664,-0.7493443110156411,high,6.298,5.89,6.733,green,green,green,False
79,Himayath Nagar,0.007,2030,20.974928100883787,-0.1576344585207288,high,20.54,19.214,21.951,green,yellow,green,False
80,Kachiguda,0.007,2030,19.42849792452408,0.1850218053549822,high,19.912,18.631,21.277,green,yellow,green,False
81,Nallakunta,0.007,2030,7.769430090742621,1.1675504862218826,high,9.069,8.489,9.686,green,green,green,False
82,Golnaka,0.007,2030,30.01774766250485,-0.3732736978120915,high,28.562,26.717,30.528,green,yellow,yellow,False
83,Amberpet,0.007,2030,34.01718722014084,0.1687267494379467,high,34.789,32.549,37.174,yellow,yellow,yellow,False
84,Bagh Amberpet,0.007,2030,46.90842388010578,1.0225275829530651,high,53.716,50.278,57.376,yellow,red,yellow,False
85,Adikmet,0.007,2030,21.31739578000518,0.9878203680386444,high,24.299,22.744,25.955,green,yellow,green,False
86,Musheerabad,0.007,2030,11.418124454267833,1.0355921420873242,high,13.098,12.26,13.99,green,green,green,False
87,Ramnagar,0.007,2030,2.7051762558043446,0.7424792276464005,high,2.985,2.794,3.189,green,green,green,False
88,Bholakpur,0.007,2030,2.762742622896244,1.8469382196141768,high,3.526,3.302,3.765,green,green,green,False
89,Gandhinagar,0.007,2030,12.619273413964455,-0.0397458331221889,high,12.553,11.744,13.415,green,green,green,False
90,Kavadiguda,0.007,2030,16.19239365863485,-0.9849690908031232,high,14.198,13.277,15.179,green,green,green,False
91,Khairatabad,0.007,2030,36.111745370154594,-1.3989996173421488,high,29.953,28.004,32.03,green,yellow,yellow,False
92,Venkateshwara Colony,0.007,2030,46.39473156432174,-0.7693357220709376,high,41.871,39.158,44.761,yellow,red,yellow,False
93,Banjara Hills,0.007,2030,8.24107584819368,0.2633900483903478,high,8.535,7.986,9.119,green,green,green,False
94,Shaikpet,0.007,2030,17.406634351778855,-0.4324772035351038,high,16.432,15.37,17.564,green,green,green,False
95,Jubilee Hills,0.007,2030,10.16211106582204,0.0759442611884154,high,10.265,9.604,10.969,green,green,green,False
96,Yousufguda,0.007,2030,39.82214631865089,0.1058633633407602,high,40.387,37.786,43.156,yellow,yellow,yellow,False
97,Somajiguda,0.007,2030,5.713789420896817,-0.2148345909592047,high,5.553,5.194,5.934,green,green,green,False
98,Ameerpet,0.007,2030,9.527142865662022,-0.3813302521334278,high,9.055,8.47,9.679,green,green,green,False
99,Vengal Rao Nagar,0.007,2030,5.107012579321559,-1.2823679168242188,high,4.303,4.023,4.601,green,green,green,False
100,Sanath Nagar,0.007,2030,14.7939148502979,0.0230449450488361,high,14.839,13.883,15.858,green,green,green,False
101,Erragadda,0.007,2030,19.20446431665971,-0.095373247413698,high,18.962,17.739,20.265,green,green,green,False
102,Rahmath Nagar,0.007,2030,36.56663934247633,1.4648526501558925,high,44.388,41.556,47.403,yellow,yellow,yellow,False
103,Borabanda,0.007,2030,18.068262967223465,1.7058059194524018,high,22.639,21.197,24.174,green,green,green,False
104,Kondapur,0.007,2030,7.067330747307282,-0.3333832947624257,medium,6.76,6.075,7.519,green,green,green,False
105,Gachibowli,0.007,2030,33.89004956015616,-1.335300581870413,medium,28.352,25.457,31.557,green,yellow,yellow,False
106,Serilingampally,0.007,2030,20.062343353707377,-1.1642127132808069,medium,17.174,15.422,19.112,green,yellow,green,False
107,Madhapur,0.007,2030,43.47608434217619,-1.2053323744009423,medium,37.011,33.235,41.191,yellow,red,yellow,False
108,Miyapur,0.007,2030,44.036763958648685,-1.8452321495441515,medium,34.398,30.874,38.302,yellow,red,yellow,False
109,Hafeezpet,0.007,2030,15.891136890618789,-0.5382408083741963,medium,14.791,13.289,16.454,green,green,green,False
110,Chandanagar,0.007,2030,45.39580629905416,-0.7299899718887063,medium,41.185,36.997,45.82,yellow,red,yellow,False
111,Bharati Nagar,0.007,2030,27.75373575427334,0.6479893373604294,medium,30.246,27.198,33.615,yellow,yellow,green,False
112,Ramachandrapuram,0.007,2030,35.53806010277442,-0.6950680927427123,medium,32.393,29.099,36.037,yellow,yellow,yellow,False
113,Patancheruvu,0.007,2030,21.88147546394043,-0.1116113499137126,medium,21.559,19.375,23.974,green,yellow,green,False
114,KPHB Colony,0.007,2030,19.96869435148323,-0.854960642239448,medium,17.816,16.003,19.823,green,yellow,green,False
115,Balaji Nagar,0.007,2030,27.046318929516605,-0.8279880216645622,medium,24.218,21.754,26.946,green,yellow,green,False
116,Allapur,0.007,2030,35.98419951051559,-0.4434074512372561,high,33.92,31.728,36.256,yellow,yellow,yellow,False
117,Moosapet,0.007,2030,6.384451177722012,1.077366052720513,medium,7.364,6.624,8.182,green,green,green,False
118,Fateh Nagar,0.007,2030,34.73595281677105,-0.227255162984858,medium,33.701,30.285,37.48,yellow,yellow,yellow,False
119,Old Bowenpally,0.007,2030,34.7194404275402,-0.1220840225375822,medium,34.16,30.7,37.987,yellow,yellow,yellow,False
120,Balanagar,0.007,2030,29.78165210311819,-0.3040215811691819,medium,28.6,25.7,31.809,green,yellow,green,False
121,Kukatpally,0.007,2030,25.66790810753259,0.2101305426171462,medium,26.395,23.727,29.345,green,yellow,green,False
122,Vivekananda Nagar Colony,0.007,2030,17.80929141732565,0.5669783715850022,medium,19.201,17.265,21.342,green,green,green,False
123,Hydernagar,0.007,2030,19.3376703234939,-0.823771619388124,medium,17.325,15.562,19.277,green,green,green,False
124,Alwyn Colony,0.007,2030,19.76845848874945,-0.6509631812334818,medium,18.125,16.283,20.164,green,yellow,green,False
125,Gajularamaram,0.007,2030,44.819120029158114,-0.4994060610750858,medium,41.934,37.676,46.645,yellow,red,yellow,False
126,Jagathgirigutta,0.007,2030,34.35870622053157,1.3217428606803272,medium,40.929,36.823,45.466,yellow,yellow,yellow,False
127,Rangareddy Nagar,0.007,2030,15.903728398729708,0.6944524879063165,medium,17.439,15.682,19.381,green,green,green,False
128,Chintal,0.007,2030,22.6982079591826,-0.8305096792744869,medium,20.318,18.25,22.606,green,yellow,green,False
129,Suraram,0.007,2030,21.92585195322159,-0.5599901558641079,medium,20.349,18.282,22.636,green,yellow,green,False
130,Subash Nagar,0.007,2030,19.302317114008787,1.556116772492067,medium,23.714,21.339,26.339,green,green,green,False
131,Quthbullapur,0.007,2030,21.53230215035172,0.7968932978788363,medium,23.933,21.523,26.596,green,yellow,green,False
132,Jeedimetla,0.007,2030,3.5435291292938405,-2.1517589469283225,medium,2.656,2.383,2.958,green,green,green,False
133,Macha Bolarum,0.007,2030,17.505839258584594,-0.964618482398706,medium,15.391,13.824,17.127,green,green,green,False
134,Alwal,0.007,2030,1.8761500238512907,-0.7004129217321453,medium,1.709,1.535,1.901,green,green,green,False
135,Venkatapuram,0.007,2030,13.51242378072557,-0.061215478116265,medium,13.403,12.046,14.904,green,green,green,False
136,Neredmet,0.007,2030,26.47244201687729,-1.1940273826135988,medium,22.57,20.268,25.119,green,yellow,green,False
137,Vinayak Nagar,0.007,2030,8.644771782065238,-0.0237626512984603,medium,8.617,7.745,9.582,green,green,green,False
138,Moula Ali,0.007,2030,7.4954029904765616,-0.7271095077317318,medium,6.803,6.111,7.568,green,green,green,False
139,East Anand Bagh,0.007,2030,11.557507079625998,-1.2478173949549038,medium,9.783,8.785,10.888,green,green,green,False
140,Malkajgiri,0.007,2030,13.273932289664684,-0.186982570333785,medium,12.948,11.636,14.399,green,green,green,False
141,Gautham Nagar,0.007,2030,0.0,0.7499738387398407,medium,0.0,0.0,0.0,green,green,green,False
142,Addagutta,0.007,2030,17.955381103962143,-1.943585749924028,high,13.841,12.937,14.804,green,green,green,False
143,Tarnaka,0.007,2030,28.16093587267949,-0.7628032837091792,high,25.437,23.789,27.193,green,yellow,green,False
144,Mettuguda,0.007,2030,21.6562832458312,-1.9834249709241272,high,16.604,15.519,17.76,green,yellow,green,False
145,Seethaphalmandi,0.007,2030,12.207832932801546,0.6589686916186875,high,13.323,12.469,14.234,green,green,green,False
146,Boudha Nagar,0.007,2030,13.14755833226356,1.9925054961413744,high,17.106,16.018,18.263,green,green,green,False
147,Bansilapet,0.007,2030,17.53007251690914,0.3816116608958022,high,18.442,17.256,19.704,green,green,green,False
148,Ramgopalpet,0.007,2030,20.97904794778243,0.0044675574935337,high,20.992,19.639,22.432,green,yellow,green,False
149,Begumpet,0.007,2030,8.468095173322224,-2.309027503808858,high,6.213,5.807,6.647,green,green,green,False
150,Monda Market,0.007,2030,16.341814374920414,-0.1503865519143823,high,16.018,14.985,17.119,green,green,green,False
1,Kapra,0.01,2025,12.680121752894491,-0.9836604016040716,medium,11.041,9.856,12.358,green,green,green,False
2,Dr A S Rao Nagar,0.01,2025,18.734283678123067,-0.8201467463420009,medium,16.694,14.905,18.682,green,green,green,False
3,Cherlapally,0.01,2025,15.260463530416216,-0.8381377631619515,medium,13.564,12.11,15.179,green,green,green,False
4,Meerpet H.B Colony,0.01,2025,17.05792916128591,-1.437493334299398,medium,13.928,12.426,15.597,green,green,green,False
5,Mallapur,0.01,2025,20.364108719543964,-0.4416254076115704,medium,19.141,17.096,21.41,green,yellow,green,False
6,Nacharam,0.01,2025,16.538931170534777,-0.0590221287329923,medium,16.403,14.657,18.34,green,green,green,False
7,Chilka Nagar,0.01,2025,22.05179015402969,-0.6819313187473569,medium,20.037,17.892,22.419,green,yellow,green,False
8,Habsiguda,0.01,2025,12.640284345398712,-1.6055937614633926,medium,10.077,8.989,11.287,green,green,green,False
9,Ramanthapur,0.01,2025,24.596846231804847,0.8664717260671129,medium,27.755,24.827,31.0,green,yellow,green,False
10,Uppal,0.01,2025,19.199611830304487,-0.5745750317151831,medium,17.712,15.817,19.815,green,green,green,False
11,Nagole,0.01,2025,9.537590924310026,-0.7905185713537645,medium,8.535,7.62,9.55,green,green,green,False
12,Mansoorabad,0.01,2025,26.841117123806374,0.0946510927359304,medium,27.199,24.309,30.406,green,yellow,green,False
13,Hayath Nagar,0.01,2025,22.86664227967571,-0.948309231773872,medium,20.011,17.863,22.396,green,yellow,green,False
14,BN Reddy Nagar,0.01,2025,21.15247131245172,-0.4028192029372512,medium,19.99,17.856,22.36,green,yellow,green,False
15,Vanasthalipuram,0.01,2025,12.480989556805442,0.1311293812205049,medium,12.712,11.362,14.21,green,green,green,False
16,Hasthinapuram,0.01,2025,13.317476167785204,-0.1419084756440861,medium,13.055,11.665,14.598,green,green,green,False
17,Champapet,0.01,2025,10.119797915818294,0.2862280859610283,medium,10.533,9.416,11.772,green,green,green,False
18,Lingojiguda,0.01,2025,20.463149965933763,0.0157130745260558,medium,20.508,18.327,22.928,green,yellow,green,False
19,Saroornagar,0.01,2025,23.3003115523946,-0.4762623821501535,medium,21.794,19.465,24.379,green,yellow,green,False
20,RK Puram,0.01,2025,17.312657445883733,0.9644110007938708,medium,19.803,17.715,22.116,green,green,green,False
21,Kothapet,0.01,2025,54.680740790110846,0.4543386486826762,medium,58.263,52.093,65.107,yellow,red,yellow,False
22,Chaitanyapuri,0.01,2025,68.58888362743684,0.7488287977554536,medium,76.14,68.099,85.056,red,red,red,False
23,Gaddiannaram,0.01,2025,63.46909795336673,1.5244080650695295,high,78.442,73.203,84.027,red,red,red,False
24,Saidabad,0.01,2025,67.81063469612425,0.7634837398766253,high,75.43,70.355,80.842,red,red,red,False
25,Moosarambagh,0.01,2025,66.58283839773247,1.007449144089618,high,76.614,71.472,82.098,red,red,red,False
26,Old Malakpet,0.01,2025,48.20784105626365,-0.8355527248936624,high,42.865,39.936,45.992,yellow,red,yellow,False
27,Akbarbagh,0.01,2025,56.956197126707295,0.1430106944756923,high,58.107,54.175,62.303,yellow,red,yellow,False
28,Azampura,0.01,2025,53.26153041106591,0.1995536480316407,high,54.769,51.064,58.722,yellow,red,yellow,False
29,Chawni,0.01,2025,65.3631822060597,1.138192531834751,high,76.585,71.452,82.06,red,red,red,False
30,Dabeerpura,0.01,2025,45.38405832109515,0.0634785470297453,high,45.789,42.688,49.098,yellow,red,yellow,False
31,Rein Bazar,0.01,2025,62.38436857967638,1.2266326964665648,high,73.995,69.039,79.28,red,red,red,False
32,Patthergatti,0.01,2025,30.26099353464391,1.0313634009799733,high,34.936,32.592,37.436,yellow,yellow,yellow,False
33,Moghalpura,0.01,2025,26.707543459025928,1.2277389456226209,high,31.683,29.561,33.946,yellow,yellow,green,False
34,Talab Chanchalam,0.01,2025,43.59999704543002,2.8358558015753537,high,64.493,60.239,69.024,red,red,yellow,False
35,Gowlipura,0.01,2025,56.493918378226624,0.9787812357046782,high,64.748,60.401,69.383,red,red,yellow,False
36,Lalithabagh,0.01,2025,60.9936752399674,0.2493068256822851,high,63.157,58.888,67.713,red,red,red,False
37,Kurmaguda,0.01,2025,53.21065805634374,1.6138511082829068,high,66.579,62.137,71.315,red,red,yellow,False
38,IS Sadan,0.01,2025,50.903382278256245,0.4328569270634345,high,54.076,50.427,57.97,yellow,red,yellow,False
39,Santhosh Nagar,0.01,2025,87.05480033290863,1.132188665928123,high,100.0,95.084,100.0,red,red,red,False
40,Riyasat Nagar,0.01,2025,48.76797889121786,0.9293625671614378,high,55.511,51.783,59.488,yellow,red,yellow,False
41,Kanchanbagh,0.01,2025,27.99700389247989,-1.2896429266644192,high,23.345,21.743,25.056,green,yellow,green,False
42,Barkas,0.01,2025,26.331065316798163,-1.258207265745745,high,22.054,20.541,23.67,green,yellow,green,False
43,Chandrayangutta,0.01,2025,100.0,0.4678092252598791,high,100.0,99.55,100.0,red,red,red,False
44,Uppuguda,0.01,2025,84.1984381574891,1.3279699608936206,high,100.0,94.501,100.0,red,red,red,False
45,Jangammet,0.01,2025,88.0909551475325,-0.4180408225438882,high,83.073,77.42,89.107,red,red,red,False
46,Falaknuma,0.01,2025,64.54543818387911,1.0054513142637391,high,74.249,69.266,79.564,red,red,red,False
47,Nawab Saheb Kunta,0.01,2025,71.59068518021434,2.0652204558907528,high,95.312,88.979,100.0,red,red,red,False
48,Shalibanda,0.01,2025,86.03085311821755,1.7010517784962498,high,100.0,100.0,100.0,red,red,red,False
49,Ghansi Bazar,0.01,2025,44.152681396066775,-0.3778128855944646,high,41.874,39.026,44.914,yellow,red,yellow,False
50,Begum Bazar,0.01,2025,40.19052230093796,-0.1392765677053707,high,39.414,36.739,42.268,yellow,yellow,yellow,False
51,Goshamahal,0.01,2025,45.8591722706365,-0.2879092694074924,high,44.045,41.052,47.24,yellow,red,yellow,False
52,Puranapool,0.01,2025,43.26058431959793,1.2201977237336403,high,51.266,47.833,54.928,yellow,red,yellow,False
53,Doodh Bowli,0.01,2025,35.17870899961121,1.463964529070159,high,43.117,40.236,46.189,yellow,yellow,yellow,False
54,Jahanuma,0.01,2025,64.24801600179609,1.4615730164364966,high,78.719,73.459,84.328,red,red,red,False
55,Ramnaspura,0.01,2025,71.18246414213033,-0.1114146402887969,high,70.08,65.326,75.154,red,red,red,False
56,Kishanbagh,0.01,2025,77.04853536541036,1.4146710389200807,high,93.794,87.524,100.0,red,red,red,False
57,Suleman Nagar,0.01,2025,76.99644479285818,-0.4480313604288981,high,72.305,67.384,77.559,red,red,red,False
58,Shastripuram,0.01,2025,28.68921071845968,-0.180405344768324,medium,27.973,24.993,31.281,green,yellow,green,False
59,Mailardevpally,0.01,2025,20.58951540177557,-0.1801122593535108,medium,20.076,17.937,22.45,green,yellow,green,False
60,Rajendra Nagar,0.01,2025,73.65513744553293,-0.9390819674715656,medium,64.541,57.615,72.234,red,red,red,False
61,Attapur,0.01,2025,52.62897178556625,-0.4467297140393914,medium,49.431,44.152,55.293,yellow,red,yellow,False
62,Ziaguda,0.01,2025,44.16434789047906,0.0518968249033311,high,44.486,41.473,47.702,yellow,red,yellow,False
63,Mangalhat,0.01,2025,79.11473297610773,0.3318093496899421,high,82.87,77.272,88.843,red,red,red,False
64,Dattatreya Nagar,0.01,2025,55.05533946935907,1.3544389521220646,high,66.466,62.02,71.206,red,red,yellow,False
65,Karwan,0.01,2025,51.13889312976245,-0.5500300926199667,high,47.339,44.113,50.782,yellow,red,yellow,False
66,Langar Houz,0.01,2025,59.1014035978671,-1.2974259297015354,high,49.226,45.848,52.835,yellow,red,yellow,False
67,Golconda,0.01,2025,21.117158900647134,-0.5851514488763694,high,19.451,18.126,20.867,green,yellow,green,False
68,Tolichowki,0.01,2025,41.52822852989487,-0.9801644834101492,high,36.179,33.703,38.822,yellow,red,yellow,False
69,Nanal Nagar,0.01,2025,39.61177580373081,-2.613632813527113,high,27.34,25.439,29.372,green,yellow,yellow,False
70,Mehdipatnam,0.01,2025,69.63442081219291,1.2475460714031446,high,82.834,77.287,88.748,red,red,red,False
71,Gudimalkapur,0.01,2025,51.82546600577277,0.038654445441875,high,52.107,48.577,55.874,yellow,red,yellow,False
72,Asif Nagar,0.01,2025,55.79434621190427,2.1316872198970773,high,74.961,69.984,80.266,red,red,yellow,False
73,Vijay Nagar Colony,0.01,2025,24.26258956311994,0.3115047509139297,high,25.342,23.63,27.169,green,yellow,green,False
74,Ahmed Nagar,0.01,2025,28.007367427191166,-0.6472238396491768,high,25.574,23.83,27.436,green,yellow,green,False
75,Red Hills,0.01,2025,44.93343295987682,-0.7563388253390277,high,40.403,37.644,43.347,yellow,red,yellow,False
76,Mallepally,0.01,2025,33.97705489011329,1.0756152894879536,high,39.467,36.82,42.29,yellow,yellow,yellow,False
77,Jambagh,0.01,2025,43.44741579462619,-0.2515658435493526,high,41.942,39.093,44.983,yellow,red,yellow,False
78,Gunfoundry,0.01,2025,6.960032118674664,-0.7493443110156411,high,6.264,5.837,6.721,green,green,green,False
79,Himayath Nagar,0.01,2025,20.974928100883787,-0.1576344585207288,high,20.517,19.124,22.003,green,yellow,green,False
80,Kachiguda,0.01,2025,19.42849792452408,0.1850218053549822,high,19.938,18.589,21.377,green,yellow,green,False
81,Nallakunta,0.01,2025,7.769430090742621,1.1675504862218826,high,9.14,8.528,9.794,green,green,green,False
82,Golnaka,0.01,2025,30.01774766250485,-0.3732736978120915,high,28.487,26.549,30.555,green,yellow,yellow,False
83,Amberpet,0.01,2025,34.01718722014084,0.1687267494379467,high,34.83,32.473,37.344,yellow,yellow,yellow,False
84,Bagh Amberpet,0.01,2025,46.90842388010578,1.0225275829530651,high,54.089,50.459,57.96,yellow,red,yellow,False
85,Adikmet,0.01,2025,21.31739578000518,0.9878203680386444,high,24.462,22.82,26.214,green,yellow,green,False
86,Musheerabad,0.01,2025,11.418124454267833,1.0355921420873242,high,13.19,12.305,14.134,green,green,green,False
87,Ramnagar,0.01,2025,2.7051762558043446,0.7424792276464005,high,3.0,2.798,3.216,green,green,green,False
88,Bholakpur,0.01,2025,2.762742622896244,1.8469382196141768,high,3.57,3.332,3.823,green,green,green,False
89,Gandhinagar,0.01,2025,12.619273413964455,-0.0397458331221889,high,12.549,11.698,13.457,green,green,green,False
90,Kavadiguda,0.01,2025,16.19239365863485,-0.9849690908031232,high,14.097,13.132,15.127,green,green,green,False
91,Khairatabad,0.01,2025,36.111745370154594,-1.3989996173421488,high,29.647,27.611,31.823,green,yellow,yellow,False
92,Venkateshwara Colony,0.01,2025,46.39473156432174,-0.7693357220709376,high,41.64,38.797,44.676,yellow,red,yellow,False
93,Banjara Hills,0.01,2025,8.24107584819368,0.2633900483903478,high,8.55,7.972,9.167,green,green,green,False
94,Shaikpet,0.01,2025,17.406634351778855,-0.4324772035351038,high,16.382,15.267,17.572,green,green,green,False
95,Jubilee Hills,0.01,2025,10.16211106582204,0.0759442611884154,high,10.271,9.575,11.013,green,green,green,False
96,Yousufguda,0.01,2025,39.82214631865089,0.1058633633407602,high,40.416,37.68,43.336,yellow,yellow,yellow,False
97,Somajiguda,0.01,2025,5.713789420896817,-0.2148345909592047,high,5.544,5.168,5.946,green,green,green,False
98,Ameerpet,0.01,2025,9.527142865662022,-0.3813302521334278,high,9.031,8.417,9.687,green,green,green,False
99,Vengal Rao Nagar,0.01,2025,5.107012579321559,-1.2823679168242188,high,4.263,3.97,4.575,green,green,green,False
100,Sanath Nagar,0.01,2025,14.7939148502979,0.0230449450488361,high,14.842,13.836,15.915,green,green,green,False
101,Erragadda,0.01,2025,19.20446431665971,-0.095373247413698,high,18.95,17.664,20.321,green,green,green,False
102,Rahmath Nagar,0.01,2025,36.56663934247633,1.4648526501558925,high,44.823,41.828,48.017,yellow,yellow,yellow,False
103,Borabanda,0.01,2025,18.068262967223465,1.7058059194524018,high,22.896,21.369,24.523,green,green,green,False
104,Kondapur,0.01,2025,7.067330747307282,-0.3333832947624257,medium,6.745,6.025,7.543,green,green,green,False
105,Gachibowli,0.01,2025,33.89004956015616,-1.335300581870413,medium,28.076,25.052,31.437,green,yellow,yellow,False
106,Serilingampally,0.01,2025,20.062343353707377,-1.1642127132808069,medium,17.029,15.197,19.063,green,yellow,green,False
107,Madhapur,0.01,2025,43.47608434217619,-1.2053323744009423,medium,36.688,32.74,41.073,yellow,red,yellow,False
108,Miyapur,0.01,2025,44.036763958648685,-1.8452321495441515,medium,33.929,30.256,38.013,yellow,red,yellow,False
109,Hafeezpet,0.01,2025,15.891136890618789,-0.5382408083741963,medium,14.735,13.159,16.484,green,green,green,False
110,Chandanagar,0.01,2025,45.39580629905416,-0.7299899718887063,medium,40.97,36.582,45.843,yellow,red,yellow,False
111,Bharati Nagar,0.01,2025,27.75373575427334,0.6479893373604294,medium,30.38,27.169,33.941,yellow,yellow,green,False
112,Ramachandrapuram,0.01,2025,35.53806010277442,-0.6950680927427123,medium,32.232,28.781,36.064,yellow,yellow,yellow,False
113,Patancheruvu,0.01,2025,21.88147546394043,-0.1116113499137126,medium,21.542,19.248,24.087,green,yellow,green,False
114,KPHB Colony,0.01,2025,19.96869435148323,-0.854960642239448,medium,17.707,15.808,19.816,green,yellow,green,False
115,Balaji Nagar,0.01,2025,27.046318929516605,-0.8279880216645622,medium,24.074,21.494,26.941,green,yellow,green,False
116,Allapur,0.01,2025,35.98419951051559,-0.4434074512372561,high,33.814,31.512,36.27,yellow,yellow,yellow,False
117,Moosapet,0.01,2025,6.384451177722012,1.077366052720513,medium,7.418,6.637,8.283,green,green,green,False
118,Fateh Nagar,0.01,2025,34.73595281677105,-0.227255162984858,medium,33.647,30.061,37.627,yellow,yellow,yellow,False
119,Old Bowenpally,0.01,2025,34.7194404275402,-0.1220840225375822,medium,34.131,30.496,38.164,yellow,yellow,yellow,False
120,Balanagar,0.01,2025,29.78165210311819,-0.3040215811691819,medium,28.539,25.495,31.918,green,yellow,green,False
121,Kukatpally,0.01,2025,25.66790810753259,0.2101305426171462,medium,26.433,23.628,29.546,green,yellow,green,False
122,Vivekananda Nagar Colony,0.01,2025,17.80929141732565,0.5669783715850022,medium,19.276,17.237,21.538,green,green,green,False
123,Hydernagar,0.01,2025,19.3376703234939,-0.823771619388124,medium,17.223,15.377,19.273,green,green,green,False
124,Alwyn Colony,0.01,2025,19.76845848874945,-0.6509631812334818,medium,18.041,16.11,20.185,green,yellow,green,False
125,Gajularamaram,0.01,2025,44.819120029158114,-0.4994060610750858,medium,41.785,37.32,46.743,yellow,red,yellow,False
126,Jagathgirigutta,0.01,2025,34.35870622053157,1.3217428606803272,medium,41.293,36.955,46.099,yellow,yellow,yellow,False
127,Rangareddy Nagar,0.01,2025,15.903728398729708,0.6944524879063165,medium,17.522,15.67,19.575,green,green,green,False
128,Chintal,0.01,2025,22.6982079591826,-0.8305096792744869,medium,20.197,18.032,22.601,green,yellow,green,False
129,Suraram,0.01,2025,21.92585195322159,-0.5599901558641079,medium,20.268,18.101,22.674,green,yellow,green,False
130,Subash Nagar,0.01,2025,19.302317114008787,1.556116772492067,medium,23.96,21.449,26.743,green,green,green,False
131,Quthbullapur,0.01,2025,21.53230215035172,0.7968932978788363,medium,24.063,21.523,26.879,green,yellow,green,False
132,Jeedimetla,0.01,2025,3.5435291292938405,-2.1517589469283225,medium,2.613,2.33,2.929,green,green,green,False
133,Macha Bolarum,0.01,2025,17.505839258584594,-0.964618482398706,medium,15.284,13.644,17.107,green,green,green,False
134,Alwal,0.01,2025,1.8761500238512907,-0.7004129217321453,medium,1.7,1.518,1.902,green,green,green,False
135,Venkatapuram,0.01,2025,13.51242378072557,-0.061215478116265,medium,13.397,11.971,14.979,green,green,green,False
136,Neredmet,0.01,2025,26.47244201687729,-1.1940273826135988,medium,22.375,19.968,25.049,green,yellow,green,False
137,Vinayak Nagar,0.01,2025,8.644771782065238,-0.0237626512984603,medium,8.616,7.699,9.633,green,green,green,False
138,Moula Ali,0.01,2025,7.4954029904765616,-0.7271095077317318,medium,6.767,6.043,7.572,green,green,green,False
139,East Anand Bagh,0.01,2025,11.557507079625998,-1.2478173949549038,medium,9.694,8.651,10.854,green,green,green,False
140,Malkajgiri,0.01,2025,13.273932289664684,-0.186982570333785,medium,12.931,11.553,14.46,green,green,green,False
141,Gautham Nagar,0.01,2025,0.0,0.7499738387398407,medium,0.0,0.0,0.0,green,green,green,False
142,Addagutta,0.01,2025,17.955381103962143,-1.943585749924028,high,13.641,12.699,14.648,green,green,green,False
143,Tarnaka,0.01,2025,28.16093587267949,-0.7628032837091792,high,25.298,23.571,27.142,green,yellow,green,False
144,Mettuguda,0.01,2025,21.6562832458312,-1.9834249709241272,high,16.36,15.229,17.568,green,yellow,green,False
145,Seethaphalmandi,0.01,2025,12.207832932801546,0.6589686916186875,high,13.384,12.482,14.345,green,green,green,False
146,Boudha Nagar,0.01,2025,13.14755833226356,1.9925054961413744,high,17.33,16.178,18.558,green,green,green,False
147,Bansilapet,0.01,2025,17.53007251690914,0.3816116608958022,high,18.49,17.242,19.822,green,green,green,False
148,Ramgopalpet,0.01,2025,20.97904794778243,0.0044675574935337,high,20.992,19.57,22.51,green,yellow,green,False
149,Begumpet,0.01,2025,8.468095173322224,-2.309027503808858,high,6.106,5.683,6.558,green,green,green,False
150,Monda Market,0.01,2025,16.341814374920414,-0.1503865519143823,high,16.001,14.915,17.16,green,green,green,False
1,Kapra,0.01,2027,12.680121752894491,-0.9836604016040716,medium,10.825,9.507,12.313,green,green,green,False
2,Dr A S Rao Nagar,0.01,2027,18.734283678123067,-0.8201467463420009,medium,16.421,14.426,18.674,green,green,green,False
3,Cherlapally,0.01,2027,15.260463530416216,-0.8381377631619515,medium,13.338,11.716,15.168,green,green,green,False
4,Meerpet H.B Colony,0.01,2027,17.05792916128591,-1.437493334299398,medium,13.531,11.876,15.399,green,green,green,False
5,Mallapur,0.01,2027,20.364108719543964,-0.4416254076115704,medium,18.972,16.674,21.564,green,yellow,green,False
6,Nacharam,0.01,2027,16.538931170534777,-0.0590221287329923,medium,16.383,14.407,18.613,green,green,green,False
7,Chilka Nagar,0.01,2027,22.05179015402969,-0.6819313187473569,medium,19.765,17.366,22.472,green,yellow,green,False
8,Habsiguda,0.01,2027,12.640284345398712,-1.6055937614633926,medium,9.756,8.562,11.106,green,green,green,False
9,Ramanthapur,0.01,2027,24.596846231804847,0.8664717260671129,medium,28.238,24.86,32.042,green,yellow,green,False
10,Uppal,0.01,2027,19.199611830304487,-0.5745750317151831,medium,17.509,15.386,19.904,green,green,green,False
11,Nagole,0.01,2027,9.537590924310026,-0.7905185713537645,medium,8.4,7.38,9.552,green,green,green,False
12,Mansoorabad,0.01,2027,26.841117123806374,0.0946510927359304,medium,27.251,23.967,30.952,green,yellow,green,False
13,Hayath Nagar,0.01,2027,22.86664227967571,-0.948309231773872,medium,19.633,17.244,22.33,green,yellow,green,False
14,BN Reddy Nagar,0.01,2027,21.15247131245172,-0.4028192029372512,medium,19.83,17.429,22.537,green,yellow,green,False
15,Vanasthalipuram,0.01,2027,12.480989556805442,0.1311293812205049,medium,12.745,11.21,14.476,green,green,green,False
16,Hasthinapuram,0.01,2027,13.317476167785204,-0.1419084756440861,medium,13.018,11.446,14.791,green,green,green,False
17,Champapet,0.01,2027,10.119797915818294,0.2862280859610283,medium,10.593,9.319,12.029,green,green,green,False
18,Lingojiguda,0.01,2027,20.463149965933763,0.0157130745260558,medium,20.515,18.041,23.304,green,yellow,green,False
19,Saroornagar,0.01,2027,23.3003115523946,-0.4762623821501535,medium,21.587,18.972,24.537,green,yellow,green,False
20,RK Puram,0.01,2027,17.312657445883733,0.9644110007938708,medium,20.186,17.774,22.903,green,green,green,False
21,Kothapet,0.01,2027,54.680740790110846,0.4543386486826762,medium,58.794,51.734,66.75,yellow,red,yellow,False
22,Chaitanyapuri,0.01,2027,68.58888362743684,0.7488287977554536,medium,77.285,68.029,87.711,red,red,red,False
23,Gaddiannaram,0.01,2027,63.46909795336673,1.5244080650695295,high,80.852,74.711,87.464,red,red,red,False
24,Saidabad,0.01,2027,67.81063469612425,0.7634837398766253,high,76.586,70.727,82.898,red,red,red,False
25,Moosarambagh,0.01,2027,66.58283839773247,1.007449144089618,high,78.166,72.2,84.592,red,red,red,False
26,Old Malakpet,0.01,2027,48.20784105626365,-0.8355527248936624,high,42.152,38.877,45.684,yellow,red,yellow,False
27,Akbarbagh,0.01,2027,56.956197126707295,0.1430106944756923,high,58.274,53.789,63.107,yellow,red,yellow,False
28,Azampura,0.01,2027,53.26153041106591,0.1995536480316407,high,54.988,50.758,59.546,yellow,red,yellow,False
29,Chawni,0.01,2027,65.3631822060597,1.138192531834751,high,78.339,72.367,84.77,red,red,red,False
30,Dabeerpura,0.01,2027,45.38405832109515,0.0634785470297453,high,45.847,42.316,49.653,yellow,red,yellow,False
31,Rein Bazar,0.01,2027,62.38436857967638,1.2266326964665648,high,75.822,70.046,82.041,red,red,red,False
32,Patthergatti,0.01,2027,30.26099353464391,1.0313634009799733,high,35.66,32.939,38.591,yellow,yellow,yellow,False
33,Moghalpura,0.01,2027,26.707543459025928,1.2277389456226209,high,32.466,29.993,35.129,yellow,yellow,green,False
34,Talab Chanchalam,0.01,2027,43.59999704543002,2.8358558015753537,high,68.202,63.086,73.706,red,red,yellow,False
35,Gowlipura,0.01,2027,56.493918378226624,0.9787812357046782,high,66.021,60.981,71.451,red,red,yellow,False
36,Lalithabagh,0.01,2027,60.9936752399674,0.2493068256822851,high,63.473,58.593,68.732,red,red,red,False
37,Kurmaguda,0.01,2027,53.21065805634374,1.6138511082829068,high,68.746,63.529,74.362,red,red,yellow,False
38,IS Sadan,0.01,2027,50.903382278256245,0.4328569270634345,high,54.546,50.359,59.056,yellow,red,yellow,False
39,Santhosh Nagar,0.01,2027,87.05480033290863,1.132188665928123,high,100.0,96.29,100.0,red,red,red,False
40,Riyasat Nagar,0.01,2027,48.76797889121786,0.9293625671614378,high,56.548,52.228,61.2,yellow,red,yellow,False
41,Kanchanbagh,0.01,2027,27.99700389247989,-1.2896429266644192,high,22.747,20.971,24.662,green,yellow,green,False
42,Barkas,0.01,2027,26.331065316798163,-1.258207265745745,high,21.502,19.825,23.312,green,yellow,green,False
43,Chandrayangutta,0.01,2027,100.0,0.4678092252598791,high,100.0,99.486,100.0,red,red,red,False
44,Uppuguda,0.01,2027,84.1984381574891,1.3279699608936206,high,100.0,96.073,100.0,red,red,red,False
45,Jangammet,0.01,2027,88.0909551475325,-0.4180408225438882,high,82.38,76.005,89.253,red,red,red,False
46,Falaknuma,0.01,2027,64.54543818387911,1.0054513142637391,high,75.75,69.968,81.978,red,red,red,False
47,Nawab Saheb Kunta,0.01,2027,71.59068518021434,2.0652204558907528,high,99.289,91.786,100.0,red,red,red,False
48,Shalibanda,0.01,2027,86.03085311821755,1.7010517784962498,high,100.0,100.0,100.0,red,red,red,False
49,Ghansi Bazar,0.01,2027,44.152681396066775,-0.3778128855944646,high,41.558,38.343,45.024,yellow,red,yellow,False
50,Begum Bazar,0.01,2027,40.19052230093796,-0.1392765677053707,high,39.304,36.271,42.574,yellow,yellow,yellow,False
51,Goshamahal,0.01,2027,45.8591722706365,-0.2879092694074924,high,43.792,40.407,47.44,yellow,red,yellow,False
52,Puranapool,0.01,2027,43.26058431959793,1.2201977237336403,high,52.525,48.524,56.834,yellow,red,yellow,False
53,Doodh Bowli,0.01,2027,35.17870899961121,1.463964529070159,high,44.388,41.015,48.021,yellow,yellow,yellow,False
54,Jahanuma,0.01,2027,64.24801600179609,1.4615730164364966,high,81.037,74.879,87.669,red,red,red,False
55,Ramnaspura,0.01,2027,71.18246414213033,-0.1114146402887969,high,69.924,64.529,75.739,red,red,red,False
56,Kishanbagh,0.01,2027,77.04853536541036,1.4146710389200807,high,96.467,89.132,100.0,red,red,red,False
57,Suleman Nagar,0.01,2027,76.99644479285818,-0.4480313604288981,high,71.659,66.112,77.639,red,red,red,False
58,Shastripuram,0.01,2027,28.68921071845968,-0.180405344768324,medium,27.872,24.505,31.669,green,yellow,green,False
59,Mailardevpally,0.01,2027,20.58951540177557,-0.1801122593535108,medium,20.004,17.588,22.729,green,yellow,green,False
60,Rajendra Nagar,0.01,2027,73.65513744553293,-0.9390819674715656,medium,63.335,55.628,72.033,red,red,red,False
61,Attapur,0.01,2027,52.62897178556625,-0.4467297140393914,medium,48.991,43.057,55.684,yellow,red,yellow,False
62,Ziaguda,0.01,2027,44.16434789047906,0.0518968249033311,high,44.532,41.102,48.23,yellow,red,yellow,False
63,Mangalhat,0.01,2027,79.11473297610773,0.3318093496899421,high,83.421,77.012,90.327,red,red,red,False
64,Dattatreya Nagar,0.01,2027,55.05533946935907,1.3544389521220646,high,68.278,63.084,73.872,red,red,yellow,False
65,Karwan,0.01,2027,51.13889312976245,-0.5500300926199667,high,46.819,43.192,50.731,yellow,red,yellow,False
66,Langar Houz,0.01,2027,59.1014035978671,-1.2974259297015354,high,47.957,44.214,51.995,yellow,red,yellow,False
67,Golconda,0.01,2027,21.117158900647134,-0.5851514488763694,high,19.225,17.735,20.831,green,yellow,green,False
68,Tolichowki,0.01,2027,41.52822852989487,-0.9801644834101492,high,35.473,32.713,38.45,yellow,red,yellow,False
69,Nanal Nagar,0.01,2027,39.61177580373081,-2.613632813527113,high,25.93,23.88,28.144,green,yellow,yellow,False
70,Mehdipatnam,0.01,2027,69.63442081219291,1.2475460714031446,high,84.913,78.447,91.877,red,red,red,False
71,Gudimalkapur,0.01,2027,51.82546600577277,0.038654445441875,high,52.147,48.13,56.477,yellow,red,yellow,False
72,Asif Nagar,0.01,2027,55.79434621190427,2.1316872198970773,high,78.191,72.286,84.546,red,red,yellow,False
73,Vijay Nagar Colony,0.01,2027,24.26258956311994,0.3115047509139297,high,25.501,23.541,27.612,green,yellow,green,False
74,Ahmed Nagar,0.01,2027,28.007367427191166,-0.6472238396491768,high,25.244,23.286,27.355,green,yellow,green,False
75,Red Hills,0.01,2027,44.93343295987682,-0.7563388253390277,high,39.794,36.704,43.126,yellow,red,yellow,False
76,Mallepally,0.01,2027,33.97705489011329,1.0756152894879536,high,40.321,37.245,43.633,yellow,yellow,yellow,False
77,Jambagh,0.01,2027,43.44741579462619,-0.2515658435493526,high,41.731,38.507,45.207,yellow,red,yellow,False
78,Gunfoundry,0.01,2027,6.960032118674664,-0.7493443110156411,high,6.171,5.692,6.687,green,green,green,False
79,Himayath Nagar,0.01,2027,20.974928100883787,-0.1576344585207288,high,20.452,18.873,22.154,green,yellow,green,False
80,Kachiguda,0.01,2027,19.42849792452408,0.1850218053549822,high,20.012,18.472,21.671,green,yellow,green,False
81,Nallakunta,0.01,2027,7.769430090742621,1.1675504862218826,high,9.355,8.642,10.123,green,green,green,False
82,Golnaka,0.01,2027,30.01774766250485,-0.3732736978120915,high,28.274,26.087,30.632,green,yellow,yellow,False
83,Amberpet,0.01,2027,34.01718722014084,0.1687267494379467,high,34.947,32.258,37.845,yellow,yellow,yellow,False
84,Bagh Amberpet,0.01,2027,46.90842388010578,1.0225275829530651,high,55.2,50.988,59.738,yellow,red,yellow,False
85,Adikmet,0.01,2027,21.31739578000518,0.9878203680386444,high,24.948,23.044,27.0,green,yellow,green,False
86,Musheerabad,0.01,2027,11.418124454267833,1.0355921420873242,high,13.464,12.437,14.571,green,green,green,False
87,Ramnagar,0.01,2027,2.7051762558043446,0.7424792276464005,high,3.045,2.812,3.296,green,green,green,False
88,Bholakpur,0.01,2027,2.762742622896244,1.8469382196141768,high,3.703,3.422,4.004,green,green,green,False
89,Gandhinagar,0.01,2027,12.619273413964455,-0.0397458331221889,high,12.539,11.573,13.581,green,green,green,False
90,Kavadiguda,0.01,2027,16.19239365863485,-0.9849690908031232,high,13.821,12.745,14.981,green,green,green,False
91,Khairatabad,0.01,2027,36.111745370154594,-1.3989996173421488,high,28.824,26.572,31.253,green,yellow,yellow,False
92,Venkateshwara Colony,0.01,2027,46.39473156432174,-0.7693357220709376,high,41.002,37.818,44.435,yellow,red,yellow,False
93,Banjara Hills,0.01,2027,8.24107584819368,0.2633900483903478,high,8.595,7.935,9.307,green,green,green,False
94,Shaikpet,0.01,2027,17.406634351778855,-0.4324772035351038,high,16.24,14.984,17.596,green,green,green,False
95,Jubilee Hills,0.01,2027,10.16211106582204,0.0759442611884154,high,10.286,9.494,11.14,green,green,green,False
96,Yousufguda,0.01,2027,39.82214631865089,0.1058633633407602,high,40.502,37.384,43.863,yellow,yellow,yellow,False
97,Somajiguda,0.01,2027,5.713789420896817,-0.2148345909592047,high,5.521,5.094,5.98,green,green,green,False
98,Ameerpet,0.01,2027,9.527142865662022,-0.3813302521334278,high,8.962,8.269,9.71,green,green,green,False
99,Vengal Rao Nagar,0.01,2027,5.107012579321559,-1.2823679168242188,high,4.154,3.83,4.504,green,green,green,False
100,Sanath Nagar,0.01,2027,14.7939148502979,0.0230449450488361,high,14.849,13.704,16.082,green,green,green,False
101,Erragadda,0.01,2027,19.20446431665971,-0.095373247413698,high,18.913,17.455,20.486,green,green,green,False
102,Rahmath Nagar,0.01,2027,36.56663934247633,1.4648526501558925,high,46.146,42.639,49.922,yellow,yellow,yellow,False
103,Borabanda,0.01,2027,18.068262967223465,1.7058059194524018,high,23.684,21.888,25.617,green,green,green,False
104,Kondapur,0.01,2027,7.067330747307282,-0.3333832947624257,medium,6.7,5.889,7.614,green,green,green,False
105,Gachibowli,0.01,2027,33.89004956015616,-1.335300581870413,medium,27.331,23.993,31.101,green,yellow,yellow,False
106,Serilingampally,0.01,2027,20.062343353707377,-1.1642127132808069,medium,16.634,14.606,18.925,green,yellow,green,False
107,Madhapur,0.01,2027,43.47608434217619,-1.2053323744009423,medium,35.809,31.441,40.741,yellow,red,yellow,False
108,Miyapur,0.01,2027,44.036763958648685,-1.8452321495441515,medium,32.689,28.677,37.222,yellow,red,yellow,False
109,Hafeezpet,0.01,2027,15.891136890618789,-0.5382408083741963,medium,14.576,12.81,16.57,green,green,green,False
110,Chandanagar,0.01,2027,45.39580629905416,-0.7299899718887063,medium,40.374,35.471,45.907,yellow,red,yellow,False
111,Bharati Nagar,0.01,2027,27.75373575427334,0.6479893373604294,medium,30.775,27.086,34.931,yellow,yellow,green,False
112,Ramachandrapuram,0.01,2027,35.53806010277442,-0.6950680927427123,medium,31.785,27.927,36.139,yellow,yellow,yellow,False
113,Patancheruvu,0.01,2027,21.88147546394043,-0.1116113499137126,medium,21.494,18.899,24.42,green,yellow,green,False
114,KPHB Colony,0.01,2027,19.96869435148323,-0.854960642239448,medium,17.405,15.289,19.794,green,yellow,green,False
115,Balaji Nagar,0.01,2027,27.046318929516605,-0.8279880216645622,medium,23.677,20.8,26.925,green,yellow,green,False
116,Allapur,0.01,2027,35.98419951051559,-0.4434074512372561,high,33.514,30.92,36.311,yellow,yellow,yellow,False
117,Moosapet,0.01,2027,6.384451177722012,1.077366052720513,medium,7.579,6.674,8.597,green,green,green,False
118,Fateh Nagar,0.01,2027,34.73595281677105,-0.227255162984858,medium,33.494,29.446,38.06,yellow,yellow,yellow,False
119,Old Bowenpally,0.01,2027,34.7194404275402,-0.1220840225375822,medium,34.047,29.937,38.683,yellow,yellow,yellow,False
120,Balanagar,0.01,2027,29.78165210311819,-0.3040215811691819,medium,28.366,24.935,32.235,green,yellow,green,False
121,Kukatpally,0.01,2027,25.66790810753259,0.2101305426171462,medium,26.545,23.35,30.146,green,yellow,green,False
122,Vivekananda Nagar Colony,0.01,2027,17.80929141732565,0.5669783715850022,medium,19.495,17.157,22.13,green,green,green,False
123,Hydernagar,0.01,2027,19.3376703234939,-0.823771619388124,medium,16.94,14.882,19.264,green,green,green,False
124,Alwyn Colony,0.01,2027,19.76845848874945,-0.6509631812334818,medium,17.807,15.646,20.245,green,yellow,green,False
125,Gajularamaram,0.01,2027,44.819120029158114,-0.4994060610750858,medium,41.369,36.356,47.024,yellow,red,yellow,False
126,Jagathgirigutta,0.01,2027,34.35870622053157,1.3217428606803272,medium,42.392,37.342,48.076,yellow,yellow,yellow,False
127,Rangareddy Nagar,0.01,2027,15.903728398729708,0.6944524879063165,medium,17.766,15.637,20.164,green,green,green,False
128,Chintal,0.01,2027,22.6982079591826,-0.8305096792744869,medium,19.863,17.449,22.588,green,yellow,green,False
129,Suraram,0.01,2027,21.92585195322159,-0.5599901558641079,medium,20.042,17.612,22.783,green,yellow,green,False
130,Subash Nagar,0.01,2027,19.302317114008787,1.556116772492067,medium,24.712,21.775,28.018,green,green,green,False
131,Quthbullapur,0.01,2027,21.53230215035172,0.7968932978788363,medium,24.448,21.522,27.745,green,yellow,green,False
132,Jeedimetla,0.01,2027,3.5435291292938405,-2.1517589469283225,medium,2.502,2.194,2.85,green,green,green,False
133,Macha Bolarum,0.01,2027,17.505839258584594,-0.964618482398706,medium,14.991,13.166,17.05,green,green,green,False
134,Alwal,0.01,2027,1.8761500238512907,-0.7004129217321453,medium,1.677,1.473,1.906,green,green,green,False
135,Venkatapuram,0.01,2027,13.51242378072557,-0.061215478116265,medium,13.381,11.766,15.201,green,green,green,False
136,Neredmet,0.01,2027,26.47244201687729,-1.1940273826135988,medium,21.844,19.179,24.852,green,yellow,green,False
137,Vinayak Nagar,0.01,2027,8.644771782065238,-0.0237626512984603,medium,8.612,7.573,9.783,green,green,green,False
138,Moula Ali,0.01,2027,7.4954029904765616,-0.7271095077317318,medium,6.669,5.86,7.583,green,green,green,False
139,East Anand Bagh,0.01,2027,11.557507079625998,-1.2478173949549038,medium,9.454,8.3,10.757,green,green,green,False
140,Malkajgiri,0.01,2027,13.273932289664684,-0.186982570333785,medium,12.882,11.326,14.637,green,green,green,False
141,Gautham Nagar,0.01,2027,0.0,0.7499738387398407,medium,0.0,0.0,0.0,green,green,green,False
142,Addagutta,0.01,2027,17.955381103962143,-1.943585749924028,high,13.116,12.086,14.228,green,green,green,False
143,Tarnaka,0.01,2027,28.16093587267949,-0.7628032837091792,high,24.914,22.979,27.0,green,yellow,green,False
144,Mettuguda,0.01,2027,21.6562832458312,-1.9834249709241272,high,15.717,14.482,17.05,green,yellow,green,False
145,Seethaphalmandi,0.01,2027,12.207832932801546,0.6589686916186875,high,13.561,12.522,14.679,green,green,green,False
146,Boudha Nagar,0.01,2027,13.14755833226356,1.9925054961413744,high,18.028,16.664,19.495,green,green,green,False
147,Bansilapet,0.01,2027,17.53007251690914,0.3816116608958022,high,18.632,17.201,20.173,green,green,green,False
148,Ramgopalpet,0.01,2027,20.97904794778243,0.0044675574935337,high,20.994,19.376,22.738,green,yellow,green,False
149,Begumpet,0.01,2027,8.468095173322224,-2.309027503808858,high,5.827,5.368,6.323,green,green,green,False
150,Monda Market,0.01,2027,16.341814374920414,-0.1503865519143823,high,15.953,14.722,17.28,green,green,green,False
1,Kapra,0.01,2030,12.680121752894491,-0.9836604016040716,medium,10.509,9.008,12.245,green,green,green,False
2,Dr A S Rao Nagar,0.01,2030,18.734283678123067,-0.8201467463420009,medium,16.021,13.736,18.663,green,green,green,False
3,Cherlapally,0.01,2030,15.260463530416216,-0.8381377631619515,medium,13.005,11.15,15.15,green,green,green,False
4,Meerpet H.B Colony,0.01,2030,17.05792916128591,-1.437493334299398,medium,12.955,11.097,15.106,green,green,green,False
5,Mallapur,0.01,2030,20.364108719543964,-0.4416254076115704,medium,18.722,16.061,21.796,green,yellow,green,False
6,Nacharam,0.01,2030,16.538931170534777,-0.0590221287329923,medium,16.354,14.038,19.029,green,green,green,False
7,Chilka Nagar,0.01,2030,22.05179015402969,-0.6819313187473569,medium,19.363,16.605,22.552,green,yellow,green,False
8,Habsiguda,0.01,2030,12.640284345398712,-1.6055937614633926,medium,9.294,7.958,10.84,green,green,green,False
9,Ramanthapur,0.01,2030,24.596846231804847,0.8664717260671129,medium,28.978,24.909,33.671,green,yellow,green,False
10,Uppal,0.01,2030,19.199611830304487,-0.5745750317151831,medium,17.209,14.76,20.039,green,green,green,False
11,Nagole,0.01,2030,9.537590924310026,-0.7905185713537645,medium,8.203,7.033,9.555,green,green,green,False
12,Mansoorabad,0.01,2030,26.841117123806374,0.0946510927359304,medium,27.328,23.463,31.79,green,yellow,green,False
13,Hayath Nagar,0.01,2030,22.86664227967571,-0.948309231773872,medium,19.08,16.355,22.231,green,yellow,green,False
14,BN Reddy Nagar,0.01,2030,21.15247131245172,-0.4028192029372512,medium,19.591,16.808,22.807,green,yellow,green,False
15,Vanasthalipuram,0.01,2030,12.480989556805442,0.1311293812205049,medium,12.796,10.987,14.884,green,green,green,False
16,Hasthinapuram,0.01,2030,13.317476167785204,-0.1419084756440861,medium,12.963,11.126,15.085,green,green,green,False
17,Champapet,0.01,2030,10.119797915818294,0.2862280859610283,medium,10.685,9.176,12.426,green,green,green,False
18,Lingojiguda,0.01,2030,20.463149965933763,0.0157130745260558,medium,20.524,17.62,23.879,green,yellow,green,False
19,Saroornagar,0.01,2030,23.3003115523946,-0.4762623821501535,medium,21.28,18.255,24.776,green,yellow,green,False
20,RK Puram,0.01,2030,17.312657445883733,0.9644110007938708,medium,20.776,17.862,24.137,green,green,green,False
21,Kothapet,0.01,2030,54.680740790110846,0.4543386486826762,medium,59.599,51.199,69.294,yellow,red,yellow,False
22,Chaitanyapuri,0.01,2030,68.58888362743684,0.7488287977554536,medium,79.034,67.925,91.85,red,red,red,False
23,Gaddiannaram,0.01,2030,63.46909795336673,1.5244080650695295,high,84.606,77.03,92.884,red,red,red,False
24,Saidabad,0.01,2030,67.81063469612425,0.7634837398766253,high,78.353,71.287,86.08,red,red,red,False
25,Moosarambagh,0.01,2030,66.58283839773247,1.007449144089618,high,80.552,73.304,88.475,red,red,red,False
26,Old Malakpet,0.01,2030,48.20784105626365,-0.8355527248936624,high,41.104,37.34,45.225,yellow,red,yellow,False
27,Akbarbagh,0.01,2030,56.956197126707295,0.1430106944756923,high,58.524,53.215,64.332,yellow,red,yellow,False
28,Azampura,0.01,2030,53.26153041106591,0.1995536480316407,high,55.318,50.302,60.805,yellow,red,yellow,False
29,Chawni,0.01,2030,65.3631822060597,1.138192531834751,high,81.044,73.761,89.005,red,red,red,False
30,Dabeerpura,0.01,2030,45.38405832109515,0.0634785470297453,high,45.935,41.764,50.497,yellow,red,yellow,False
31,Rein Bazar,0.01,2030,62.38436857967638,1.2266326964665648,high,78.646,71.584,86.364,red,red,red,False
32,Patthergatti,0.01,2030,30.26099353464391,1.0313634009799733,high,36.775,33.467,40.391,yellow,yellow,yellow,False
33,Moghalpura,0.01,2030,26.707543459025928,1.2277389456226209,high,33.676,30.653,36.981,yellow,yellow,green,False
34,Talab Chanchalam,0.01,2030,43.59999704543002,2.8358558015753537,high,74.171,67.611,81.331,red,red,yellow,False
35,Gowlipura,0.01,2030,56.493918378226624,0.9787812357046782,high,67.979,61.861,74.667,red,red,yellow,False
36,Lalithabagh,0.01,2030,60.9936752399674,0.2493068256822851,high,63.949,58.153,70.288,red,red,red,False
37,Kurmaguda,0.01,2030,53.21065805634374,1.6138511082829068,high,72.128,65.675,79.178,red,red,yellow,False
38,IS Sadan,0.01,2030,50.903382278256245,0.4328569270634345,high,55.257,50.258,60.725,yellow,red,yellow,False
39,Santhosh Nagar,0.01,2030,87.05480033290863,1.132188665928123,high,100.0,98.128,100.0,red,red,red,False
40,Riyasat Nagar,0.01,2030,48.76797889121786,0.9293625671614378,high,58.139,52.904,63.862,yellow,red,yellow,False
41,Kanchanbagh,0.01,2030,27.99700389247989,-1.2896429266644192,high,21.878,19.866,24.082,green,yellow,green,False
42,Barkas,0.01,2030,26.331065316798163,-1.258207265745745,high,20.701,18.797,22.786,green,yellow,green,False
43,Chandrayangutta,0.01,2030,100.0,0.4678092252598791,high,100.0,99.39,100.0,red,red,red,False
44,Uppuguda,0.01,2030,84.1984381574891,1.3279699608936206,high,100.0,98.479,100.0,red,red,red,False
45,Jangammet,0.01,2030,88.0909551475325,-0.4180408225438882,high,81.351,73.931,89.473,red,red,red,False
46,Falaknuma,0.01,2030,64.54543818387911,1.0054513142637391,high,78.058,71.034,85.736,red,red,red,False
47,Nawab Saheb Kunta,0.01,2030,71.59068518021434,2.0652204558907528,high,100.0,96.164,100.0,red,red,red,False
48,Shalibanda,0.01,2030,86.03085311821755,1.7010517784962498,high,100.0,100.0,100.0,red,red,red,False
49,Ghansi Bazar,0.01,2030,44.152681396066775,-0.3778128855944646,high,41.089,37.343,45.189,yellow,red,yellow,False
50,Begum Bazar,0.01,2030,40.19052230093796,-0.1392765677053707,high,39.14,35.58,43.036,yellow,yellow,yellow,False
51,Goshamahal,0.01,2030,45.8591722706365,-0.2879092694074924,high,43.415,39.46,47.743,yellow,red,yellow,False
52,Puranapool,0.01,2030,43.26058431959793,1.2201977237336403,high,54.471,49.58,59.818,yellow,red,yellow,False
53,Doodh Bowli,0.01,2030,35.17870899961121,1.463964529070159,high,46.367,42.213,50.906,yellow,yellow,yellow,False
54,Jahanuma,0.01,2030,64.24801600179609,1.4615730164364966,high,84.643,77.059,92.93,red,red,red,False
55,Ramnaspura,0.01,2030,71.18246414213033,-0.1114146402887969,high,69.691,63.353,76.626,red,red,red,False
56,Kishanbagh,0.01,2030,77.04853536541036,1.4146710389200807,high,100.0,91.6,100.0,red,red,red,False
57,Suleman Nagar,0.01,2030,76.99644479285818,-0.4480313604288981,high,70.7,64.25,77.76,red,red,red,False
58,Shastripuram,0.01,2030,28.68921071845968,-0.180405344768324,medium,27.722,23.791,32.262,green,yellow,green,False
59,Mailardevpally,0.01,2030,20.58951540177557,-0.1801122593535108,medium,19.896,17.075,23.155,green,yellow,green,False
60,Rajendra Nagar,0.01,2030,73.65513744553293,-0.9390819674715656,medium,61.567,52.776,71.733,red,red,red,False
61,Attapur,0.01,2030,52.62897178556625,-0.4467297140393914,medium,48.337,41.467,56.276,yellow,red,yellow,False
62,Ziaguda,0.01,2030,44.16434789047906,0.0518968249033311,high,44.602,40.552,49.033,yellow,red,yellow,False
63,Mangalhat,0.01,2030,79.11473297610773,0.3318093496899421,high,84.254,76.624,92.6,red,red,red,False
64,Dattatreya Nagar,0.01,2030,55.05533946935907,1.3544389521220646,high,71.091,64.715,78.058,red,red,yellow,False
65,Karwan,0.01,2030,51.13889312976245,-0.5500300926199667,high,46.051,41.846,50.655,yellow,red,yellow,False
66,Langar Houz,0.01,2030,59.1014035978671,-1.2974259297015354,high,46.115,41.873,50.761,yellow,red,yellow,False
67,Golconda,0.01,2030,21.117158900647134,-0.5851514488763694,high,18.889,17.163,20.778,green,yellow,green,False
68,Tolichowki,0.01,2030,41.52822852989487,-0.9801644834101492,high,34.44,31.282,37.899,yellow,red,yellow,False
69,Nanal Nagar,0.01,2030,39.61177580373081,-2.613632813527113,high,23.949,21.718,26.396,green,yellow,yellow,False
70,Mehdipatnam,0.01,2030,69.63442081219291,1.2475460714031446,high,88.131,80.219,96.779,red,red,red,False
71,Gudimalkapur,0.01,2030,51.82546600577277,0.038654445441875,high,52.207,47.466,57.395,yellow,red,yellow,False
72,Asif Nagar,0.01,2030,55.79434621190427,2.1316872198970773,high,83.299,75.883,91.398,red,red,yellow,False
73,Vijay Nagar Colony,0.01,2030,24.26258956311994,0.3115047509139297,high,25.74,23.408,28.29,green,yellow,green,False
74,Ahmed Nagar,0.01,2030,28.007367427191166,-0.6472238396491768,high,24.757,22.494,27.234,green,yellow,green,False
75,Red Hills,0.01,2030,44.93343295987682,-0.7563388253390277,high,38.898,35.338,42.795,yellow,red,yellow,False
76,Mallepally,0.01,2030,33.97705489011329,1.0756152894879536,high,41.636,37.892,45.728,yellow,yellow,yellow,False
77,Jambagh,0.01,2030,43.44741579462619,-0.2515658435493526,high,41.417,37.646,45.545,yellow,red,yellow,False
78,Gunfoundry,0.01,2030,6.960032118674664,-0.7493443110156411,high,6.033,5.481,6.638,green,green,green,False
79,Himayath Nagar,0.01,2030,20.974928100883787,-0.1576344585207288,high,20.356,18.504,22.382,green,yellow,green,False
80,Kachiguda,0.01,2030,19.42849792452408,0.1850218053549822,high,20.123,18.298,22.119,green,yellow,green,False
81,Nallakunta,0.01,2030,7.769430090742621,1.1675504862218826,high,9.687,8.816,10.638,green,green,green,False
82,Golnaka,0.01,2030,30.01774766250485,-0.3732736978120915,high,27.959,25.41,30.749,green,yellow,yellow,False
83,Amberpet,0.01,2030,34.01718722014084,0.1687267494379467,high,35.124,31.939,38.61,yellow,yellow,yellow,False
84,Bagh Amberpet,0.01,2030,46.90842388010578,1.0225275829530651,high,56.911,51.791,62.508,yellow,red,yellow,False
85,Adikmet,0.01,2030,21.31739578000518,0.9878203680386444,high,25.695,23.382,28.223,green,yellow,green,False
86,Musheerabad,0.01,2030,11.418124454267833,1.0355921420873242,high,13.887,12.638,15.253,green,green,green,False
87,Ramnagar,0.01,2030,2.7051762558043446,0.7424792276464005,high,3.113,2.833,3.42,green,green,green,False
88,Bholakpur,0.01,2030,2.762742622896244,1.8469382196141768,high,3.912,3.562,4.293,green,green,green,False
89,Gandhinagar,0.01,2030,12.619273413964455,-0.0397458331221889,high,12.524,11.386,13.77,green,green,green,False
90,Kavadiguda,0.01,2030,16.19239365863485,-0.9849690908031232,high,13.416,12.186,14.764,green,green,green,False
91,Khairatabad,0.01,2030,36.111745370154594,-1.3989996173421488,high,27.631,25.087,30.418,green,yellow,yellow,False
92,Venkateshwara Colony,0.01,2030,46.39473156432174,-0.7693357220709376,high,40.063,36.396,44.077,yellow,red,yellow,False
93,Banjara Hills,0.01,2030,8.24107584819368,0.2633900483903478,high,8.663,7.878,9.522,green,green,green,False
94,Shaikpet,0.01,2030,17.406634351778855,-0.4324772035351038,high,16.031,14.568,17.631,green,green,green,False
95,Jubilee Hills,0.01,2030,10.16211106582204,0.0759442611884154,high,10.31,9.374,11.334,green,green,green,False
96,Yousufguda,0.01,2030,39.82214631865089,0.1058633633407602,high,40.631,36.943,44.665,yellow,yellow,yellow,False
97,Somajiguda,0.01,2030,5.713789420896817,-0.2148345909592047,high,5.485,4.986,6.031,green,green,green,False
98,Ameerpet,0.01,2030,9.527142865662022,-0.3813302521334278,high,8.86,8.052,9.744,green,green,green,False
99,Vengal Rao Nagar,0.01,2030,5.107012579321559,-1.2823679168242188,high,3.996,3.629,4.399,green,green,green,False
100,Sanath Nagar,0.01,2030,14.7939148502979,0.0230449450488361,high,14.859,13.509,16.335,green,green,green,False
101,Erragadda,0.01,2030,19.20446431665971,-0.095373247413698,high,18.859,17.145,20.736,green,green,green,False
102,Rahmath Nagar,0.01,2030,36.56663934247633,1.4648526501558925,high,48.204,43.885,52.923,yellow,yellow,yellow,False
103,Borabanda,0.01,2030,18.068262967223465,1.7058059194524018,high,24.916,22.689,27.35,green,green,green,False
104,Kondapur,0.01,2030,7.067330747307282,-0.3333832947624257,medium,6.633,5.691,7.721,green,green,green,False
105,Gachibowli,0.01,2030,33.89004956015616,-1.335300581870413,medium,26.251,22.489,30.604,green,yellow,yellow,False
106,Serilingampally,0.01,2030,20.062343353707377,-1.1642127132808069,medium,16.06,13.762,18.719,green,yellow,green,False
107,Madhapur,0.01,2030,43.47608434217619,-1.2053323744009423,medium,34.529,29.587,40.247,yellow,red,yellow,False
108,Miyapur,0.01,2030,44.036763958648685,-1.8452321495441515,medium,30.912,26.461,36.067,yellow,red,yellow,False
109,Hafeezpet,0.01,2030,15.891136890618789,-0.5382408083741963,medium,14.342,12.302,16.7,green,green,green,False
110,Chandanagar,0.01,2030,45.39580629905416,-0.7299899718887063,medium,39.497,33.868,46.003,yellow,red,yellow,False
111,Bharati Nagar,0.01,2030,27.75373575427334,0.6479893373604294,medium,31.378,26.963,36.471,yellow,yellow,green,False
112,Ramachandrapuram,0.01,2030,35.53806010277442,-0.6950680927427123,medium,31.127,26.693,36.253,yellow,yellow,yellow,False
113,Patancheruvu,0.01,2030,21.88147546394043,-0.1116113499137126,medium,21.422,18.387,24.928,green,yellow,green,False
114,KPHB Colony,0.01,2030,19.96869435148323,-0.854960642239448,medium,16.963,14.543,19.761,green,yellow,green,False
115,Balaji Nagar,0.01,2030,27.046318929516605,-0.8279880216645622,medium,23.094,19.8,26.903,green,yellow,green,False
116,Allapur,0.01,2030,35.98419951051559,-0.4434074512372561,high,33.071,30.054,36.373,yellow,yellow,yellow,False
117,Moosapet,0.01,2030,6.384451177722012,1.077366052720513,medium,7.826,6.729,9.091,green,green,green,False
118,Fateh Nagar,0.01,2030,34.73595281677105,-0.227255162984858,medium,33.266,28.548,38.717,yellow,yellow,yellow,False
119,Old Bowenpally,0.01,2030,34.7194404275402,-0.1220840225375822,medium,33.923,29.116,39.475,yellow,yellow,yellow,False
120,Balanagar,0.01,2030,29.78165210311819,-0.3040215811691819,medium,28.108,24.118,32.717,green,yellow,green,False
121,Kukatpally,0.01,2030,25.66790810753259,0.2101305426171462,medium,26.712,22.939,31.069,green,yellow,green,False
122,Vivekananda Nagar Colony,0.01,2030,17.80929141732565,0.5669783715850022,medium,19.829,17.037,23.05,green,green,green,False
123,Hydernagar,0.01,2030,19.3376703234939,-0.823771619388124,medium,16.525,14.168,19.251,green,green,green,False
124,Alwyn Colony,0.01,2030,19.76845848874945,-0.6509631812334818,medium,17.462,14.975,20.336,green,yellow,green,False
125,Gajularamaram,0.01,2030,44.819120029158114,-0.4994060610750858,medium,40.752,34.957,47.449,yellow,red,yellow,False
126,Jagathgirigutta,0.01,2030,34.35870622053157,1.3217428606803272,medium,44.095,37.929,51.202,yellow,yellow,yellow,False
127,Rangareddy Nagar,0.01,2030,15.903728398729708,0.6944524879063165,medium,18.139,15.588,21.082,green,green,green,False
128,Chintal,0.01,2030,22.6982079591826,-0.8305096792744869,medium,19.372,16.609,22.567,green,yellow,green,False
129,Suraram,0.01,2030,21.92585195322159,-0.5599901558641079,medium,19.707,16.903,22.948,green,yellow,green,False
130,Subash Nagar,0.01,2030,19.302317114008787,1.556116772492067,medium,25.884,22.272,30.045,green,green,green,False
131,Quthbullapur,0.01,2030,21.53230215035172,0.7968932978788363,medium,25.037,21.52,29.095,green,yellow,green,False
132,Jeedimetla,0.01,2030,3.5435291292938405,-2.1517589469283225,medium,2.344,2.005,2.736,green,green,green,False
133,Macha Bolarum,0.01,2030,17.505839258584594,-0.964618482398706,medium,14.561,12.482,16.966,green,green,green,False
134,Alwal,0.01,2030,1.8761500238512907,-0.7004129217321453,medium,1.642,1.408,1.912,green,green,green,False
135,Venkatapuram,0.01,2030,13.51242378072557,-0.061215478116265,medium,13.356,11.465,15.541,green,green,green,False
136,Neredmet,0.01,2030,26.47244201687729,-1.1940273826135988,medium,21.07,18.055,24.559,green,yellow,green,False
137,Vinayak Nagar,0.01,2030,8.644771782065238,-0.0237626512984603,medium,8.606,7.388,10.013,green,green,green,False
138,Moula Ali,0.01,2030,7.4954029904765616,-0.7271095077317318,medium,6.525,5.595,7.6,green,green,green,False
139,East Anand Bagh,0.01,2030,11.557507079625998,-1.2478173949549038,medium,9.104,7.801,10.613,green,green,green,False
140,Malkajgiri,0.01,2030,13.273932289664684,-0.186982570333785,medium,12.81,10.994,14.908,green,green,green,False
141,Gautham Nagar,0.01,2030,0.0,0.7499738387398407,medium,0.0,0.0,0.0,green,green,green,False
142,Addagutta,0.01,2030,17.955381103962143,-1.943585749924028,high,12.366,11.222,13.621,green,green,green,False
143,Tarnaka,0.01,2030,28.16093587267949,-0.7628032837091792,high,24.348,22.12,26.788,green,yellow,green,False
144,Mettuguda,0.01,2030,21.6562832458312,-1.9834249709241272,high,14.8,13.43,16.303,green,yellow,green,False
145,Seethaphalmandi,0.01,2030,12.207832932801546,0.6589686916186875,high,13.83,12.582,15.196,green,green,green,False
146,Boudha Nagar,0.01,2030,13.14755833226356,1.9925054961413744,high,19.127,17.422,20.989,green,green,green,False
147,Bansilapet,0.01,2030,17.53007251690914,0.3816116608958022,high,18.846,17.14,20.712,green,green,green,False
148,Ramgopalpet,0.01,2030,20.97904794778243,0.0044675574935337,high,20.997,19.09,23.084,green,yellow,green,False
149,Begumpet,0.01,2030,8.468095173322224,-2.309027503808858,high,5.433,4.928,5.986,green,green,green,False
150,Monda Market,0.01,2030,16.341814374920414,-0.1503865519143823,high,15.881,14.436,17.462,green,green,green,False
