ward_id,year,ward_name,worldpop_population,udise_source_year,udise_school_count,udise_student_count,udise_teacher_count,udise_classroom_count,udise_electricity_share,udise_library_share,udise_playground_share,udise_medical_checkup_share,udise_ramp_share,udise_internet_share,udise_computer_desktop_share,udise_boundary_wall_share,udise_government_school_share,udise_student_teacher_ratio,udise_data_available,udise_school_count_missing,udise_student_count_missing,udise_teacher_count_missing,udise_classroom_count_missing,udise_electricity_share_missing,udise_library_share_missing,udise_playground_share_missing,udise_medical_checkup_share_missing,udise_ramp_share_missing,udise_internet_share_missing,udise_computer_desktop_share_missing,udise_boundary_wall_share_missing,udise_government_school_share_missing,udise_student_teacher_ratio_missing,udise_drinking_water_share,udise_ict_lab_share,udise_drinking_water_share_missing,udise_ict_lab_share_missing,census2011_population_verified,census2011_TOT_M,census2011_TOT_F,census2011_No_HH,census2011_P_06,census2011_P_SC,census2011_P_ST,census2011_P_LIT,census2011_P_ILL,census2011_TOT_WORK_P,census2011_MAINWORK_P,census2011_MARGWORK_P,census2011_NON_WORK_P,census2011_literacy_rate,census2011_work_participation_rate,census2011_non_worker_rate,census2011_sc_share,census2011_st_share,census2011_female_share,census2011_child_share,census2011_main_worker_share,census2011_marginal_worker_share,census2011_source_district,census2011_source_rows,census2011_sc_st_share,census2011_literacy_risk
1,2011,Kapra,,,,,,,,,,,,,,,,,,,,,,,,,,,,,,,,,,,,44149.0,22411.0,21738.0,10899.0,4553.0,3672.0,871.0,34890.0,9259.0,17074.0,13965.0,3109.0,27075.0,0.8811496110718254,0.3867358264060341,0.6132641735939659,0.0831728917982287,0.0197286461754513,0.4923780833087952,0.1031280436702983,0.316315205327414,0.0704206210786201,537,1.0,0.10290153797368,0.11885038892817457
1,2015,Kapra,82855.84,,,,,,,,,,,,,,,,,,,,,,,,,,,,,,,,,,,,,,,,,,,,,,,,,,,,,,,,,,,,
1,2018,Kapra,84781.39,,,,,,,,,,,,,,,,,,,,,,,,,,,,,,,,,,,,,,,,,,,,,,,,,,,,,,,,,,,,
1,2021,Kapra,,2021-22,,,,,,,,,,,,,,,0.0,1.0,1.0,1.0,1.0,1.0,1.0,1.0,1.0,1.0,1.0,1.0,1.0,1.0,1.0,,,,,,,,,,,,,,,,,,,,,,,,,,,,,,
1,2023,Kapra,,2023-24,,,,,,,,,,,,,,,0.0,1.0,1.0,1.0,1.0,1.0,1.0,1.0,1.0,1.0,1.0,1.0,1.0,1.0,1.0,,,1.0,1.0,,,,,,,,,,,,,,,,,,,,,,,,,,
2,2011,Dr A S Rao Nagar,,,,,,,,,,,,,,,,,,,,,,,,,,,,,,,,,,,,59164.0,30605.0,28559.0,14510.0,7279.0,6078.0,2178.0,42478.0,16686.0,24260.0,20107.0,4153.0,34904.0,0.8186951912884264,0.4100466499898587,0.5899533500101413,0.1027313907105672,0.0368129267797985,0.4827090798458522,0.1230308971671962,0.3398519369887093,0.0701947130011493,537,2.0,0.1395443174903657,0.18130480871157362
2,2015,Dr A S Rao Nagar,57553.41,,,,,,,,,,,,,,,,,,,,,,,,,,,,,,,,,,,,,,,,,,,,,,,,,,,,,,,,,,,,
2,2018,Dr A S Rao Nagar,58902.19,,,,,,,,,,,,,,,,,,,,,,,,,,,,,,,,,,,,,,,,,,,,,,,,,,,,,,,,,,,,
2,2021,Dr A S Rao Nagar,,2021-22,,,,,,,,,,,,,,,0.0,1.0,1.0,1.0,1.0,1.0,1.0,1.0,1.0,1.0,1.0,1.0,1.0,1.0,1.0,,,,,,,,,,,,,,,,,,,,,,,,,,,,,,
2,2023,Dr A S Rao Nagar,,2023-24,,,,,,,,,,,,,,,0.0,1.0,1.0,1.0,1.0,1.0,1.0,1.0,1.0,1.0,1.0,1.0,1.0,1.0,1.0,,,1.0,1.0,,,,,,,,,,,,,,,,,,,,,,,,,,
3,2011,Cherlapally,,,,,,,,,,,,,,,,,,,,,,,,,,,,,,,,,,,,57747.0,29417.0,28330.0,14042.0,6589.0,9686.0,1743.0,42132.0,15615.0,22517.0,18112.0,4405.0,35230.0,0.8235662066538958,0.3899250177498398,0.6100749822501602,0.1677316570557777,0.0301833861499298,0.490588255666961,0.1141011654285071,0.3136439988224496,0.0762810189273901,537,1.0,0.1979150432057075,0.1764337933461042
3,2015,Cherlapally,82983.91494603455,,,,,,,,,,,,,,,,,,,,,,,,,,,,,,,,,,,,,,,,,,,,,,,,,,,,,,,,,,,,
3,2018,Cherlapally,84926.88058839738,,,,,,,,,,,,,,,,,,,,,,,,,,,,,,,,,,,,,,,,,,,,,,,,,,,,,,,,,,,,
3,2021,Cherlapally,,2021-22,,,,,,,,,,,,,,,0.0,1.0,1.0,1.0,1.0,1.0,1.0,1.0,1.0,1.0,1.0,1.0,1.0,1.0,1.0,,,,,,,,,,,,,,,,,,,,,,,,,,,,,,
3,2023,Cherlapally,,2023-24,1.0,728.0,11.0,9.0,1.0,2.0,2.0,1.0,1.0,1.0,17.0,1.0,0.0,66.18181818181819,1.0,0.0,0.0,0.0,0.0,0.0,0.0,0.0,0.0,0.0,0.0,0.0,0.0,0.0,0.0,9.0,9.0,0.0,0.0,,,,,,,,,,,,,,,,,,,,,,,,,,
4,2011,Meerpet H.B Colony,,,,,,,,,,,,,,,,,,,,,,,,,,,,,,,,,,,,67130.0,34145.0,32985.0,16611.0,7682.0,6794.0,1561.0,50324.0,16806.0,26278.0,21575.0,4703.0,40852.0,0.8465213295653344,0.3914494264859228,0.6085505735140772,0.1012066140324743,0.0232533889468196,0.4913600476687025,0.1144346789810814,0.3213913302547296,0.0700580962311932,537,1.0,0.12446000297929391,0.15347867043466557
4,2015,Meerpet H.B Colony,18284.6550552845,,,,,,,,,,,,,,,,,,,,,,,,,,,,,,,,,,,,,,,,,,,,,,,,,,,,,,,,,,,,
4,2018,Meerpet H.B Colony,18699.66634452343,,,,,,,,,,,,,,,,,,,,,,,,,,,,,,,,,,,,,,,,,,,,,,,,,,,,,,,,,,,,
4,2021,Meerpet H.B Colony,,2021-22,,,,,,,,,,,,,,,0.0,1.0,1.0,1.0,1.0,1.0,1.0,1.0,1.0,1.0,1.0,1.0,1.0,1.0,1.0,,,,,,,,,,,,,,,,,,,,,,,,,,,,,,
4,2023,Meerpet H.B Colony,,2023-24,,,,,,,,,,,,,,,0.0,1.0,1.0,1.0,1.0,1.0,1.0,1.0,1.0,1.0,1.0,1.0,1.0,1.0,1.0,,,1.0,1.0,,,,,,,,,,,,,,,,,,,,,,,,,,
5,2011,Mallapur,,,,,,,,,,,,,,,,,,,,,,,,,,,,,,,,,,,,57688.0,29544.0,28144.0,14013.0,6633.0,6498.0,1435.0,41412.0,16276.0,21767.0,18512.0,3255.0,35921.0,0.8111252570757027,0.3773228401053945,0.6226771598946055,0.1126404104839828,0.0248751906809041,0.4878657606434614,0.1149805852170295,0.3208986270974899,0.0564242130079045,537,1.0,0.1375156011648869,0.1888747429242973
5,2015,Mallapur,58989.11,,,,,,,,,,,,,,,,,,,,,,,,,,,,,,,,,,,,,,,,,,,,,,,,,,,,,,,,,,,,
5,2018,Mallapur,60398.24,,,,,,,,,,,,,,,,,,,,,,,,,,,,,,,,,,,,,,,,,,,,,,,,,,,,,,,,,,,,
5,2021,Mallapur,,2021-22,,,,,,,,,,,,,,,0.0,1.0,1.0,1.0,1.0,1.0,1.0,1.0,1.0,1.0,1.0,1.0,1.0,1.0,1.0,,,,,,,,,,,,,,,,,,,,,,,,,,,,,,
5,2023,Mallapur,,2023-24,,,,,,,,,,,,,,,0.0,1.0,1.0,1.0,1.0,1.0,1.0,1.0,1.0,1.0,1.0,1.0,1.0,1.0,1.0,,,1.0,1.0,,,,,,,,,,,,,,,,,,,,,,,,,,
6,2011,Nacharam,,,,,,,,,,,,,,,,,,,,,,,,,,,,,,,,,,,,52167.0,26057.0,26110.0,12750.0,5453.0,3193.0,1277.0,39473.0,12694.0,19197.0,17006.0,2191.0,32970.0,0.84499293573661,0.3679912588417965,0.6320087411582035,0.0612072766308202,0.0244790768110107,0.5005079839745433,0.1045296835163992,0.3259915272106887,0.0419997316311077,537,1.0,0.0856863534418309,0.15500706426338995
6,2015,Nacharam,55069.32,,,,,,,,,,,,,,,,,,,,,,,,,,,,,,,,,,,,,,,,,,,,,,,,,,,,,,,,,,,,
6,2018,Nacharam,56410.02,,,,,,,,,,,,,,,,,,,,,,,,,,,,,,,,,,,,,,,,,,,,,,,,,,,,,,,,,,,,
6,2021,Nacharam,,2021-22,,,,,,,,,,,,,,,0.0,1.0,1.0,1.0,1.0,1.0,1.0,1.0,1.0,1.0,1.0,1.0,1.0,1.0,1.0,,,,,,,,,,,,,,,,,,,,,,,,,,,,,,
6,2023,Nacharam,,2023-24,,,,,,,,,,,,,,,0.0,1.0,1.0,1.0,1.0,1.0,1.0,1.0,1.0,1.0,1.0,1.0,1.0,1.0,1.0,,,1.0,1.0,,,,,,,,,,,,,,,,,,,,,,,,,,
7,2011,Chilka Nagar,,,,,,,,,,,,,,,,,,,,,,,,,,,,,,,,,,,,59061.0,30161.0,28900.0,14425.0,6902.0,4320.0,1205.0,42229.0,16832.0,22846.0,19806.0,3040.0,36215.0,0.8096205832167028,0.3868204060208936,0.6131795939791064,0.0731447147864072,0.020402634564264,0.4893245966035116,0.1168622271888386,0.3353481993193478,0.0514722067015458,537,1.0,0.0935473493506712,0.19037941678329717
7,2015,Chilka Nagar,34916.97,,,,,,,,,,,,,,,,,,,,,,,,,,,,,,,,,,,,,,,,,,,,,,,,,,,,,,,,,,,,
7,2018,Chilka Nagar,35741.03,,,,,,,,,,,,,,,,,,,,,,,,,,,,,,,,,,,,,,,,,,,,,,,,,,,,,,,,,,,,
7,2021,Chilka Nagar,,2021-22,,,,,,,,,,,,,,,0.0,1.0,1.0,1.0,1.0,1.0,1.0,1.0,1.0,1.0,1.0,1.0,1.0,1.0,1.0,,,,,,,,,,,,,,,,,,,,,,,,,,,,,,
7,2023,Chilka Nagar,,2023-24,,,,,,,,,,,,,,,0.0,1.0,1.0,1.0,1.0,1.0,1.0,1.0,1.0,1.0,1.0,1.0,1.0,1.0,1.0,,,1.0,1.0,,,,,,,,,,,,,,,,,,,,,,,,,,
8,2011,Habsiguda,,,,,,,,,,,,,,,,,,,,,,,,,,,,,,,,,,,,75227.0,38377.0,36850.0,18366.0,7226.0,5266.0,783.0,59411.0,15816.0,29125.0,24069.0,5056.0,46102.0,0.8736783282598786,0.3871615244526566,0.6128384755473434,0.0700014622409507,0.0104084969492336,0.4898507184920307,0.0960559373629149,0.3199516131176306,0.0672099113350259,537,1.0,0.0804099591901843,0.12632167174012143
8,2015,Habsiguda,50965.17,,,,,,,,,,,,,,,,,,,,,,,,,,,,,,,,,,,,,,,,,,,,,,,,,,,,,,,,,,,,
8,2018,Habsiguda,52111.7,,,,,,,,,,,,,,,,,,,,,,,,,,,,,,,,,,,,,,,,,,,,,,,,,,,,,,,,,,,,
8,2021,Habsiguda,,2021-22,,,,,,,,,,,,,,,0.0,1.0,1.0,1.0,1.0,1.0,1.0,1.0,1.0,1.0,1.0,1.0,1.0,1.0,1.0,,,,,,,,,,,,,,,,,,,,,,,,,,,,,,
8,2023,Habsiguda,,2023-24,,,,,,,,,,,,,,,0.0,1.0,1.0,1.0,1.0,1.0,1.0,1.0,1.0,1.0,1.0,1.0,1.0,1.0,1.0,,,1.0,1.0,,,,,,,,,,,,,,,,,,,,,,,,,,
9,2011,Ramanthapur,,,,,,,,,,,,,,,,,,,,,,,,,,,,,,,,,,,,68161.0,34810.0,33351.0,16118.0,7862.0,5049.0,1693.0,49473.0,18688.0,24852.0,21605.0,3247.0,43309.0,0.8204613675185326,0.3646073267704405,0.6353926732295594,0.0740746174498613,0.0248382506125203,0.4892973988057686,0.1153445518698376,0.3169701148750752,0.0476372118953653,537,2.0,0.0989128680623816,0.1795386324814674
9,2015,Ramanthapur,27659.94,,,,,,,,,,,,,,,,,,,,,,,,,,,,,,,,,,,,,,,,,,,,,,,,,,,,,,,,,,,,
9,2018,Ramanthapur,28363.98,,,,,,,,,,,,,,,,,,,,,,,,,,,,,,,,,,,,,,,,,,,,,,,,,,,,,,,,,,,,
9,2021,Ramanthapur,,2021-22,,,,,,,,,,,,,,,0.0,1.0,1.0,1.0,1.0,1.0,1.0,1.0,1.0,1.0,1.0,1.0,1.0,1.0,1.0,,,,,,,,,,,,,,,,,,,,,,,,,,,,,,
9,2023,Ramanthapur,,2023-24,,,,,,,,,,,,,,,0.0,1.0,1.0,1.0,1.0,1.0,1.0,1.0,1.0,1.0,1.0,1.0,1.0,1.0,1.0,,,1.0,1.0,,,,,,,,,,,,,,,,,,,,,,,,,,
10,2011,Uppal,,,,,,,,,,,,,,,,,,,,,,,,,,,,,,,,,,,,68115.0,35052.0,33063.0,16304.0,7441.0,5772.0,3056.0,50987.0,17128.0,24414.0,20944.0,3470.0,43701.0,0.8403434749645647,0.3584232547896939,0.641576745210306,0.0847390442633781,0.0448653013286353,0.4853996916978639,0.1092417235557513,0.3074799970637892,0.0509432577259047,537,1.0,0.1296043455920134,0.15965652503543526
10,2015,Uppal,63947.62,,,,,,,,,,,,,,,,,,,,,,,,,,,,,,,,,,,,,,,,,,,,,,,,,,,,,,,,,,,,
10,2018,Uppal,65465.03,,,,,,,,,,,,,,,,,,,,,,,,,,,,,,,,,,,,,,,,,,,,,,,,,,,,,,,,,,,,
10,2021,Uppal,,2021-22,,,,,,,,,,,,,,,0.0,1.0,1.0,1.0,1.0,1.0,1.0,1.0,1.0,1.0,1.0,1.0,1.0,1.0,1.0,,,,,,,,,,,,,,,,,,,,,,,,,,,,,,
10,2023,Uppal,,2023-24,,,,,,,,,,,,,,,0.0,1.0,1.0,1.0,1.0,1.0,1.0,1.0,1.0,1.0,1.0,1.0,1.0,1.0,1.0,,,1.0,1.0,,,,,,,,,,,,,,,,,,,,,,,,,,
11,2011,Nagole,,,,,,,,,,,,,,,,,,,,,,,,,,,,,,,,,,,,50462.0,25680.0,24782.0,12332.0,4775.0,2385.0,578.0,41928.0,8534.0,17879.0,16122.0,1757.0,32583.0,0.9177227657758223,0.3543062106139273,0.6456937893860727,0.0472632872260314,0.0114541635289921,0.4911022155285165,0.0946256589116563,0.3194879315128215,0.0348182791011057,537,1.0,0.058717450755023506,0.08227723422417765
11,2015,Nagole,8861.320796996355,,,,,,,,,,,,,,,,,,,,,,,,,,,,,,,,,,,,,,,,,,,,,,,,,,,,,,,,,,,,
11,2018,Nagole,9069.302236437798,,,,,,,,,,,,,,,,,,,,,,,,,,,,,,,,,,,,,,,,,,,,,,,,,,,,,,,,,,,,
11,2021,Nagole,,2021-22,,,,,,,,,,,,,,,0.0,1.0,1.0,1.0,1.0,1.0,1.0,1.0,1.0,1.0,1.0,1.0,1.0,1.0,1.0,,,,,,,,,,,,,,,,,,,,,,,,,,,,,,
11,2023,Nagole,,2023-24,,,,,,,,,,,,,,,0.0,1.0,1.0,1.0,1.0,1.0,1.0,1.0,1.0,1.0,1.0,1.0,1.0,1.0,1.0,,,1.0,1.0,,,,,,,,,,,,,,,,,,,,,,,,,,
12,2011,Mansoorabad,,,,,,,,,,,,,,,,,,,,,,,,,,,,,,,,,,,,81484.0,41850.0,39634.0,19401.0,9741.0,6599.0,4094.0,58101.0,23383.0,28652.0,24472.0,4180.0,52832.0,0.8098490445060842,0.3516273133375877,0.6483726866624122,0.0809852240930734,0.050242992489323,0.4864022384762653,0.1195449413381768,0.3003288989249423,0.0512984144126454,537,1.0,0.13122821658239642,0.1901509554939158
12,2015,Mansoorabad,90329.39,,,,,,,,,,,,,,,,,,,,,,,,,,,,,,,,,,,,,,,,,,,,,,,,,,,,,,,,,,,,
12,2018,Mansoorabad,92545.13,,,,,,,,,,,,,,,,,,,,,,,,,,,,,,,,,,,,,,,,,,,,,,,,,,,,,,,,,,,,
12,2021,Mansoorabad,,2021-22,,,,,,,,,,,,,,,0.0,1.0,1.0,1.0,1.0,1.0,1.0,1.0,1.0,1.0,1.0,1.0,1.0,1.0,1.0,,,,,,,,,,,,,,,,,,,,,,,,,,,,,,
12,2023,Mansoorabad,,2023-24,,,,,,,,,,,,,,,0.0,1.0,1.0,1.0,1.0,1.0,1.0,1.0,1.0,1.0,1.0,1.0,1.0,1.0,1.0,,,1.0,1.0,,,,,,,,,,,,,,,,,,,,,,,,,,
13,2011,Hayath Nagar,,,,,,,,,,,,,,,,,,,,,,,,,,,,,,,,,,,,57789.0,29739.0,28050.0,13591.0,6772.0,6319.0,1757.0,42166.0,15623.0,20641.0,17894.0,2747.0,37148.0,0.8265088107885606,0.3571787018290678,0.6428212981709321,0.109346069321151,0.0304037100486251,0.4853864922390074,0.1171849313883265,0.3096437038190659,0.0475349980100019,537,1.0,0.1397497793697761,0.17349118921143936
13,2015,Hayath Nagar,56450.615976676345,,,,,,,,,,,,,,,,,,,,,,,,,,,,,,,,,,,,,,,,,,,,,,,,,,,,,,,,,,,,
13,2018,Hayath Nagar,57764.90086853504,,,,,,,,,,,,,,,,,,,,,,,,,,,,,,,,,,,,,,,,,,,,,,,,,,,,,,,,,,,,
13,2021,Hayath Nagar,,2021-22,,,,,,,,,,,,,,,0.0,1.0,1.0,1.0,1.0,1.0,1.0,1.0,1.0,1.0,1.0,1.0,1.0,1.0,1.0,,,,,,,,,,,,,,,,,,,,,,,,,,,,,,
13,2023,Hayath Nagar,,2023-24,,,,,,,,,,,,,,,0.0,1.0,1.0,1.0,1.0,1.0,1.0,1.0,1.0,1.0,1.0,1.0,1.0,1.0,1.0,,,1.0,1.0,,,,,,,,,,,,,,,,,,,,,,,,,,
14,2011,BN Reddy Nagar,,,,,,,,,,,,,,,,,,,,,,,,,,,,,,,,,,,,51227.0,26325.0,24902.0,12394.0,5589.0,2902.0,548.0,39108.0,12119.0,18722.0,16056.0,2666.0,32505.0,0.8569174810464963,0.365471333476487,0.634528666523513,0.0566498135748726,0.0106974837488043,0.4861108399867258,0.1091026216643566,0.3134284654576688,0.0520428680188182,537,1.0,0.0673472973236769,0.14308251895350366
14,2015,BN Reddy Nagar,76335.36,,,,,,,,,,,,,,,,,,,,,,,,,,,,,,,,,,,,,,,,,,,,,,,,,,,,,,,,,,,,
14,2018,BN Reddy Nagar,78162.4,,,,,,,,,,,,,,,,,,,,,,,,,,,,,,,,,,,,,,,,,,,,,,,,,,,,,,,,,,,,
14,2021,BN Reddy Nagar,,2021-22,,,,,,,,,,,,,,,0.0,1.0,1.0,1.0,1.0,1.0,1.0,1.0,1.0,1.0,1.0,1.0,1.0,1.0,1.0,,,,,,,,,,,,,,,,,,,,,,,,,,,,,,
14,2023,BN Reddy Nagar,,2023-24,,,,,,,,,,,,,,,0.0,1.0,1.0,1.0,1.0,1.0,1.0,1.0,1.0,1.0,1.0,1.0,1.0,1.0,1.0,,,1.0,1.0,,,,,,,,,,,,,,,,,,,,,,,,,,
15,2011,Vanasthalipuram,,,,,,,,,,,,,,,,,,,,,,,,,,,,,,,,,,,,55245.0,27792.0,27453.0,13608.0,5536.0,2770.0,817.0,43136.0,12109.0,21453.0,18665.0,2788.0,33792.0,0.8677704238669054,0.3883247352701602,0.6116752647298398,0.0501402841886143,0.014788668657797,0.4969318490361119,0.100208163634718,0.337858629740248,0.0504661055299122,537,1.0,0.0649289528464113,0.1322295761330946
15,2015,Vanasthalipuram,51333.14,,,,,,,,,,,,,,,,,,,,,,,,,,,,,,,,,,,,,,,,,,,,,,,,,,,,,,,,,,,,
15,2018,Vanasthalipuram,52594.56,,,,,,,,,,,,,,,,,,,,,,,,,,,,,,,,,,,,,,,,,,,,,,,,,,,,,,,,,,,,
15,2021,Vanasthalipuram,,2021-22,,,,,,,,,,,,,,,0.0,1.0,1.0,1.0,1.0,1.0,1.0,1.0,1.0,1.0,1.0,1.0,1.0,1.0,1.0,,,,,,,,,,,,,,,,,,,,,,,,,,,,,,
15,2023,Vanasthalipuram,,2023-24,,,,,,,,,,,,,,,0.0,1.0,1.0,1.0,1.0,1.0,1.0,1.0,1.0,1.0,1.0,1.0,1.0,1.0,1.0,,,1.0,1.0,,,,,,,,,,,,,,,,,,,,,,,,,,
16,2011,Hasthinapuram,,,,,,,,,,,,,,,,,,,,,,,,,,,,,,,,,,,,37079.0,18845.0,18234.0,8915.0,3592.0,1217.0,380.0,30403.0,6676.0,13449.0,11871.0,1578.0,23630.0,0.9079045599784992,0.3627120472504652,0.6372879527495348,0.0328218128860001,0.0102483885757436,0.4917608349739745,0.0968742414843981,0.3201542652175085,0.0425577820329566,537,1.0,0.0430702014617437,0.09209544002150083
16,2015,Hasthinapuram,58322.62,,,,,,,,,,,,,,,,,,,,,,,,,,,,,,,,,,,,,,,,,,,,,,,,,,,,,,,,,,,,
16,2018,Hasthinapuram,59736.74,,,,,,,,,,,,,,,,,,,,,,,,,,,,,,,,,,,,,,,,,,,,,,,,,,,,,,,,,,,,
16,2021,Hasthinapuram,,2021-22,,,,,,,,,,,,,,,0.0,1.0,1.0,1.0,1.0,1.0,1.0,1.0,1.0,1.0,1.0,1.0,1.0,1.0,1.0,,,,,,,,,,,,,,,,,,,,,,,,,,,,,,
16,2023,Hasthinapuram,,2023-24,,,,,,,,,,,,,,,0.0,1.0,1.0,1.0,1.0,1.0,1.0,1.0,1.0,1.0,1.0,1.0,1.0,1.0,1.0,,,1.0,1.0,,,,,,,,,,,,,,,,,,,,,,,,,,
17,2011,Champapet,,,,,,,,,,,,,,,,,,,,,,,,,,,,,,,,,,,,33864.0,17338.0,16526.0,8390.0,2898.0,1087.0,212.0,28007.0,5857.0,12585.0,10575.0,2010.0,21279.0,0.9044435832848932,0.3716335931963146,0.6283664068036854,0.032098984171982,0.0062603354594849,0.4880108669974013,0.0855776045357902,0.3122785258681786,0.059355067328136,537,2.0,0.0383593196314669,0.09555641671510684
17,2015,Champapet,42803.33,,,,,,,,,,,,,,,,,,,,,,,,,,,,,,,,,,,,,,,,,,,,,,,,,,,,,,,,,,,,
17,2018,Champapet,43863.09,,,,,,,,,,,,,,,,,,,,,,,,,,,,,,,,,,,,,,,,,,,,,,,,,,,,,,,,,,,,
17,2021,Champapet,,2021-22,,,,,,,,,,,,,,,0.0,1.0,1.0,1.0,1.0,1.0,1.0,1.0,1.0,1.0,1.0,1.0,1.0,1.0,1.0,,,,,,,,,,,,,,,,,,,,,,,,,,,,,,
17,2023,Champapet,,2023-24,3.0,1384.0,18.0,11.0,1.3333333333333333,1.3333333333333333,1.6666666666666667,1.6666666666666667,1.6666666666666667,1.6666666666666667,1.6666666666666667,3.6666666666666665,0.6666666666666666,76.88888888888889,1.0,0.0,0.0,0.0,0.0,0.0,0.0,0.0,0.0,0.0,0.0,0.0,0.0,0.0,0.0,3.6666666666666665,9.0,0.0,0.0,,,,,,,,,,,,,,,,,,,,,,,,,,
18,2011,Lingojiguda,,,,,,,,,,,,,,,,,,,,,,,,,,,,,,,,,,,,25242.0,13010.0,12232.0,5758.0,2517.0,2580.0,181.0,20150.0,5092.0,9825.0,7052.0,2773.0,15417.0,0.8866886688668867,0.3892322319942952,0.6107677680057048,0.1022106013786546,0.0071705887013707,0.4845891767688772,0.0997147611124316,0.2793756437683226,0.1098565882259725,536,1.0,0.10938119008002531,0.11331133113311331
18,2015,Lingojiguda,44650.93,,,,,,,,,,,,,,,,,,,,,,,,,,,,,,,,,,,,,,,,,,,,,,,,,,,,,,,,,,,,
18,2018,Lingojiguda,45741.98,,,,,,,,,,,,,,,,,,,,,,,,,,,,,,,,,,,,,,,,,,,,,,,,,,,,,,,,,,,,
18,2021,Lingojiguda,,2021-22,,,,,,,,,,,,,,,0.0,1.0,1.0,1.0,1.0,1.0,1.0,1.0,1.0,1.0,1.0,1.0,1.0,1.0,1.0,,,,,,,,,,,,,,,,,,,,,,,,,,,,,,
18,2023,Lingojiguda,,2023-24,,,,,,,,,,,,,,,0.0,1.0,1.0,1.0,1.0,1.0,1.0,1.0,1.0,1.0,1.0,1.0,1.0,1.0,1.0,,,1.0,1.0,,,,,,,,,,,,,,,,,,,,,,,,,,
19,2011,Saroornagar,,,,,,,,,,,,,,,,,,,,,,,,,,,,,,,,,,,,45226.0,22908.0,22318.0,10382.0,4803.0,3878.0,831.0,35572.0,9654.0,15602.0,12710.0,2892.0,29624.0,0.8799940627860376,0.3449785521602618,0.6550214478397383,0.085747136602839,0.018374386414894,0.4934772033785875,0.10619997346659,0.2810330340954318,0.0639455180648299,536,1.0,0.104121523017733,0.12000593721396235
19,2015,Saroornagar,36690.44,,,,,,,,,,,,,,,,,,,,,,,,,,,,,,,,,,,,,,,,,,,,,,,,,,,,,,,,,,,,
19,2018,Saroornagar,37565.38,,,,,,,,,,,,,,,,,,,,,,,,,,,,,,,,,,,,,,,,,,,,,,,,,,,,,,,,,,,,
19,2021,Saroornagar,,2021-22,,,,,,,,,,,,,,,0.0,1.0,1.0,1.0,1.0,1.0,1.0,1.0,1.0,1.0,1.0,1.0,1.0,1.0,1.0,,,,,,,,,,,,,,,,,,,,,,,,,,,,,,
19,2023,Saroornagar,,2023-24,,,,,,,,,,,,,,,0.0,1.0,1.0,1.0,1.0,1.0,1.0,1.0,1.0,1.0,1.0,1.0,1.0,1.0,1.0,,,1.0,1.0,,,,,,,,,,,,,,,,,,,,,,,,,,
20,2011,RK Puram,,,,,,,,,,,,,,,,,,,,,,,,,,,,,,,,,,,,45484.0,23220.0,22264.0,10789.0,5277.0,4334.0,2339.0,31586.0,13898.0,18315.0,16347.0,1968.0,27169.0,0.7855845996965702,0.4026690704423533,0.5973309295576467,0.0952862545070794,0.0514246768094274,0.489490809955149,0.1160188198047665,0.3594011080819629,0.0432679623603904,536,1.0,0.1467109313165068,0.21441540030342976
20,2015,RK Puram,31066.82,,,,,,,,,,,,,,,,,,,,,,,,,,,,,,,,,,,,,,,,,,,,,,,,,,,,,,,,,,,,
20,2018,RK Puram,31861.22,,,,,,,,,,,,,,,,,,,,,,,,,,,,,,,,,,,,,,,,,,,,,,,,,,,,,,,,,,,,
20,2021,RK Puram,,2021-22,,,,,,,,,,,,,,,0.0,1.0,1.0,1.0,1.0,1.0,1.0,1.0,1.0,1.0,1.0,1.0,1.0,1.0,1.0,,,,,,,,,,,,,,,,,,,,,,,,,,,,,,
20,2023,RK Puram,,2023-24,1.0,654.0,11.0,18.0,1.0,1.0,1.0,1.0,1.0,1.0,3.0,1.0,1.0,59.45454545454545,1.0,0.0,0.0,0.0,0.0,0.0,0.0,0.0,0.0,0.0,0.0,0.0,0.0,0.0,0.0,1.0,1.0,0.0,0.0,,,,,,,,,,,,,,,,,,,,,,,,,,
21,2011,Kothapet,,,,,,,,,,,,,,,,,,,,,,,,,,,,,,,,,,,,56751.0,29434.0,27317.0,11159.0,7475.0,1843.0,608.0,41770.0,14981.0,18543.0,14059.0,4484.0,38208.0,0.8476743242146279,0.3267431410900248,0.6732568589099751,0.0324751986749132,0.010713467604095,0.4813483462846469,0.1317157406917939,0.2477313175098236,0.0790118235802012,536,1.0,0.0431886662790082,0.15232567578537215
21,2015,Kothapet,35289.22,,,,,,,,,,,,,,,,,,,,,,,,,,,,,,,,,,,,,,,,,,,,,,,,,,,,,,,,,,,,
21,2018,Kothapet,36170.04,,,,,,,,,,,,,,,,,,,,,,,,,,,,,,,,,,,,,,,,,,,,,,,,,,,,,,,,,,,,
21,2021,Kothapet,,2021-22,,,,,,,,,,,,,,,0.0,1.0,1.0,1.0,1.0,1.0,1.0,1.0,1.0,1.0,1.0,1.0,1.0,1.0,1.0,,,,,,,,,,,,,,,,,,,,,,,,,,,,,,
21,2023,Kothapet,,2023-24,,,,,,,,,,,,,,,0.0,1.0,1.0,1.0,1.0,1.0,1.0,1.0,1.0,1.0,1.0,1.0,1.0,1.0,1.0,,,1.0,1.0,,,,,,,,,,,,,,,,,,,,,,,,,,
22,2011,Chaitanyapuri,,,,,,,,,,,,,,,,,,,,,,,,,,,,,,,,,,,,47220.0,24351.0,22869.0,9160.0,6771.0,532.0,122.0,33218.0,14002.0,14106.0,10595.0,3511.0,33114.0,0.821231674454251,0.2987293519695044,0.7012706480304955,0.0112664125370605,0.0025836509953409,0.4843074968233799,0.1433926302414231,0.2243752647183396,0.0743540872511647,536,1.0,0.0138500635324014,0.17876832554574895
22,2015,Chaitanyapuri,27130.4,,,,,,,,,,,,,,,,,,,,,,,,,,,,,,,,,,,,,,,,,,,,,,,,,,,,,,,,,,,,
22,2018,Chaitanyapuri,27817.14,,,,,,,,,,,,,,,,,,,,,,,,,,,,,,,,,,,,,,,,,,,,,,,,,,,,,,,,,,,,
22,2021,Chaitanyapuri,,2021-22,,,,,,,,,,,,,,,0.0,1.0,1.0,1.0,1.0,1.0,1.0,1.0,1.0,1.0,1.0,1.0,1.0,1.0,1.0,,,,,,,,,,,,,,,,,,,,,,,,,,,,,,
22,2023,Chaitanyapuri,,2023-24,,,,,,,,,,,,,,,0.0,1.0,1.0,1.0,1.0,1.0,1.0,1.0,1.0,1.0,1.0,1.0,1.0,1.0,1.0,,,1.0,1.0,,,,,,,,,,,,,,,,,,,,,,,,,,
23,2011,Gaddiannaram,,,,,,,,,,,,,,,,,,,,,,,,,,,,,,,,,,,,35196.0,17903.0,17293.0,6962.0,4909.0,452.0,665.0,23501.0,11695.0,11234.0,8870.0,2364.0,23962.0,0.7759434740977977,0.3191839981816115,0.6808160018183884,0.0128423684509603,0.0188941925218774,0.49133424252756,0.1394760768269121,0.2520172746903057,0.0671667234913058,536,1.0,0.031736560972837696,0.22405652590220226
23,2015,Gaddiannaram,25697.14,,,,,,,,,,,,,,,,,,,,,,,,,,,,,,,,,,,,,,,,,,,,,,,,,,,,,,,,,,,,
23,2018,Gaddiannaram,26338.29,,,,,,,,,,,,,,,,,,,,,,,,,,,,,,,,,,,,,,,,,,,,,,,,,,,,,,,,,,,,
23,2021,Gaddiannaram,,2021-22,1.0,378.0,12.0,6.0,1.0,2.0,2.0,2.0,1.0,2.0,0.0,2.0,0.0,31.5,1.0,0.0,0.0,0.0,0.0,0.0,0.0,0.0,0.0,0.0,0.0,0.0,0.0,0.0,0.0,,,,,,,,,,,,,,,,,,,,,,,,,,,,,,
23,2023,Gaddiannaram,,2023-24,1.0,421.0,6.0,11.0,1.0,2.0,2.0,2.0,1.0,1.0,1.0,1.0,0.0,70.16666666666667,1.0,0.0,0.0,0.0,0.0,0.0,0.0,0.0,0.0,0.0,0.0,0.0,0.0,0.0,0.0,1.0,9.0,0.0,0.0,,,,,,,,,,,,,,,,,,,,,,,,,,
24,2011,Saidabad,,,,,,,,,,,,,,,,,,,,,,,,,,,,,,,,,,,,60763.0,31814.0,28949.0,11725.0,7755.0,1212.0,798.0,42006.0,18757.0,17814.0,12674.0,5140.0,42949.0,0.7924464231814066,0.2931718315422214,0.7068281684577786,0.0199463489294471,0.0131329921169132,0.4764247979856162,0.1276270098579728,0.2085808798117275,0.0845909517304938,536,1.0,0.033079341046360296,0.20755357681859343
24,2015,Saidabad,29491.1,,,,,,,,,,,,,,,,,,,,,,,,,,,,,,,,,,,,,,,,,,,,,,,,,,,,,,,,,,,,
24,2018,Saidabad,30226.68,,,,,,,,,,,,,,,,,,,,,,,,,,,,,,,,,,,,,,,,,,,,,,,,,,,,,,,,,,,,
24,2021,Saidabad,,2021-22,48.0,11458.0,621.0,571.0,1.0,1.0833333333333333,1.2916666666666667,1.0833333333333333,1.5416666666666667,1.5,5.458333333333333,1.375,0.25,18.45088566827697,1.0,0.0,0.0,0.0,0.0,0.0,0.0,0.0,0.0,0.0,0.0,0.0,0.0,0.0,0.0,,,,,,,,,,,,,,,,,,,,,,,,,,,,,,
24,2023,Saidabad,,2023-24,47.0,21110.0,659.0,604.0,1.0,1.0425531914893618,1.4042553191489362,1.1063829787234043,1.4893617021276595,1.148936170212766,7.1063829787234045,1.5106382978723405,0.2553191489361702,32.03338391502276,1.0,0.0,0.0,0.0,0.0,0.0,0.0,0.0,0.0,0.0,0.0,0.0,0.0,0.0,0.0,1.5319148936170213,8.063829787234043,0.0,0.0,,,,,,,,,,,,,,,,,,,,,,,,,,
25,2011,Moosarambagh,,,,,,,,,,,,,,,,,,,,,,,,,,,,,,,,,,,,22589.0,11580.0,11009.0,4405.0,3031.0,64.0,38.0,15559.0,7030.0,6913.0,5254.0,1659.0,15676.0,0.7955312404131302,0.306033910310328,0.693966089689672,0.0028332374164416,0.0016822347160122,0.4873611049625924,0.1341803532692903,0.2325910841560051,0.0734428261543229,536,1.0,0.0045154721324538,0.20446875958686983
25,2015,Moosarambagh,27991.79,,,,,,,,,,,,,,,,,,,,,,,,,,,,,,,,,,,,,,,,,,,,,,,,,,,,,,,,,,,,
25,2018,Moosarambagh,28695.3,,,,,,,,,,,,,,,,,,,,,,,,,,,,,,,,,,,,,,,,,,,,,,,,,,,,,,,,,,,,
25,2021,Moosarambagh,,2021-22,57.0,14552.0,776.0,702.0,1.0,1.0701754385964912,1.4035087719298245,1.1754385964912282,1.456140350877193,1.2982456140350878,5.754385964912281,1.5087719298245614,0.2456140350877192,18.75257731958763,1.0,0.0,0.0,0.0,0.0,0.0,0.0,0.0,0.0,0.0,0.0,0.0,0.0,0.0,0.0,,,,,,,,,,,,,,,,,,,,,,,,,,,,,,
25,2023,Moosarambagh,,2023-24,52.0,26612.0,681.0,722.0,1.0,1.0576923076923077,1.4230769230769231,1.1923076923076923,1.5192307692307692,1.1923076923076923,6.884615384615385,1.6346153846153846,0.2692307692307692,39.07782672540382,1.0,0.0,0.0,0.0,0.0,0.0,0.0,0.0,0.0,0.0,0.0,0.0,0.0,0.0,0.0,1.6153846153846154,7.288461538461538,0.0,0.0,,,,,,,,,,,,,,,,,,,,,,,,,,
26,2011,Old Malakpet,,,,,,,,,,,,,,,,,,,,,,,,,,,,,,,,,,,,43599.0,22334.0,21265.0,8833.0,5333.0,3041.0,2192.0,30795.0,12804.0,13286.0,10533.0,2753.0,30313.0,0.8047614069931532,0.3047317599027501,0.69526824009725,0.0697493061767471,0.0502763824858368,0.4877405445079015,0.1223193192504415,0.2415881098190325,0.0631436500837175,536,1.0,0.1200256886625839,0.19523859300684676
26,2015,Old Malakpet,29835.64,,,,,,,,,,,,,,,,,,,,,,,,,,,,,,,,,,,,,,,,,,,,,,,,,,,,,,,,,,,,
26,2018,Old Malakpet,30542.18,,,,,,,,,,,,,,,,,,,,,,,,,,,,,,,,,,,,,,,,,,,,,,,,,,,,,,,,,,,,
26,2021,Old Malakpet,,2021-22,11.0,4229.0,136.0,127.0,1.0,1.0,1.2727272727272727,2.0,1.9090909090909087,1.3636363636363635,3.272727272727273,1.3636363636363635,0.0909090909090909,31.09558823529412,1.0,0.0,0.0,0.0,0.0,0.0,0.0,0.0,0.0,0.0,0.0,0.0,0.0,0.0,0.0,,,,,,,,,,,,,,,,,,,,,,,,,,,,,,
26,2023,Old Malakpet,,2023-24,13.0,9725.0,183.0,146.0,1.0,1.0,1.3846153846153846,1.2307692307692308,1.9230769230769231,1.0,7.076923076923077,1.6923076923076923,0.0769230769230769,53.14207650273224,1.0,0.0,0.0,0.0,0.0,0.0,0.0,0.0,0.0,0.0,0.0,0.0,0.0,0.0,0.0,2.230769230769231,7.384615384615385,0.0,0.0,,,,,,,,,,,,,,,,,,,,,,,,,,
27,2011,Akbarbagh,,,,,,,,,,,,,,,,,,,,,,,,,,,,,,,,,,,,42758.0,22040.0,20718.0,8768.0,5842.0,3903.0,1135.0,28236.0,14522.0,14096.0,10266.0,3830.0,28662.0,0.7648716003900747,0.329669301651153,0.670330698348847,0.0912811637588287,0.026544740165583,0.4845409046260349,0.1366294026848777,0.2400954207399784,0.0895738809111745,536,1.0,0.11782590392441171,0.23512839960992526
27,2015,Akbarbagh,21686.68,,,,,,,,,,,,,,,,,,,,,,,,,,,,,,,,,,,,,,,,,,,,,,,,,,,,,,,,,,,,
27,2018,Akbarbagh,22219.56,,,,,,,,,,,,,,,,,,,,,,,,,,,,,,,,,,,,,,,,,,,,,,,,,,,,,,,,,,,,
27,2021,Akbarbagh,,2021-22,40.0,14730.0,695.0,590.0,1.0,1.075,1.325,1.2,1.4,1.1,9.3,1.25,0.175,21.194244604316548,1.0,0.0,0.0,0.0,0.0,0.0,0.0,0.0,0.0,0.0,0.0,0.0,0.0,0.0,0.0,,,,,,,,,,,,,,,,,,,,,,,,,,,,,,
27,2023,Akbarbagh,,2023-24,40.0,30704.0,729.0,649.0,1.0,1.025,1.4,1.275,1.425,1.125,10.65,1.0,0.175,42.117969821673526,1.0,0.0,0.0,0.0,0.0,0.0,0.0,0.0,0.0,0.0,0.0,0.0,0.0,0.0,0.0,2.2,7.9,0.0,0.0,,,,,,,,,,,,,,,,,,,,,,,,,,
28,2011,Azampura,,,,,,,,,,,,,,,,,,,,,,,,,,,,,,,,,,,,46256.0,23838.0,22418.0,9617.0,6437.0,1784.0,291.0,32346.0,13910.0,15414.0,12392.0,3022.0,30842.0,0.8123257741279288,0.3332324455205811,0.6667675544794189,0.0385679695607056,0.0062910757523348,0.4846506399169837,0.1391603251470079,0.2679003804911795,0.0653320650294015,536,1.0,0.0448590453130404,0.18767422587207117
28,2015,Azampura,22402.19,,,,,,,,,,,,,,,,,,,,,,,,,,,,,,,,,,,,,,,,,,,,,,,,,,,,,,,,,,,,
28,2018,Azampura,22949.06,,,,,,,,,,,,,,,,,,,,,,,,,,,,,,,,,,,,,,,,,,,,,,,,,,,,,,,,,,,,
28,2021,Azampura,,2021-22,23.0,5656.0,279.0,249.0,1.0434782608695652,1.1304347826086956,1.3043478260869563,1.9130434782608696,1.7826086956521738,1.391304347826087,4.3478260869565215,1.173913043478261,0.3043478260869565,20.272401433691755,1.0,0.0,0.0,0.0,0.0,0.0,0.0,0.0,0.0,0.0,0.0,0.0,0.0,0.0,0.0,,,,,,,,,,,,,,,,,,,,,,,,,,,,,,
28,2023,Azampura,,2023-24,23.0,12299.0,306.0,261.0,1.0434782608695652,1.0434782608695652,1.3043478260869563,1.173913043478261,1.7391304347826086,1.3043478260869563,7.913043478260869,1.173913043478261,0.3043478260869565,40.19281045751634,1.0,0.0,0.0,0.0,0.0,0.0,0.0,0.0,0.0,0.0,0.0,0.0,0.0,0.0,0.0,2.8260869565217392,7.086956521739131,0.0,0.0,,,,,,,,,,,,,,,,,,,,,,,,,,
29,2011,Chawni,,,,,,,,,,,,,,,,,,,,,,,,,,,,,,,,,,,,54010.0,27701.0,26309.0,10269.0,7082.0,140.0,2.0,39466.0,14544.0,15197.0,11818.0,3379.0,38813.0,0.8409904534606205,0.2813738196630254,0.7186261803369747,0.0025921125717459,3.703017959637104e-05,0.4871134975004629,0.1311238659507498,0.2188113312349565,0.0625624884280688,536,1.0,0.002629142751342271,0.1590095465393795
29,2015,Chawni,14332.58,,,,,,,,,,,,,,,,,,,,,,,,,,,,,,,,,,,,,,,,,,,,,,,,,,,,,,,,,,,,
29,2018,Chawni,14695.71,,,,,,,,,,,,,,,,,,,,,,,,,,,,,,,,,,,,,,,,,,,,,,,,,,,,,,,,,,,,
29,2021,Chawni,,2021-22,2.0,168.0,10.0,10.0,1.0,1.0,1.5,1.0,1.0,2.0,1.5,1.0,0.5,16.8,1.0,0.0,0.0,0.0,0.0,0.0,0.0,0.0,0.0,0.0,0.0,0.0,0.0,0.0,0.0,,,,,,,,,,,,,,,,,,,,,,,,,,,,,,
29,2023,Chawni,,2023-24,2.0,352.0,9.0,10.0,1.0,1.0,1.5,1.0,1.5,2.0,1.5,1.0,0.5,39.11111111111112,1.0,0.0,0.0,0.0,0.0,0.0,0.0,0.0,0.0,0.0,0.0,0.0,0.0,0.0,0.0,1.0,9.0,0.0,0.0,,,,,,,,,,,,,,,,,,,,,,,,,,
30,2011,Dabeerpura,,,,,,,,,,,,,,,,,,,,,,,,,,,,,,,,,,,,22888.0,11663.0,11225.0,4733.0,2702.0,1896.0,471.0,16993.0,5895.0,7393.0,5354.0,2039.0,15495.0,0.8418210641038344,0.3230076896190143,0.6769923103809856,0.082838168472562,0.0205784690667598,0.4904316672492135,0.1180531282768262,0.2339217056973086,0.0890859839217056,536,1.0,0.10341663753932179,0.1581789358961656
30,2015,Dabeerpura,25603.34,,,,,,,,,,,,,,,,,,,,,,,,,,,,,,,,,,,,,,,,,,,,,,,,,,,,,,,,,,,,
30,2018,Dabeerpura,26227.12,,,,,,,,,,,,,,,,,,,,,,,,,,,,,,,,,,,,,,,,,,,,,,,,,,,,,,,,,,,,
30,2021,Dabeerpura,,2021-22,62.0,16605.0,811.0,685.0,1.0161290322580645,1.1129032258064515,1.3387096774193548,1.7580645161290325,1.7258064516129032,1.2741935483870968,3.290322580645161,1.3709677419354838,0.2258064516129032,20.474722564734897,1.0,0.0,0.0,0.0,0.0,0.0,0.0,0.0,0.0,0.0,0.0,0.0,0.0,0.0,0.0,,,,,,,,,,,,,,,,,,,,,,,,,,,,,,
30,2023,Dabeerpura,,2023-24,61.0,35973.0,856.0,738.0,1.0,1.0819672131147542,1.3442622950819672,1.1967213114754098,1.639344262295082,1.213114754098361,6.262295081967213,1.2459016393442623,0.2295081967213114,42.024532710280376,1.0,0.0,0.0,0.0,0.0,0.0,0.0,0.0,0.0,0.0,0.0,0.0,0.0,0.0,0.0,2.0491803278688523,7.672131147540983,0.0,0.0,,,,,,,,,,,,,,,,,,,,,,,,,,
31,2011,Rein Bazar,,,,,,,,,,,,,,,,,,,,,,,,,,,,,,,,,,,,25280.0,13145.0,12135.0,5214.0,3127.0,87.0,103.0,18926.0,6354.0,7634.0,4874.0,2760.0,17646.0,0.8543312418182639,0.3019778481012658,0.6980221518987342,0.0034414556962025,0.0040743670886075,0.4800237341772151,0.1236946202531645,0.1928006329113924,0.1091772151898734,536,1.0,0.00751582278481,0.14566875818173608
31,2015,Rein Bazar,10112.94,,,,,,,,,,,,,,,,,,,,,,,,,,,,,,,,,,,,,,,,,,,,,,,,,,,,,,,,,,,,
31,2018,Rein Bazar,10375.31,,,,,,,,,,,,,,,,,,,,,,,,,,,,,,,,,,,,,,,,,,,,,,,,,,,,,,,,,,,,
31,2021,Rein Bazar,,2021-22,28.0,7717.0,336.0,355.0,1.0,1.1785714285714286,1.6428571428571428,1.1071428571428572,1.3571428571428572,1.7142857142857142,1.9642857142857144,1.6071428571428572,0.2857142857142857,22.967261904761905,1.0,0.0,0.0,0.0,0.0,0.0,0.0,0.0,0.0,0.0,0.0,0.0,0.0,0.0,0.0,,,,,,,,,,,,,,,,,,,,,,,,,,,,,,
31,2023,Rein Bazar,,2023-24,35.0,19977.0,400.0,451.0,1.0285714285714285,1.1714285714285717,1.6857142857142855,1.1714285714285717,1.4,1.457142857142857,4.457142857142857,1.7142857142857142,0.3428571428571428,49.9425,1.0,0.0,0.0,0.0,0.0,0.0,0.0,0.0,0.0,0.0,0.0,0.0,0.0,0.0,0.0,2.142857142857143,7.457142857142857,0.0,0.0,,,,,,,,,,,,,,,,,,,,,,,,,,
32,2011,Patthergatti,,,,,,,,,,,,,,,,,,,,,,,,,,,,,,,,,,,,39521.0,20172.0,19349.0,8824.0,4326.0,2048.0,282.0,31044.0,8477.0,13275.0,10875.0,2400.0,26246.0,0.8820571103849979,0.3358973710179398,0.6641026289820602,0.0518205510994155,0.0071354469775562,0.4895878140735305,0.1094607929961286,0.2751701626983123,0.0607272083196275,536,1.0,0.0589559980769717,0.1179428896150021
32,2015,Patthergatti,27628.64,,,,,,,,,,,,,,,,,,,,,,,,,,,,,,,,,,,,,,,,,,,,,,,,,,,,,,,,,,,,
32,2018,Patthergatti,28324.46,,,,,,,,,,,,,,,,,,,,,,,,,,,,,,,,,,,,,,,,,,,,,,,,,,,,,,,,,,,,
32,2021,Patthergatti,,2021-22,22.0,3349.0,195.0,193.0,1.0,1.181818181818182,1.318181818181818,1.181818181818182,1.818181818181818,1.3636363636363635,4.227272727272728,2.0,0.4545454545454545,17.174358974358974,1.0,0.0,0.0,0.0,0.0,0.0,0.0,0.0,0.0,0.0,0.0,0.0,0.0,0.0,0.0,,,,,,,,,,,,,,,,,,,,,,,,,,,,,,
32,2023,Patthergatti,,2023-24,22.0,5157.0,182.0,192.0,1.0,1.0454545454545454,1.318181818181818,1.1363636363636365,1.2727272727272727,1.318181818181818,5.181818181818182,2.4545454545454546,0.4545454545454545,28.33516483516484,1.0,0.0,0.0,0.0,0.0,0.0,0.0,0.0,0.0,0.0,0.0,0.0,0.0,0.0,0.0,2.090909090909091,6.363636363636363,0.0,0.0,,,,,,,,,,,,,,,,,,,,,,,,,,
33,2011,Moghalpura,,,,,,,,,,,,,,,,,,,,,,,,,,,,,,,,,,,,23269.0,12161.0,11108.0,5060.0,2596.0,971.0,765.0,18433.0,4836.0,8934.0,6897.0,2037.0,14335.0,0.8916461084506361,0.3839443035798702,0.6160556964201298,0.0417293394645236,0.0328763591043878,0.4773733293222743,0.1115647427908376,0.2964029395332846,0.0875413640465855,536,1.0,0.07460569856891139,0.10835389154936392
33,2015,Moghalpura,12403.0,,,,,,,,,,,,,,,,,,,,,,,,,,,,,,,,,,,,,,,,,,,,,,,,,,,,,,,,,,,,
33,2018,Moghalpura,12725.29,,,,,,,,,,,,,,,,,,,,,,,,,,,,,,,,,,,,,,,,,,,,,,,,,,,,,,,,,,,,
33,2021,Moghalpura,,2021-22,19.0,5411.0,243.0,158.0,1.0,1.1578947368421053,1.631578947368421,1.3157894736842106,1.5263157894736843,1.263157894736842,5.7368421052631575,1.0,0.1578947368421052,22.26748971193416,1.0,0.0,0.0,0.0,0.0,0.0,0.0,0.0,0.0,0.0,0.0,0.0,0.0,0.0,0.0,,,,,,,,,,,,,,,,,,,,,,,,,,,,,,
33,2023,Moghalpura,,2023-24,18.0,12184.0,249.0,208.0,1.0,1.1666666666666667,1.5,1.1111111111111112,1.3333333333333333,1.1666666666666667,9.27777777777778,1.0555555555555556,0.1666666666666666,48.93172690763052,1.0,0.0,0.0,0.0,0.0,0.0,0.0,0.0,0.0,0.0,0.0,0.0,0.0,0.0,0.0,2.333333333333333,7.722222222222222,0.0,0.0,,,,,,,,,,,,,,,,,,,,,,,,,,
34,2011,Talab Chanchalam,,,,,,,,,,,,,,,,,,,,,,,,,,,,,,,,,,,,47127.0,24304.0,22823.0,9875.0,5133.0,1572.0,290.0,34942.0,12185.0,15932.0,11987.0,3945.0,31195.0,0.8320712482735629,0.3380652280009336,0.6619347719990664,0.0333566745177923,0.0061535849937403,0.4842871390073631,0.1089184543892036,0.2543552528274662,0.0837099751734674,536,1.0,0.0395102595115326,0.16792875172643706
34,2015,Talab Chanchalam,9203.87,,,,,,,,,,,,,,,,,,,,,,,,,,,,,,,,,,,,,,,,,,,,,,,,,,,,,,,,,,,,
34,2018,Talab Chanchalam,9448.4,,,,,,,,,,,,,,,,,,,,,,,,,,,,,,,,,,,,,,,,,,,,,,,,,,,,,,,,,,,,
34,2021,Talab Chanchalam,,2021-22,54.0,13646.0,626.0,587.0,1.037037037037037,1.3148148148148149,1.6111111111111112,1.4074074074074074,1.5,1.6666666666666667,2.685185185185185,1.7407407407407407,0.3703703703703703,21.79872204472844,1.0,0.0,0.0,0.0,0.0,0.0,0.0,0.0,0.0,0.0,0.0,0.0,0.0,0.0,0.0,,,,,,,,,,,,,,,,,,,,,,,,,,,,,,
34,2023,Talab Chanchalam,,2023-24,54.0,31188.0,561.0,604.0,1.037037037037037,1.1666666666666667,1.6111111111111112,1.148148148148148,1.537037037037037,1.4074074074074074,5.462962962962963,1.6296296296296295,0.3703703703703703,55.593582887700535,1.0,0.0,0.0,0.0,0.0,0.0,0.0,0.0,0.0,0.0,0.0,0.0,0.0,0.0,0.0,1.3148148148148149,7.592592592592593,0.0,0.0,,,,,,,,,,,,,,,,,,,,,,,,,,
35,2011,Gowlipura,,,,,,,,,,,,,,,,,,,,,,,,,,,,,,,,,,,,40214.0,20350.0,19864.0,7882.0,4495.0,1214.0,42.0,28897.0,11317.0,12835.0,9122.0,3713.0,27379.0,0.8090092107841765,0.3191674541204555,0.6808325458795444,0.0301884915700999,0.0010444123936937,0.4939573282936291,0.1117769930869846,0.2268364251255781,0.0923310289948774,536,1.0,0.0312329039637936,0.19099078921582346
35,2015,Gowlipura,14788.22,,,,,,,,,,,,,,,,,,,,,,,,,,,,,,,,,,,,,,,,,,,,,,,,,,,,,,,,,,,,
35,2018,Gowlipura,15175.27,,,,,,,,,,,,,,,,,,,,,,,,,,,,,,,,,,,,,,,,,,,,,,,,,,,,,,,,,,,,
35,2021,Gowlipura,,2021-22,21.0,3124.0,147.0,154.0,1.0476190476190477,1.0952380952380951,1.5238095238095235,1.238095238095238,1.619047619047619,1.238095238095238,0.5714285714285714,1.4285714285714286,0.3809523809523809,21.25170068027211,1.0,0.0,0.0,0.0,0.0,0.0,0.0,0.0,0.0,0.0,0.0,0.0,0.0,0.0,0.0,,,,,,,,,,,,,,,,,,,,,,,,,,,,,,
35,2023,Gowlipura,,2023-24,21.0,5253.0,146.0,163.0,1.0952380952380951,1.1904761904761905,1.5238095238095235,1.3333333333333333,1.619047619047619,1.4285714285714286,3.238095238095238,1.238095238095238,0.3809523809523809,35.97945205479452,1.0,0.0,0.0,0.0,0.0,0.0,0.0,0.0,0.0,0.0,0.0,0.0,0.0,0.0,0.0,3.6666666666666665,8.666666666666666,0.0,0.0,,,,,,,,,,,,,,,,,,,,,,,,,,
36,2011,Lalithabagh,,,,,,,,,,,,,,,,,,,,,,,,,,,,,,,,,,,,32375.0,16591.0,15784.0,6365.0,3822.0,669.0,389.0,23635.0,8740.0,9692.0,6644.0,3048.0,22683.0,0.8277589044933983,0.2993667953667954,0.7006332046332047,0.0206640926640926,0.012015444015444,0.4875366795366795,0.118054054054054,0.2052200772200772,0.0941467181467181,536,1.0,0.0326795366795366,0.17224109550660172
36,2015,Lalithabagh,13971.79,,,,,,,,,,,,,,,,,,,,,,,,,,,,,,,,,,,,,,,,,,,,,,,,,,,,,,,,,,,,
36,2018,Lalithabagh,14338.68,,,,,,,,,,,,,,,,,,,,,,,,,,,,,,,,,,,,,,,,,,,,,,,,,,,,,,,,,,,,
36,2021,Lalithabagh,,2021-22,18.0,2727.0,118.0,139.0,1.0555555555555556,1.0555555555555556,1.5555555555555556,1.2777777777777777,1.5,1.0555555555555556,0.7777777777777778,1.6666666666666667,0.3333333333333333,23.110169491525426,1.0,0.0,0.0,0.0,0.0,0.0,0.0,0.0,0.0,0.0,0.0,0.0,0.0,0.0,0.0,,,,,,,,,,,,,,,,,,,,,,,,,,,,,,
36,2023,Lalithabagh,,2023-24,19.0,6623.0,157.0,177.0,1.0,1.2105263157894737,1.5789473684210529,1.2105263157894737,1.5263157894736843,1.3157894736842106,3.0,1.4210526315789471,0.3684210526315789,42.18471337579618,1.0,0.0,0.0,0.0,0.0,0.0,0.0,0.0,0.0,0.0,0.0,0.0,0.0,0.0,0.0,3.1052631578947367,8.631578947368421,0.0,0.0,,,,,,,,,,,,,,,,,,,,,,,,,,
37,2011,Kurmaguda,,,,,,,,,,,,,,,,,,,,,,,,,,,,,,,,,,,,30725.0,15904.0,14821.0,5854.0,3488.0,373.0,90.0,24212.0,6513.0,9640.0,6913.0,2727.0,21085.0,0.8889378419062305,0.3137510170870626,0.6862489829129373,0.0121399511798209,0.0029292107404393,0.4823759153783564,0.1135231895850284,0.2249959316517494,0.0887550854353132,536,1.0,0.0150691619202602,0.11106215809376951
37,2015,Kurmaguda,16592.83,,,,,,,,,,,,,,,,,,,,,,,,,,,,,,,,,,,,,,,,,,,,,,,,,,,,,,,,,,,,
37,2018,Kurmaguda,17017.03,,,,,,,,,,,,,,,,,,,,,,,,,,,,,,,,,,,,,,,,,,,,,,,,,,,,,,,,,,,,
37,2021,Kurmaguda,,2021-22,25.0,4176.0,189.0,236.0,1.0,1.08,1.44,1.08,1.48,1.76,1.6,1.88,0.32,22.09523809523809,1.0,0.0,0.0,0.0,0.0,0.0,0.0,0.0,0.0,0.0,0.0,0.0,0.0,0.0,0.0,,,,,,,,,,,,,,,,,,,,,,,,,,,,,,
37,2023,Kurmaguda,,2023-24,24.0,8074.0,200.0,232.0,1.0,1.0,1.375,1.0833333333333333,1.5416666666666667,1.2916666666666667,4.083333333333333,1.0833333333333333,0.3333333333333333,40.37,1.0,0.0,0.0,0.0,0.0,0.0,0.0,0.0,0.0,0.0,0.0,0.0,0.0,0.0,0.0,2.0416666666666665,8.083333333333334,0.0,0.0,,,,,,,,,,,,,,,,,,,,,,,,,,
38,2011,IS Sadan,,,,,,,,,,,,,,,,,,,,,,,,,,,,,,,,,,,,25782.0,13328.0,12454.0,5007.0,2994.0,508.0,60.0,20385.0,5397.0,8197.0,5929.0,2268.0,17585.0,0.8945497630331753,0.3179349934062524,0.6820650065937476,0.0197036692265921,0.0023272050267628,0.4830501900550772,0.1161275308354666,0.2299666433946164,0.087968350011636,536,1.0,0.0220308742533549,0.10545023696682465
38,2015,IS Sadan,35650.67,,,,,,,,,,,,,,,,,,,,,,,,,,,,,,,,,,,,,,,,,,,,,,,,,,,,,,,,,,,,
38,2018,IS Sadan,36514.47,,,,,,,,,,,,,,,,,,,,,,,,,,,,,,,,,,,,,,,,,,,,,,,,,,,,,,,,,,,,
38,2021,IS Sadan,,2021-22,29.0,10297.0,420.0,415.0,1.0,1.0344827586206895,1.3793103448275863,1.3448275862068966,1.5172413793103448,1.5862068965517242,3.655172413793104,1.7241379310344829,0.2413793103448276,24.516666666666666,1.0,0.0,0.0,0.0,0.0,0.0,0.0,0.0,0.0,0.0,0.0,0.0,0.0,0.0,0.0,,,,,,,,,,,,,,,,,,,,,,,,,,,,,,
38,2023,IS Sadan,,2023-24,23.0,18730.0,379.0,388.0,1.0,1.0434782608695652,1.434782608695652,1.3043478260869563,1.4782608695652173,1.3043478260869563,10.956521739130435,1.5217391304347827,0.3043478260869565,49.41952506596306,1.0,0.0,0.0,0.0,0.0,0.0,0.0,0.0,0.0,0.0,0.0,0.0,0.0,0.0,0.0,2.391304347826087,8.0,0.0,0.0,,,,,,,,,,,,,,,,,,,,,,,,,,
39,2011,Santhosh Nagar,,,,,,,,,,,,,,,,,,,,,,,,,,,,,,,,,,,,68878.0,35824.0,33054.0,12960.0,9462.0,5.0,166.0,47400.0,21478.0,19503.0,10526.0,8977.0,49375.0,0.7977649118082671,0.2831528209297598,0.7168471790702401,7.2592119399518e-05,0.0024100583640639,0.4798919829263335,0.1373733267516478,0.1528209297598652,0.1303318911698946,536,1.0,0.002482650483463418,0.20223508819173286
39,2015,Santhosh Nagar,17017.05,,,,,,,,,,,,,,,,,,,,,,,,,,,,,,,,,,,,,,,,,,,,,,,,,,,,,,,,,,,,
39,2018,Santhosh Nagar,17446.14,,,,,,,,,,,,,,,,,,,,,,,,,,,,,,,,,,,,,,,,,,,,,,,,,,,,,,,,,,,,
39,2021,Santhosh Nagar,,2021-22,22.0,6501.0,328.0,286.0,1.0,1.1363636363636365,1.2272727272727273,1.0909090909090908,1.4090909090909092,1.5454545454545454,5.454545454545454,1.2727272727272727,0.0909090909090909,19.820121951219512,1.0,0.0,0.0,0.0,0.0,0.0,0.0,0.0,0.0,0.0,0.0,0.0,0.0,0.0,0.0,,,,,,,,,,,,,,,,,,,,,,,,,,,,,,
39,2023,Santhosh Nagar,,2023-24,22.0,18578.0,340.0,358.0,1.0,1.181818181818182,1.318181818181818,1.318181818181818,1.5909090909090908,1.1363636363636365,7.318181818181818,1.2272727272727273,0.0909090909090909,54.64117647058824,1.0,0.0,0.0,0.0,0.0,0.0,0.0,0.0,0.0,0.0,0.0,0.0,0.0,0.0,0.0,2.090909090909091,9.0,0.0,0.0,,,,,,,,,,,,,,,,,,,,,,,,,,
40,2011,Riyasat Nagar,,,,,,,,,,,,,,,,,,,,,,,,,,,,,,,,,,,,31269.0,16101.0,15168.0,6238.0,3893.0,2135.0,213.0,23778.0,7491.0,9807.0,7420.0,2387.0,21462.0,0.8685710111046172,0.3136333109469442,0.6863666890530558,0.0682784866800985,0.0068118583900988,0.4850810707090089,0.1245003038152803,0.2372957241996866,0.0763375867472576,536,1.0,0.07509034507019731,0.1314289888953828
40,2015,Riyasat Nagar,15715.56,,,,,,,,,,,,,,,,,,,,,,,,,,,,,,,,,,,,,,,,,,,,,,,,,,,,,,,,,,,,
40,2018,Riyasat Nagar,16126.7,,,,,,,,,,,,,,,,,,,,,,,,,,,,,,,,,,,,,,,,,,,,,,,,,,,,,,,,,,,,
40,2021,Riyasat Nagar,,2021-22,40.0,8891.0,305.0,343.0,1.0,1.125,1.525,1.225,1.4,1.05,0.825,2.05,0.3,29.15081967213115,1.0,0.0,0.0,0.0,0.0,0.0,0.0,0.0,0.0,0.0,0.0,0.0,0.0,0.0,0.0,,,,,,,,,,,,,,,,,,,,,,,,,,,,,,
40,2023,Riyasat Nagar,,2023-24,40.0,22426.0,373.0,422.0,1.05,1.125,1.6,1.15,1.45,1.175,2.775,1.65,0.3,60.12332439678284,1.0,0.0,0.0,0.0,0.0,0.0,0.0,0.0,0.0,0.0,0.0,0.0,0.0,0.0,0.0,1.4,8.4,0.0,0.0,,,,,,,,,,,,,,,,,,,,,,,,,,
41,2011,Kanchanbagh,,,,,,,,,,,,,,,,,,,,,,,,,,,,,,,,,,,,31812.0,16073.0,15739.0,7257.0,3516.0,3121.0,525.0,23531.0,8281.0,11851.0,9078.0,2773.0,19961.0,0.8316016398077467,0.3725323777190997,0.6274676222809003,0.0981076323399974,0.0165032063372312,0.4947504086508236,0.1105243304413428,0.2853640135797812,0.0871683641393185,536,1.0,0.1146108386772286,0.1683983601922533
41,2015,Kanchanbagh,39594.89,,,,,,,,,,,,,,,,,,,,,,,,,,,,,,,,,,,,,,,,,,,,,,,,,,,,,,,,,,,,
41,2018,Kanchanbagh,40501.66,,,,,,,,,,,,,,,,,,,,,,,,,,,,,,,,,,,,,,,,,,,,,,,,,,,,,,,,,,,,
41,2021,Kanchanbagh,,2021-22,79.0,23563.0,833.0,832.0,1.0126582278481011,1.0886075949367089,1.6075949367088609,1.2784810126582278,1.3291139240506329,1.4177215189873418,0.379746835443038,1.759493670886076,0.189873417721519,28.286914765906364,1.0,0.0,0.0,0.0,0.0,0.0,0.0,0.0,0.0,0.0,0.0,0.0,0.0,0.0,0.0,,,,,,,,,,,,,,,,,,,,,,,,,,,,,,
41,2023,Kanchanbagh,,2023-24,76.0,53840.0,954.0,1039.0,1.0,1.0526315789473684,1.5657894736842106,1.236842105263158,1.236842105263158,1.1973684210526316,5.065789473684211,1.368421052631579,0.1973684210526315,56.43605870020964,1.0,0.0,0.0,0.0,0.0,0.0,0.0,0.0,0.0,0.0,0.0,0.0,0.0,0.0,0.0,1.4210526315789471,8.894736842105264,0.0,0.0,,,,,,,,,,,,,,,,,,,,,,,,,,
42,2011,Barkas,,,,,,,,,,,,,,,,,,,,,,,,,,,,,,,,,,,,28678.0,14588.0,14090.0,6379.0,3283.0,1642.0,409.0,21792.0,6886.0,10924.0,9096.0,1828.0,17754.0,0.85812167749557,0.380919171490341,0.619080828509659,0.0572564335030336,0.0142618034730455,0.4913173861496617,0.1144779970709254,0.3171769300509101,0.0637422414394309,536,1.0,0.0715182369760791,0.14187832250443
42,2015,Barkas,18962.2,,,,,,,,,,,,,,,,,,,,,,,,,,,,,,,,,,,,,,,,,,,,,,,,,,,,,,,,,,,,
42,2018,Barkas,19395.98,,,,,,,,,,,,,,,,,,,,,,,,,,,,,,,,,,,,,,,,,,,,,,,,,,,,,,,,,,,,
42,2021,Barkas,,2021-22,26.0,8426.0,333.0,273.0,1.0,1.0384615384615383,1.4230769230769231,1.2307692307692308,1.4615384615384617,1.2692307692307692,0.6153846153846154,1.4615384615384617,0.2692307692307692,25.303303303303306,1.0,0.0,0.0,0.0,0.0,0.0,0.0,0.0,0.0,0.0,0.0,0.0,0.0,0.0,0.0,,,,,,,,,,,,,,,,,,,,,,,,,,,,,,
42,2023,Barkas,,2023-24,27.0,20166.0,356.0,300.0,1.0,1.1111111111111112,1.4814814814814814,1.2592592592592593,1.2962962962962965,1.1111111111111112,7.222222222222222,1.3333333333333333,0.2592592592592592,56.646067415730336,1.0,0.0,0.0,0.0,0.0,0.0,0.0,0.0,0.0,0.0,0.0,0.0,0.0,0.0,0.0,2.7777777777777777,7.592592592592593,0.0,0.0,,,,,,,,,,,,,,,,,,,,,,,,,,
43,2011,Chandrayangutta,,,,,,,,,,,,,,,,,,,,,,,,,,,,,,,,,,,,57542.0,31214.0,26328.0,8669.0,8773.0,21.0,3855.0,34916.0,22626.0,16908.0,11428.0,5480.0,40634.0,0.7159466054255778,0.2938375447499218,0.7061624552500783,0.0003649508185325,0.0669945431163324,0.45754405477738,0.1524625490945744,0.1986027597233325,0.0952347850265892,536,1.0,0.0673594939348649,0.28405339457442225
43,2015,Chandrayangutta,26990.07,,,,,,,,,,,,,,,,,,,,,,,,,,,,,,,,,,,,,,,,,,,,,,,,,,,,,,,,,,,,
43,2018,Chandrayangutta,27656.18,,,,,,,,,,,,,,,,,,,,,,,,,,,,,,,,,,,,,,,,,,,,,,,,,,,,,,,,,,,,
43,2021,Chandrayangutta,,2021-22,85.0,20170.0,847.0,800.0,1.0,1.152941176470588,1.4941176470588236,1.152941176470588,1.376470588235294,1.4941176470588236,0.3411764705882353,1.3529411764705883,0.3058823529411765,23.813459268004724,1.0,0.0,0.0,0.0,0.0,0.0,0.0,0.0,0.0,0.0,0.0,0.0,0.0,0.0,0.0,,,,,,,,,,,,,,,,,,,,,,,,,,,,,,
43,2023,Chandrayangutta,,2023-24,83.0,50238.0,915.0,977.0,1.0,1.120481927710843,1.5662650602409638,1.3253012048192772,1.2771084337349397,1.2409638554216869,4.686746987951807,1.216867469879518,0.3253012048192771,54.90491803278689,1.0,0.0,0.0,0.0,0.0,0.0,0.0,0.0,0.0,0.0,0.0,0.0,0.0,0.0,0.0,1.4819277108433735,8.19277108433735,0.0,0.0,,,,,,,,,,,,,,,,,,,,,,,,,,
44,2011,Uppuguda,,,,,,,,,,,,,,,,,,,,,,,,,,,,,,,,,,,,41854.0,21339.0,20515.0,7013.0,5820.0,8.0,192.0,26700.0,15154.0,13723.0,9556.0,4167.0,28131.0,0.7409668646278514,0.327877861136331,0.6721221388636689,0.0001911406317197,0.0045873751612749,0.4901562574664309,0.1390548095761456,0.2283174845892865,0.0995603765470444,536,1.0,0.0047785157929946,0.25903313537214856
44,2015,Uppuguda,19823.85,,,,,,,,,,,,,,,,,,,,,,,,,,,,,,,,,,,,,,,,,,,,,,,,,,,,,,,,,,,,
44,2018,Uppuguda,20338.38,,,,,,,,,,,,,,,,,,,,,,,,,,,,,,,,,,,,,,,,,,,,,,,,,,,,,,,,,,,,
44,2021,Uppuguda,,2021-22,33.0,8245.0,345.0,288.0,1.0,1.0303030303030305,1.5151515151515151,1.2121212121212122,1.393939393939394,1.3636363636363635,0.5757575757575758,1.303030303030303,0.2121212121212121,23.89855072463768,1.0,0.0,0.0,0.0,0.0,0.0,0.0,0.0,0.0,0.0,0.0,0.0,0.0,0.0,0.0,,,,,,,,,,,,,,,,,,,,,,,,,,,,,,
44,2023,Uppuguda,,2023-24,33.0,14046.0,329.0,334.0,1.0,1.0606060606060606,1.5757575757575757,1.181818181818182,1.1515151515151516,1.181818181818182,2.575757575757576,1.181818181818182,0.2121212121212121,42.69300911854104,1.0,0.0,0.0,0.0,0.0,0.0,0.0,0.0,0.0,0.0,0.0,0.0,0.0,0.0,0.0,2.212121212121212,8.333333333333334,0.0,0.0,,,,,,,,,,,,,,,,,,,,,,,,,,
45,2011,Jangammet,,,,,,,,,,,,,,,,,,,,,,,,,,,,,,,,,,,,38433.0,19898.0,18535.0,6564.0,5724.0,0.0,98.0,25478.0,12955.0,10952.0,7767.0,3185.0,27481.0,0.778929346662998,0.2849634428746129,0.715036557125387,0.0,0.0025498920198787,0.4822678427393125,0.1489345094059792,0.2020919522285535,0.0828714906460593,536,1.0,0.0025498920198787,0.22107065333700204
45,2015,Jangammet,22766.46,,,,,,,,,,,,,,,,,,,,,,,,,,,,,,,,,,,,,,,,,,,,,,,,,,,,,,,,,,,,
45,2018,Jangammet,23326.72,,,,,,,,,,,,,,,,,,,,,,,,,,,,,,,,,,,,,,,,,,,,,,,,,,,,,,,,,,,,
45,2021,Jangammet,,2021-22,35.0,13156.0,465.0,310.0,1.0285714285714285,1.0571428571428572,1.3142857142857145,1.2285714285714286,1.3428571428571427,1.2857142857142858,0.5428571428571428,1.4857142857142858,0.4,28.29247311827957,1.0,0.0,0.0,0.0,0.0,0.0,0.0,0.0,0.0,0.0,0.0,0.0,0.0,0.0,0.0,,,,,,,,,,,,,,,,,,,,,,,,,,,,,,
45,2023,Jangammet,,2023-24,37.0,23956.0,521.0,412.0,1.0810810810810811,1.108108108108108,1.2972972972972974,1.2702702702702702,1.2702702702702702,1.2162162162162162,6.081081081081081,1.351351351351351,0.4054054054054054,45.98080614203455,1.0,0.0,0.0,0.0,0.0,0.0,0.0,0.0,0.0,0.0,0.0,0.0,0.0,0.0,0.0,2.2972972972972974,7.405405405405405,0.0,0.0,,,,,,,,,,,,,,,,,,,,,,,,,,
46,2011,Falaknuma,,,,,,,,,,,,,,,,,,,,,,,,,,,,,,,,,,,,21082.0,10942.0,10140.0,3575.0,2970.0,0.0,1324.0,14696.0,6386.0,7312.0,5758.0,1554.0,13770.0,0.8113957597173145,0.3468361635518451,0.6531638364481548,0.0,0.0628023906650223,0.4809790342472251,0.1408784745280334,0.2731239920311166,0.0737121715207285,536,1.0,0.0628023906650223,0.18860424028268552
46,2015,Falaknuma,21625.61,,,,,,,,,,,,,,,,,,,,,,,,,,,,,,,,,,,,,,,,,,,,,,,,,,,,,,,,,,,,
46,2018,Falaknuma,22159.5,,,,,,,,,,,,,,,,,,,,,,,,,,,,,,,,,,,,,,,,,,,,,,,,,,,,,,,,,,,,
46,2021,Falaknuma,,2021-22,43.0,10355.0,522.0,414.0,1.0,1.4883720930232558,1.7209302325581397,1.6744186046511629,1.5813953488372092,1.3255813953488371,4.790697674418604,1.2790697674418603,0.3023255813953488,19.837164750957854,1.0,0.0,0.0,0.0,0.0,0.0,0.0,0.0,0.0,0.0,0.0,0.0,0.0,0.0,0.0,,,,,,,,,,,,,,,,,,,,,,,,,,,,,,
46,2023,Falaknuma,,2023-24,46.0,30895.0,534.0,492.0,1.0,1.2608695652173914,1.7608695652173914,1.2608695652173914,1.608695652173913,1.3043478260869563,5.434782608695652,1.0869565217391304,0.2826086956521739,57.855805243445694,1.0,0.0,0.0,0.0,0.0,0.0,0.0,0.0,0.0,0.0,0.0,0.0,0.0,0.0,0.0,1.3478260869565215,8.673913043478262,0.0,0.0,,,,,,,,,,,,,,,,,,,,,,,,,,
47,2011,Nawab Saheb Kunta,,,,,,,,,,,,,,,,,,,,,,,,,,,,,,,,,,,,28268.0,14579.0,13689.0,5066.0,4058.0,60.0,32.0,20565.0,7703.0,8229.0,6363.0,1866.0,20039.0,0.8494423791821561,0.2911065515777558,0.7088934484222442,0.002122541389557,0.0011320220744304,0.4842578180274515,0.1435545493137116,0.22509551436253,0.0660110372152256,536,1.0,0.0032545634639874,0.15055762081784385
47,2015,Nawab Saheb Kunta,14369.72,,,,,,,,,,,,,,,,,,,,,,,,,,,,,,,,,,,,,,,,,,,,,,,,,,,,,,,,,,,,
47,2018,Nawab Saheb Kunta,14741.24,,,,,,,,,,,,,,,,,,,,,,,,,,,,,,,,,,,,,,,,,,,,,,,,,,,,,,,,,,,,
47,2021,Nawab Saheb Kunta,,2021-22,48.0,14357.0,528.0,511.0,1.0,1.4166666666666667,1.75,1.5416666666666667,1.5416666666666667,1.5625,3.0,1.3333333333333333,0.4166666666666667,27.19128787878788,1.0,0.0,0.0,0.0,0.0,0.0,0.0,0.0,0.0,0.0,0.0,0.0,0.0,0.0,0.0,,,,,,,,,,,,,,,,,,,,,,,,,,,,,,
47,2023,Nawab Saheb Kunta,,2023-24,47.0,34217.0,474.0,502.0,1.0,1.3404255319148937,1.7872340425531914,1.1702127659574468,1.4893617021276595,1.4042553191489362,5.914893617021277,1.1702127659574468,0.425531914893617,72.18776371308017,1.0,0.0,0.0,0.0,0.0,0.0,0.0,0.0,0.0,0.0,0.0,0.0,0.0,0.0,0.0,1.1914893617021276,8.53191489361702,0.0,0.0,,,,,,,,,,,,,,,,,,,,,,,,,,
48,2011,Shalibanda,,,,,,,,,,,,,,,,,,,,,,,,,,,,,,,,,,,,37323.0,19742.0,17581.0,6457.0,5424.0,137.0,173.0,26269.0,11054.0,10059.0,6746.0,3313.0,27264.0,0.8235054390419763,0.269512097098304,0.730487902901696,0.0036706588430726,0.0046352115317632,0.4710500227741607,0.1453259384293867,0.1807464566085255,0.0887656404897784,536,1.0,0.0083058703748358,0.17649456095802374
48,2015,Shalibanda,22862.48,,,,,,,,,,,,,,,,,,,,,,,,,,,,,,,,,,,,,,,,,,,,,,,,,,,,,,,,,,,,
48,2018,Shalibanda,23454.18,,,,,,,,,,,,,,,,,,,,,,,,,,,,,,,,,,,,,,,,,,,,,,,,,,,,,,,,,,,,
48,2021,Shalibanda,,2021-22,55.0,16294.0,646.0,567.0,1.018181818181818,1.4,1.4727272727272729,1.3454545454545457,1.490909090909091,1.2727272727272727,4.236363636363636,1.490909090909091,0.2909090909090909,25.222910216718265,1.0,0.0,0.0,0.0,0.0,0.0,0.0,0.0,0.0,0.0,0.0,0.0,0.0,0.0,0.0,,,,,,,,,,,,,,,,,,,,,,,,,,,,,,
48,2023,Shalibanda,,2023-24,56.0,35645.0,615.0,624.0,1.0178571428571428,1.3035714285714286,1.5,1.1964285714285714,1.5178571428571428,1.1964285714285714,6.375,1.5,0.2857142857142857,57.959349593495936,1.0,0.0,0.0,0.0,0.0,0.0,0.0,0.0,0.0,0.0,0.0,0.0,0.0,0.0,0.0,2.0,7.553571428571429,0.0,0.0,,,,,,,,,,,,,,,,,,,,,,,,,,
49,2011,Ghansi Bazar,,,,,,,,,,,,,,,,,,,,,,,,,,,,,,,,,,,,17601.0,9222.0,8379.0,3197.0,1898.0,179.0,5.0,13830.0,3771.0,5886.0,4996.0,890.0,11715.0,0.8807234286442082,0.3344128174535538,0.6655871825464462,0.0101698767115504,0.000284074768479,0.4760524970172149,0.1078347821146525,0.2838475086642804,0.0505653087892733,536,1.0,0.0104539514800294,0.11927657135579184
49,2015,Ghansi Bazar,28128.29,,,,,,,,,,,,,,,,,,,,,,,,,,,,,,,,,,,,,,,,,,,,,,,,,,,,,,,,,,,,
49,2018,Ghansi Bazar,28807.79,,,,,,,,,,,,,,,,,,,,,,,,,,,,,,,,,,,,,,,,,,,,,,,,,,,,,,,,,,,,
49,2021,Ghansi Bazar,,2021-22,9.0,3484.0,104.0,77.0,1.0,1.5555555555555556,1.5555555555555556,1.8888888888888888,1.6666666666666667,1.3333333333333333,2.888888888888889,1.4444444444444444,0.3333333333333333,33.5,1.0,0.0,0.0,0.0,0.0,0.0,0.0,0.0,0.0,0.0,0.0,0.0,0.0,0.0,0.0,,,,,,,,,,,,,,,,,,,,,,,,,,,,,,
49,2023,Ghansi Bazar,,2023-24,9.0,4440.0,98.0,100.0,1.1111111111111112,1.4444444444444444,1.6666666666666667,1.2222222222222223,1.5555555555555556,1.3333333333333333,8.666666666666666,1.8888888888888888,0.3333333333333333,45.30612244897959,1.0,0.0,0.0,0.0,0.0,0.0,0.0,0.0,0.0,0.0,0.0,0.0,0.0,0.0,0.0,1.8888888888888888,8.222222222222221,0.0,0.0,,,,,,,,,,,,,,,,,,,,,,,,,,
50,2011,Begum Bazar,,,,,,,,,,,,,,,,,,,,,,,,,,,,,,,,,,,,30615.0,15687.0,14928.0,5841.0,3470.0,2034.0,130.0,23416.0,7199.0,10396.0,8639.0,1757.0,20219.0,0.8626266347393626,0.3395721051772007,0.6604278948227993,0.0664380205781479,0.0042462845010615,0.4876041156295933,0.1133431324514127,0.282181936959007,0.0573901682181937,536,1.0,0.0706843050792094,0.13737336526063737
50,2015,Begum Bazar,25927.63,,,,,,,,,,,,,,,,,,,,,,,,,,,,,,,,,,,,,,,,,,,,,,,,,,,,,,,,,,,,
50,2018,Begum Bazar,26555.67,,,,,,,,,,,,,,,,,,,,,,,,,,,,,,,,,,,,,,,,,,,,,,,,,,,,,,,,,,,,
50,2021,Begum Bazar,,2021-22,31.0,6452.0,352.0,278.0,1.064516129032258,1.1935483870967742,1.4838709677419355,1.4516129032258065,1.5161290322580645,1.4838709677419355,1.5161290322580645,1.5483870967741935,0.2258064516129032,18.329545454545453,1.0,0.0,0.0,0.0,0.0,0.0,0.0,0.0,0.0,0.0,0.0,0.0,0.0,0.0,0.0,,,,,,,,,,,,,,,,,,,,,,,,,,,,,,
50,2023,Begum Bazar,,2023-24,31.0,9070.0,318.0,293.0,1.064516129032258,1.2580645161290325,1.5161290322580645,1.1612903225806452,1.5483870967741935,1.3225806451612905,3.129032258064516,1.4193548387096775,0.2258064516129032,28.52201257861635,1.0,0.0,0.0,0.0,0.0,0.0,0.0,0.0,0.0,0.0,0.0,0.0,0.0,0.0,0.0,1.806451612903225,7.838709677419355,0.0,0.0,,,,,,,,,,,,,,,,,,,,,,,,,,
51,2011,Goshamahal,,,,,,,,,,,,,,,,,,,,,,,,,,,,,,,,,,,,35729.0,18674.0,17055.0,6722.0,4093.0,678.0,40.0,27327.0,8402.0,14082.0,9955.0,4127.0,21647.0,0.8637944114300165,0.3941336169498167,0.6058663830501834,0.018976181813093,0.0011195387500349,0.4773433345461669,0.1145568025973299,0.278625206414957,0.1155084105348596,536,1.0,0.0200957205631279,0.13620558856998355
51,2015,Goshamahal,19112.53,,,,,,,,,,,,,,,,,,,,,,,,,,,,,,,,,,,,,,,,,,,,,,,,,,,,,,,,,,,,
51,2018,Goshamahal,19568.89,,,,,,,,,,,,,,,,,,,,,,,,,,,,,,,,,,,,,,,,,,,,,,,,,,,,,,,,,,,,
51,2021,Goshamahal,,2021-22,52.0,16761.0,631.0,587.0,1.0576923076923077,1.1538461538461535,1.4807692307692308,1.4807692307692308,1.3653846153846154,1.3653846153846154,3.5384615384615383,1.2115384615384617,0.4423076923076923,26.56259904912837,1.0,0.0,0.0,0.0,0.0,0.0,0.0,0.0,0.0,0.0,0.0,0.0,0.0,0.0,0.0,,,,,,,,,,,,,,,,,,,,,,,,,,,,,,
51,2023,Goshamahal,,2023-24,49.0,28544.0,661.0,617.0,1.020408163265306,1.0612244897959184,1.469387755102041,1.1428571428571428,1.469387755102041,1.2448979591836735,6.938775510204081,1.530612244897959,0.4693877551020408,43.183055975794254,1.0,0.0,0.0,0.0,0.0,0.0,0.0,0.0,0.0,0.0,0.0,0.0,0.0,0.0,0.0,2.959183673469388,6.755102040816326,0.0,0.0,,,,,,,,,,,,,,,,,,,,,,,,,,
52,2011,Puranapool,,,,,,,,,,,,,,,,,,,,,,,,,,,,,,,,,,,,28660.0,14772.0,13888.0,5735.0,3191.0,2748.0,125.0,20367.0,8293.0,10328.0,7586.0,2742.0,18332.0,0.7996780399701598,0.3603628750872296,0.6396371249127704,0.0958827634333566,0.0043614794138171,0.4845778087927425,0.1113398464759246,0.2646894626657362,0.0956734124214933,536,1.0,0.1002442428471737,0.20032196002984015
52,2015,Puranapool,13012.33,,,,,,,,,,,,,,,,,,,,,,,,,,,,,,,,,,,,,,,,,,,,,,,,,,,,,,,,,,,,
52,2018,Puranapool,13346.91,,,,,,,,,,,,,,,,,,,,,,,,,,,,,,,,,,,,,,,,,,,,,,,,,,,,,,,,,,,,
52,2021,Puranapool,,2021-22,36.0,9582.0,354.0,311.0,1.0555555555555556,1.25,1.4444444444444444,1.25,1.6944444444444444,1.4444444444444444,4.805555555555555,1.2777777777777777,0.2777777777777778,27.06779661016949,1.0,0.0,0.0,0.0,0.0,0.0,0.0,0.0,0.0,0.0,0.0,0.0,0.0,0.0,0.0,,,,,,,,,,,,,,,,,,,,,,,,,,,,,,
52,2023,Puranapool,,2023-24,35.0,20054.0,330.0,322.0,1.0,1.3428571428571427,1.457142857142857,1.2857142857142858,1.457142857142857,1.3714285714285714,6.085714285714285,1.2857142857142858,0.2857142857142857,60.76969696969697,1.0,0.0,0.0,0.0,0.0,0.0,0.0,0.0,0.0,0.0,0.0,0.0,0.0,0.0,0.0,2.628571428571429,7.371428571428571,0.0,0.0,,,,,,,,,,,,,,,,,,,,,,,,,,
53,2011,Doodh Bowli,,,,,,,,,,,,,,,,,,,,,,,,,,,,,,,,,,,,31292.0,16017.0,15275.0,6310.0,3658.0,3504.0,3037.0,22366.0,8926.0,9987.0,8216.0,1771.0,21305.0,0.8093652746616486,0.3191550556052665,0.6808449443947335,0.1119775022369934,0.0970535600153393,0.4881439345519621,0.1168988878946695,0.2625591205419915,0.0565959350632749,536,1.0,0.2090310622523327,0.19063472533835135
53,2015,Doodh Bowli,17995.18,,,,,,,,,,,,,,,,,,,,,,,,,,,,,,,,,,,,,,,,,,,,,,,,,,,,,,,,,,,,
53,2018,Doodh Bowli,18458.49,,,,,,,,,,,,,,,,,,,,,,,,,,,,,,,,,,,,,,,,,,,,,,,,,,,,,,,,,,,,
53,2021,Doodh Bowli,,2021-22,40.0,8931.0,449.0,427.0,1.0,1.35,1.575,1.375,1.625,1.45,5.525,1.1,0.2,19.89086859688196,1.0,0.0,0.0,0.0,0.0,0.0,0.0,0.0,0.0,0.0,0.0,0.0,0.0,0.0,0.0,,,,,,,,,,,,,,,,,,,,,,,,,,,,,,
53,2023,Doodh Bowli,,2023-24,40.0,19472.0,421.0,481.0,1.0,1.3,1.525,1.2,1.375,1.4,7.5,1.225,0.2,46.25178147268409,1.0,0.0,0.0,0.0,0.0,0.0,0.0,0.0,0.0,0.0,0.0,0.0,0.0,0.0,0.0,1.2,8.1,0.0,0.0,,,,,,,,,,,,,,,,,,,,,,,,,,
54,2011,Jahanuma,,,,,,,,,,,,,,,,,,,,,,,,,,,,,,,,,,,,40105.0,20614.0,19491.0,7489.0,5539.0,605.0,459.0,27638.0,12467.0,12795.0,10220.0,2575.0,27310.0,0.7995718335937048,0.3190375264929559,0.680962473507044,0.01508540082284,0.0114449569879067,0.4859992519635955,0.1381124548061339,0.254831068445331,0.0642064580476249,536,1.0,0.0265303578107467,0.20042816640629524
54,2015,Jahanuma,21661.09,,,,,,,,,,,,,,,,,,,,,,,,,,,,,,,,,,,,,,,,,,,,,,,,,,,,,,,,,,,,
54,2018,Jahanuma,22220.47,,,,,,,,,,,,,,,,,,,,,,,,,,,,,,,,,,,,,,,,,,,,,,,,,,,,,,,,,,,,
54,2021,Jahanuma,,2021-22,31.0,11483.0,446.0,395.0,1.0,1.2580645161290325,1.6774193548387095,1.2903225806451613,1.4193548387096775,1.3225806451612905,7.0,1.032258064516129,0.1935483870967742,25.746636771300448,1.0,0.0,0.0,0.0,0.0,0.0,0.0,0.0,0.0,0.0,0.0,0.0,0.0,0.0,0.0,,,,,,,,,,,,,,,,,,,,,,,,,,,,,,
54,2023,Jahanuma,,2023-24,34.0,29368.0,459.0,469.0,1.0,1.2058823529411764,1.6470588235294117,1.1470588235294117,1.3823529411764706,1.2352941176470589,9.823529411764708,1.1176470588235294,0.1764705882352941,63.98257080610022,1.0,0.0,0.0,0.0,0.0,0.0,0.0,0.0,0.0,0.0,0.0,0.0,0.0,0.0,0.0,1.4705882352941178,8.352941176470589,0.0,0.0,,,,,,,,,,,,,,,,,,,,,,,,,,
55,2011,Ramnaspura,,,,,,,,,,,,,,,,,,,,,,,,,,,,,,,,,,,,38482.0,19580.0,18902.0,6908.0,5557.0,497.0,664.0,26455.0,12027.0,11076.0,9095.0,1981.0,27406.0,0.8034927866362946,0.2878228782287823,0.7121771217712177,0.0129151291512915,0.0172548204355282,0.4911906865547529,0.1444051764461306,0.2363442648510992,0.051478613377683,536,1.0,0.0301699495868197,0.19650721336370536
55,2015,Ramnaspura,23984.39,,,,,,,,,,,,,,,,,,,,,,,,,,,,,,,,,,,,,,,,,,,,,,,,,,,,,,,,,,,,
55,2018,Ramnaspura,24553.3,,,,,,,,,,,,,,,,,,,,,,,,,,,,,,,,,,,,,,,,,,,,,,,,,,,,,,,,,,,,
55,2021,Ramnaspura,,2021-22,40.0,9823.0,358.0,366.0,1.025,1.375,1.775,1.575,1.7,1.675,2.275,1.55,0.35,27.43854748603352,1.0,0.0,0.0,0.0,0.0,0.0,0.0,0.0,0.0,0.0,0.0,0.0,0.0,0.0,0.0,,,,,,,,,,,,,,,,,,,,,,,,,,,,,,
55,2023,Ramnaspura,,2023-24,38.0,21846.0,379.0,357.0,1.0263157894736843,1.3421052631578947,1.736842105263158,1.2894736842105263,1.605263157894737,1.394736842105263,3.657894736842105,1.4736842105263157,0.3684210526315789,57.64116094986807,1.0,0.0,0.0,0.0,0.0,0.0,0.0,0.0,0.0,0.0,0.0,0.0,0.0,0.0,0.0,1.8421052631578947,7.7894736842105265,0.0,0.0,,,,,,,,,,,,,,,,,,,,,,,,,,
56,2011,Kishanbagh,,,,,,,,,,,,,,,,,,,,,,,,,,,,,,,,,,,,56773.0,28928.0,27845.0,10259.0,7597.0,354.0,134.0,37607.0,19166.0,17300.0,12295.0,5005.0,39473.0,0.7647429640475029,0.3047223151850351,0.6952776848149649,0.0062353583569654,0.0023602768921846,0.4904620153946418,0.133813608581544,0.2165642118612721,0.088158103323763,536,1.0,0.00859563524915,0.23525703595249714
56,2015,Kishanbagh,21380.78,,,,,,,,,,,,,,,,,,,,,,,,,,,,,,,,,,,,,,,,,,,,,,,,,,,,,,,,,,,,
56,2018,Kishanbagh,21918.73,,,,,,,,,,,,,,,,,,,,,,,,,,,,,,,,,,,,,,,,,,,,,,,,,,,,,,,,,,,,
56,2021,Kishanbagh,,2021-22,50.0,16506.0,772.0,569.0,1.0,1.38,1.7,1.5,1.52,1.36,3.0,1.02,0.24,21.38082901554404,1.0,0.0,0.0,0.0,0.0,0.0,0.0,0.0,0.0,0.0,0.0,0.0,0.0,0.0,0.0,,,,,,,,,,,,,,,,,,,,,,,,,,,,,,
56,2023,Kishanbagh,,2023-24,50.0,37202.0,665.0,633.0,1.0,1.28,1.8,1.3,1.66,1.22,4.52,1.1,0.24,55.94285714285714,1.0,0.0,0.0,0.0,0.0,0.0,0.0,0.0,0.0,0.0,0.0,0.0,0.0,0.0,0.0,1.16,8.54,0.0,0.0,,,,,,,,,,,,,,,,,,,,,,,,,,
57,2011,Suleman Nagar,,,,,,,,,,,,,,,,,,,,,,,,,,,,,,,,,,,,53631.0,27507.0,26124.0,9964.0,7895.0,1248.0,415.0,32308.0,21323.0,17242.0,13362.0,3880.0,36389.0,0.706401959069442,0.3214931662657791,0.6785068337342208,0.0232701236225317,0.0077380619417873,0.4871063377524193,0.147209636217859,0.2491469485931644,0.0723462176726147,537,1.0,0.031008185564319002,0.29359804093055797
57,2015,Suleman Nagar,35427.01,,,,,,,,,,,,,,,,,,,,,,,,,,,,,,,,,,,,,,,,,,,,,,,,,,,,,,,,,,,,
57,2018,Suleman Nagar,36271.88,,,,,,,,,,,,,,,,,,,,,,,,,,,,,,,,,,,,,,,,,,,,,,,,,,,,,,,,,,,,
57,2021,Suleman Nagar,,2021-22,11.0,4584.0,153.0,162.0,1.0,1.181818181818182,1.818181818181818,1.5454545454545454,1.5454545454545454,1.2727272727272727,5.2727272727272725,1.0,0.0909090909090909,29.96078431372549,1.0,0.0,0.0,0.0,0.0,0.0,0.0,0.0,0.0,0.0,0.0,0.0,0.0,0.0,0.0,,,,,,,,,,,,,,,,,,,,,,,,,,,,,,
57,2023,Suleman Nagar,,2023-24,10.0,10987.0,188.0,165.0,1.0,1.2,1.6,1.0,1.5,1.0,7.7,1.0,0.1,58.441489361702125,1.0,0.0,0.0,0.0,0.0,0.0,0.0,0.0,0.0,0.0,0.0,0.0,0.0,0.0,0.0,1.0,8.3,0.0,0.0,,,,,,,,,,,,,,,,,,,,,,,,,,
58,2011,Shastripuram,,,,,,,,,,,,,,,,,,,,,,,,,,,,,,,,,,,,52306.0,27228.0,25078.0,12237.0,7042.0,3946.0,825.0,32942.0,19364.0,23354.0,20640.0,2714.0,28952.0,0.727774832096147,0.4464879746109433,0.5535120253890567,0.0754406760218713,0.0157725691125301,0.4794478644897335,0.1346308262914388,0.394601001797117,0.0518869728138263,537,1.0,0.09121324513440139,0.272225167903853
58,2015,Shastripuram,57932.8,,,,,,,,,,,,,,,,,,,,,,,,,,,,,,,,,,,,,,,,,,,,,,,,,,,,,,,,,,,,
58,2018,Shastripuram,59334.8,,,,,,,,,,,,,,,,,,,,,,,,,,,,,,,,,,,,,,,,,,,,,,,,,,,,,,,,,,,,
58,2021,Shastripuram,,2021-22,,,,,,,,,,,,,,,0.0,1.0,1.0,1.0,1.0,1.0,1.0,1.0,1.0,1.0,1.0,1.0,1.0,1.0,1.0,,,,,,,,,,,,,,,,,,,,,,,,,,,,,,
58,2023,Shastripuram,,2023-24,,,,,,,,,,,,,,,0.0,1.0,1.0,1.0,1.0,1.0,1.0,1.0,1.0,1.0,1.0,1.0,1.0,1.0,1.0,,,1.0,1.0,,,,,,,,,,,,,,,,,,,,,,,,,,
59,2011,Mailardevpally,,,,,,,,,,,,,,,,,,,,,,,,,,,,,,,,,,,,57040.0,28734.0,28306.0,13104.0,6871.0,9727.0,1402.0,41610.0,15430.0,20135.0,17609.0,2526.0,36905.0,0.8293966393589667,0.3529978962131837,0.6470021037868162,0.1705294530154277,0.0245792426367461,0.4962482468443198,0.1204593267882187,0.3087131837307152,0.0442847124824684,537,1.0,0.1951086956521738,0.17060336064103332
59,2015,Mailardevpally,94893.13,,,,,,,,,,,,,,,,,,,,,,,,,,,,,,,,,,,,,,,,,,,,,,,,,,,,,,,,,,,,
59,2018,Mailardevpally,97189.62,,,,,,,,,,,,,,,,,,,,,,,,,,,,,,,,,,,,,,,,,,,,,,,,,,,,,,,,,,,,
59,2021,Mailardevpally,,2021-22,,,,,,,,,,,,,,,0.0,1.0,1.0,1.0,1.0,1.0,1.0,1.0,1.0,1.0,1.0,1.0,1.0,1.0,1.0,,,,,,,,,,,,,,,,,,,,,,,,,,,,,,
59,2023,Mailardevpally,,2023-24,,,,,,,,,,,,,,,0.0,1.0,1.0,1.0,1.0,1.0,1.0,1.0,1.0,1.0,1.0,1.0,1.0,1.0,1.0,,,1.0,1.0,,,,,,,,,,,,,,,,,,,,,,,,,,
60,2011,Rajendra Nagar,,,,,,,,,,,,,,,,,,,,,,,,,,,,,,,,,,,,66846.0,34234.0,32612.0,13083.0,10025.0,2364.0,414.0,40726.0,26120.0,23053.0,16450.0,6603.0,43793.0,0.7167420495943401,0.3448673069443198,0.6551326930556802,0.0353648685037249,0.0061933399156269,0.4878676360590013,0.1499715764593244,0.2460880232175448,0.0987792837267749,537,1.0,0.0415582084193518,0.28325795040565993
60,2015,Rajendra Nagar,102818.17,,,,,,,,,,,,,,,,,,,,,,,,,,,,,,,,,,,,,,,,,,,,,,,,,,,,,,,,,,,,
60,2018,Rajendra Nagar,105213.12,,,,,,,,,,,,,,,,,,,,,,,,,,,,,,,,,,,,,,,,,,,,,,,,,,,,,,,,,,,,
60,2021,Rajendra Nagar,,2021-22,,,,,,,,,,,,,,,0.0,1.0,1.0,1.0,1.0,1.0,1.0,1.0,1.0,1.0,1.0,1.0,1.0,1.0,1.0,,,,,,,,,,,,,,,,,,,,,,,,,,,,,,
60,2023,Rajendra Nagar,,2023-24,,,,,,,,,,,,,,,0.0,1.0,1.0,1.0,1.0,1.0,1.0,1.0,1.0,1.0,1.0,1.0,1.0,1.0,1.0,,,1.0,1.0,,,,,,,,,,,,,,,,,,,,,,,,,,
61,2011,Attapur,,,,,,,,,,,,,,,,,,,,,,,,,,,,,,,,,,,,43718.0,22499.0,21219.0,9040.0,6020.0,1377.0,373.0,29882.0,13836.0,14898.0,12344.0,2554.0,28820.0,0.7926680460501884,0.3407749668328835,0.6592250331671166,0.0314973237568049,0.008531954801226,0.4853607209844915,0.1377007182396267,0.2823550940116199,0.0584198728212635,536,1.0,0.0400292785580309,0.20733195394981163
61,2015,Attapur,63470.76,,,,,,,,,,,,,,,,,,,,,,,,,,,,,,,,,,,,,,,,,,,,,,,,,,,,,,,,,,,,
61,2018,Attapur,64986.56,,,,,,,,,,,,,,,,,,,,,,,,,,,,,,,,,,,,,,,,,,,,,,,,,,,,,,,,,,,,
61,2021,Attapur,,2021-22,,,,,,,,,,,,,,,0.0,1.0,1.0,1.0,1.0,1.0,1.0,1.0,1.0,1.0,1.0,1.0,1.0,1.0,1.0,,,,,,,,,,,,,,,,,,,,,,,,,,,,,,
61,2023,Attapur,,2023-24,,,,,,,,,,,,,,,0.0,1.0,1.0,1.0,1.0,1.0,1.0,1.0,1.0,1.0,1.0,1.0,1.0,1.0,1.0,,,1.0,1.0,,,,,,,,,,,,,,,,,,,,,,,,,,
62,2011,Ziaguda,,,,,,,,,,,,,,,,,,,,,,,,,,,,,,,,,,,,33674.0,17334.0,16340.0,7061.0,4554.0,7076.0,279.0,21257.0,12417.0,11958.0,9208.0,2750.0,21716.0,0.7299793956043956,0.3551107679515353,0.6448892320484647,0.2101324463978143,0.0082853239888341,0.4852408386292094,0.1352378689790342,0.2734453881332779,0.0816653798182574,536,1.0,0.21841777038664842,0.2700206043956044
62,2015,Ziaguda,21980.64,,,,,,,,,,,,,,,,,,,,,,,,,,,,,,,,,,,,,,,,,,,,,,,,,,,,,,,,,,,,
62,2018,Ziaguda,22526.85,,,,,,,,,,,,,,,,,,,,,,,,,,,,,,,,,,,,,,,,,,,,,,,,,,,,,,,,,,,,
62,2021,Ziaguda,,2021-22,31.0,8583.0,460.0,319.0,1.064516129032258,1.096774193548387,1.3870967741935485,1.2580645161290325,1.3225806451612905,1.2580645161290325,0.8709677419354839,1.4516129032258065,0.2258064516129032,18.658695652173915,1.0,0.0,0.0,0.0,0.0,0.0,0.0,0.0,0.0,0.0,0.0,0.0,0.0,0.0,0.0,,,,,,,,,,,,,,,,,,,,,,,,,,,,,,
62,2023,Ziaguda,,2023-24,29.0,13914.0,463.0,419.0,1.137931034482759,1.103448275862069,1.3448275862068966,1.4137931034482758,1.4827586206896552,1.1724137931034482,4.965517241379311,1.4827586206896552,0.2413793103448276,30.05183585313175,1.0,0.0,0.0,0.0,0.0,0.0,0.0,0.0,0.0,0.0,0.0,0.0,0.0,0.0,0.0,2.931034482758621,8.482758620689655,0.0,0.0,,,,,,,,,,,,,,,,,,,,,,,,,,
63,2011,Mangalhat,,,,,,,,,,,,,,,,,,,,,,,,,,,,,,,,,,,,37129.0,19065.0,18064.0,7263.0,5861.0,802.0,21.0,22527.0,14602.0,11336.0,8790.0,2546.0,25793.0,0.7204490213636945,0.3053139055724636,0.6946860944275365,0.0216003662905006,0.0005655956260604,0.4865199709122249,0.1578550459209782,0.2367421691938915,0.068571736378572,536,1.0,0.022165961916561,0.2795509786363055
63,2015,Mangalhat,14995.92,,,,,,,,,,,,,,,,,,,,,,,,,,,,,,,,,,,,,,,,,,,,,,,,,,,,,,,,,,,,
63,2018,Mangalhat,15370.87,,,,,,,,,,,,,,,,,,,,,,,,,,,,,,,,,,,,,,,,,,,,,,,,,,,,,,,,,,,,
63,2021,Mangalhat,,2021-22,32.0,8585.0,385.0,356.0,1.03125,1.09375,1.46875,1.90625,1.5,1.40625,1.59375,1.5625,0.28125,22.2987012987013,1.0,0.0,0.0,0.0,0.0,0.0,0.0,0.0,0.0,0.0,0.0,0.0,0.0,0.0,0.0,,,,,,,,,,,,,,,,,,,,,,,,,,,,,,
63,2023,Mangalhat,,2023-24,31.0,17890.0,409.0,383.0,1.032258064516129,1.1935483870967742,1.5161290322580645,1.4838709677419355,1.4516129032258065,1.2903225806451613,4.032258064516129,1.7741935483870968,0.2903225806451613,43.74083129584352,1.0,0.0,0.0,0.0,0.0,0.0,0.0,0.0,0.0,0.0,0.0,0.0,0.0,0.0,0.0,2.032258064516129,8.290322580645162,0.0,0.0,,,,,,,,,,,,,,,,,,,,,,,,,,
64,2011,Dattatreya Nagar,,,,,,,,,,,,,,,,,,,,,,,,,,,,,,,,,,,,42684.0,21766.0,20918.0,9207.0,5582.0,1503.0,172.0,27507.0,15177.0,14705.0,11495.0,3210.0,27979.0,0.7413886043879037,0.3445084809296223,0.6554915190703776,0.0352122575203823,0.004029612969731,0.4900665354699653,0.1307749976572017,0.2693046574828975,0.0752038234467247,536,1.0,0.039241870490113295,0.25861139561209634
64,2015,Dattatreya Nagar,12561.47,,,,,,,,,,,,,,,,,,,,,,,,,,,,,,,,,,,,,,,,,,,,,,,,,,,,,,,,,,,,
64,2018,Dattatreya Nagar,12890.11,,,,,,,,,,,,,,,,,,,,,,,,,,,,,,,,,,,,,,,,,,,,,,,,,,,,,,,,,,,,
64,2021,Dattatreya Nagar,,2021-22,30.0,7769.0,334.0,244.0,1.1666666666666667,1.0,1.5333333333333334,1.9666666666666663,1.7333333333333334,1.4,1.5333333333333334,1.933333333333333,0.5666666666666667,23.260479041916167,1.0,0.0,0.0,0.0,0.0,0.0,0.0,0.0,0.0,0.0,0.0,0.0,0.0,0.0,0.0,,,,,,,,,,,,,,,,,,,,,,,,,,,,,,
64,2023,Dattatreya Nagar,,2023-24,30.0,15556.0,360.0,264.0,1.0333333333333334,1.0,1.6,1.2666666666666666,1.6666666666666667,1.3666666666666667,2.7666666666666666,1.3,0.5666666666666667,43.21111111111111,1.0,0.0,0.0,0.0,0.0,0.0,0.0,0.0,0.0,0.0,0.0,0.0,0.0,0.0,0.0,2.333333333333333,7.433333333333334,0.0,0.0,,,,,,,,,,,,,,,,,,,,,,,,,,
65,2011,Karwan,,,,,,,,,,,,,,,,,,,,,,,,,,,,,,,,,,,,42365.0,21824.0,20541.0,8887.0,5606.0,3119.0,227.0,28708.0,13657.0,14602.0,11234.0,3368.0,27763.0,0.7809788079109878,0.3446713088634486,0.6553286911365513,0.0736220937094299,0.0053581966245721,0.4848577835477399,0.1323262126755576,0.2651717219402809,0.0794995869231677,536,1.0,0.078980290334002,0.21902119208901216
65,2015,Karwan,28850.62,,,,,,,,,,,,,,,,,,,,,,,,,,,,,,,,,,,,,,,,,,,,,,,,,,,,,,,,,,,,
65,2018,Karwan,29560.52,,,,,,,,,,,,,,,,,,,,,,,,,,,,,,,,,,,,,,,,,,,,,,,,,,,,,,,,,,,,
65,2021,Karwan,,2021-22,44.0,10188.0,397.0,396.0,1.0454545454545454,1.0454545454545454,1.3863636363636365,1.5227272727272727,1.4090909090909092,1.3636363636363635,1.0454545454545454,1.4090909090909092,0.3409090909090909,25.662468513853906,1.0,0.0,0.0,0.0,0.0,0.0,0.0,0.0,0.0,0.0,0.0,0.0,0.0,0.0,0.0,,,,,,,,,,,,,,,,,,,,,,,,,,,,,,
65,2023,Karwan,,2023-24,45.0,22179.0,476.0,512.0,1.022222222222222,1.1555555555555554,1.4,1.3111111111111111,1.4666666666666666,1.3111111111111111,3.111111111111111,1.7555555555555555,0.3777777777777777,46.59453781512605,1.0,0.0,0.0,0.0,0.0,0.0,0.0,0.0,0.0,0.0,0.0,0.0,0.0,0.0,0.0,2.422222222222222,7.844444444444444,0.0,0.0,,,,,,,,,,,,,,,,,,,,,,,,,,
66,2011,Langar Houz,,,,,,,,,,,,,,,,,,,,,,,,,,,,,,,,,,,,41452.0,20894.0,20558.0,8121.0,5553.0,639.0,24.0,29200.0,12252.0,13144.0,10622.0,2522.0,28308.0,0.8133931307278754,0.3170896458554472,0.6829103541445527,0.0154154202451027,0.0005789829200038,0.495947119559973,0.1339621731158931,0.256248190678375,0.0608414551770722,536,1.0,0.0159944031651065,0.18660686927212455
66,2015,Langar Houz,49789.18,,,,,,,,,,,,,,,,,,,,,,,,,,,,,,,,,,,,,,,,,,,,,,,,,,,,,,,,,,,,
66,2018,Langar Houz,50928.55,,,,,,,,,,,,,,,,,,,,,,,,,,,,,,,,,,,,,,,,,,,,,,,,,,,,,,,,,,,,
66,2021,Langar Houz,,2021-22,38.0,11607.0,496.0,522.0,1.0789473684210529,1.0789473684210529,1.263157894736842,1.4473684210526316,1.5789473684210529,1.1842105263157894,4.184210526315789,1.1842105263157894,0.1842105263157894,23.40120967741936,1.0,0.0,0.0,0.0,0.0,0.0,0.0,0.0,0.0,0.0,0.0,0.0,0.0,0.0,0.0,,,,,,,,,,,,,,,,,,,,,,,,,,,,,,
66,2023,Langar Houz,,2023-24,35.0,20001.0,524.0,529.0,1.0,1.0285714285714285,1.4,1.2857142857142858,1.4857142857142858,1.1714285714285717,6.371428571428571,1.1714285714285717,0.2,38.16984732824427,1.0,0.0,0.0,0.0,0.0,0.0,0.0,0.0,0.0,0.0,0.0,0.0,0.0,0.0,0.0,1.2285714285714286,8.342857142857143,0.0,0.0,,,,,,,,,,,,,,,,,,,,,,,,,,
67,2011,Golconda,,,,,,,,,,,,,,,,,,,,,,,,,,,,,,,,,,,,40688.0,21165.0,19523.0,8964.0,4480.0,3147.0,667.0,31220.0,9468.0,16231.0,13411.0,2820.0,24457.0,0.8622403888643394,0.3989136846244593,0.6010863153755407,0.0773446716476602,0.0163930397168698,0.4798220605583956,0.11010617381046,0.329605780574125,0.0693079040503342,536,1.0,0.09373771136452999,0.1377596111356606
67,2015,Golconda,30282.5,,,,,,,,,,,,,,,,,,,,,,,,,,,,,,,,,,,,,,,,,,,,,,,,,,,,,,,,,,,,
67,2018,Golconda,30994.13,,,,,,,,,,,,,,,,,,,,,,,,,,,,,,,,,,,,,,,,,,,,,,,,,,,,,,,,,,,,
67,2021,Golconda,,2021-22,57.0,17491.0,787.0,799.0,1.0350877192982455,1.0350877192982455,1.350877192982456,1.4210526315789471,1.7017543859649122,1.2105263157894737,3.982456140350877,1.1578947368421053,0.3508771929824561,22.224904701397712,1.0,0.0,0.0,0.0,0.0,0.0,0.0,0.0,0.0,0.0,0.0,0.0,0.0,0.0,0.0,,,,,,,,,,,,,,,,,,,,,,,,,,,,,,
67,2023,Golconda,,2023-24,57.0,42970.0,818.0,892.0,1.0,1.0,1.4210526315789471,1.1228070175438596,1.6140350877192982,1.1929824561403508,10.070175438596491,1.0701754385964912,0.3508771929824561,52.530562347188265,1.0,0.0,0.0,0.0,0.0,0.0,0.0,0.0,0.0,0.0,0.0,0.0,0.0,0.0,0.0,1.1403508771929824,7.7894736842105265,0.0,0.0,,,,,,,,,,,,,,,,,,,,,,,,,,
68,2011,Tolichowki,,,,,,,,,,,,,,,,,,,,,,,,,,,,,,,,,,,,60074.0,30664.0,29410.0,13613.0,7838.0,2532.0,285.0,42218.0,17856.0,21806.0,17585.0,4221.0,38268.0,0.8082165556321311,0.3629856510303959,0.6370143489696042,0.0421480174451509,0.0047441488830442,0.4895628724573027,0.1304724173519326,0.2927223091520458,0.07026334187835,536,1.0,0.046892166328195095,0.19178344436786887
68,2015,Tolichowki,21126.55,,,,,,,,,,,,,,,,,,,,,,,,,,,,,,,,,,,,,,,,,,,,,,,,,,,,,,,,,,,,
68,2018,Tolichowki,21623.21,,,,,,,,,,,,,,,,,,,,,,,,,,,,,,,,,,,,,,,,,,,,,,,,,,,,,,,,,,,,
68,2021,Tolichowki,,2021-22,34.0,12195.0,588.0,625.0,1.0,1.0,1.1470588235294117,1.411764705882353,1.8235294117647056,1.0588235294117647,5.911764705882353,1.2058823529411764,0.0588235294117647,20.739795918367346,1.0,0.0,0.0,0.0,0.0,0.0,0.0,0.0,0.0,0.0,0.0,0.0,0.0,0.0,0.0,,,,,,,,,,,,,,,,,,,,,,,,,,,,,,
68,2023,Tolichowki,,2023-24,35.0,32028.0,737.0,650.0,1.0,1.0,1.3142857142857145,1.2,1.7142857142857142,1.0571428571428572,9.314285714285717,1.0,0.0571428571428571,43.4572591587517,1.0,0.0,0.0,0.0,0.0,0.0,0.0,0.0,0.0,0.0,0.0,0.0,0.0,0.0,0.0,1.2571428571428571,9.0,0.0,0.0,,,,,,,,,,,,,,,,,,,,,,,,,,
69,2011,Nanal Nagar,,,,,,,,,,,,,,,,,,,,,,,,,,,,,,,,,,,,39933.0,20532.0,19401.0,8755.0,5249.0,4600.0,535.0,28441.0,11492.0,13915.0,10871.0,3044.0,26018.0,0.8200034598085573,0.3484586682693512,0.6515413317306489,0.1151929481882152,0.0133974407131946,0.485838779956427,0.1314451706608569,0.2722309869030626,0.0762276813662885,536,1.0,0.1285903889014098,0.17999654019144273
69,2015,Nanal Nagar,27292.69,,,,,,,,,,,,,,,,,,,,,,,,,,,,,,,,,,,,,,,,,,,,,,,,,,,,,,,,,,,,
69,2018,Nanal Nagar,27917.68,,,,,,,,,,,,,,,,,,,,,,,,,,,,,,,,,,,,,,,,,,,,,,,,,,,,,,,,,,,,
69,2021,Nanal Nagar,,2021-22,11.0,4436.0,205.0,186.0,1.0,1.0,1.4545454545454546,1.2727272727272727,1.9090909090909087,1.0909090909090908,3.5454545454545454,1.0,0.0909090909090909,21.639024390243904,1.0,0.0,0.0,0.0,0.0,0.0,0.0,0.0,0.0,0.0,0.0,0.0,0.0,0.0,0.0,,,,,,,,,,,,,,,,,,,,,,,,,,,,,,
69,2023,Nanal Nagar,,2023-24,22.0,13562.0,316.0,295.0,1.0,1.0454545454545454,1.2727272727272727,1.0909090909090908,1.7727272727272727,1.1363636363636365,9.318181818181818,1.0454545454545454,0.1363636363636363,42.91772151898734,1.0,0.0,0.0,0.0,0.0,0.0,0.0,0.0,0.0,0.0,0.0,0.0,0.0,0.0,0.0,1.3636363636363635,8.318181818181818,0.0,0.0,,,,,,,,,,,,,,,,,,,,,,,,,,
70,2011,Mehdipatnam,,,,,,,,,,,,,,,,,,,,,,,,,,,,,,,,,,,,63787.0,31868.0,31919.0,12437.0,9423.0,774.0,78.0,46339.0,17448.0,18369.0,13462.0,4907.0,45418.0,0.8523839305422706,0.2879740385972063,0.7120259614027937,0.0121341339144339,0.0012228196968034,0.5003997679778012,0.1477260256792136,0.2110461379277909,0.0769279006694153,536,1.0,0.0133569536112373,0.14761606945772943
70,2015,Mehdipatnam,18047.88,,,,,,,,,,,,,,,,,,,,,,,,,,,,,,,,,,,,,,,,,,,,,,,,,,,,,,,,,,,,
70,2018,Mehdipatnam,18508.8,,,,,,,,,,,,,,,,,,,,,,,,,,,,,,,,,,,,,,,,,,,,,,,,,,,,,,,,,,,,
70,2021,Mehdipatnam,,2021-22,60.0,21786.0,956.0,687.0,1.0,1.05,1.3333333333333333,1.4833333333333334,1.4,1.3833333333333333,3.1166666666666667,1.1333333333333333,0.1333333333333333,22.788702928870293,1.0,0.0,0.0,0.0,0.0,0.0,0.0,0.0,0.0,0.0,0.0,0.0,0.0,0.0,0.0,,,,,,,,,,,,,,,,,,,,,,,,,,,,,,
70,2023,Mehdipatnam,,2023-24,57.0,42276.0,932.0,792.0,1.0,1.0350877192982455,1.4210526315789471,1.280701754385965,1.4912280701754386,1.105263157894737,7.719298245614035,1.1754385964912282,0.1403508771929824,45.36051502145923,1.0,0.0,0.0,0.0,0.0,0.0,0.0,0.0,0.0,0.0,0.0,0.0,0.0,0.0,0.0,1.1403508771929824,8.228070175438596,0.0,0.0,,,,,,,,,,,,,,,,,,,,,,,,,,
71,2011,Gudimalkapur,,,,,,,,,,,,,,,,,,,,,,,,,,,,,,,,,,,,49565.0,26517.0,23048.0,9350.0,6194.0,691.0,50.0,35861.0,13704.0,19300.0,14215.0,5085.0,30265.0,0.8268428212399991,0.3893876727529506,0.6106123272470493,0.0139412892161807,0.0010087763542822,0.4650055482699485,0.1249672147684858,0.2867951175224453,0.1025925552305054,536,1.0,0.0149500655704629,0.17315717876000092
71,2015,Gudimalkapur,23147.19,,,,,,,,,,,,,,,,,,,,,,,,,,,,,,,,,,,,,,,,,,,,,,,,,,,,,,,,,,,,
71,2018,Gudimalkapur,23727.83,,,,,,,,,,,,,,,,,,,,,,,,,,,,,,,,,,,,,,,,,,,,,,,,,,,,,,,,,,,,
71,2021,Gudimalkapur,,2021-22,25.0,8141.0,331.0,224.0,1.0,1.16,1.52,1.44,1.56,1.2,1.4,1.64,0.24,24.595166163142,1.0,0.0,0.0,0.0,0.0,0.0,0.0,0.0,0.0,0.0,0.0,0.0,0.0,0.0,0.0,,,,,,,,,,,,,,,,,,,,,,,,,,,,,,
71,2023,Gudimalkapur,,2023-24,27.0,12350.0,360.0,333.0,1.0,1.0740740740740742,1.4814814814814814,1.4074074074074074,1.6296296296296295,1.148148148148148,4.222222222222222,1.4444444444444444,0.2222222222222222,34.30555555555556,1.0,0.0,0.0,0.0,0.0,0.0,0.0,0.0,0.0,0.0,0.0,0.0,0.0,0.0,0.0,1.8888888888888888,8.444444444444445,0.0,0.0,,,,,,,,,,,,,,,,,,,,,,,,,,
72,2011,Asif Nagar,,,,,,,,,,,,,,,,,,,,,,,,,,,,,,,,,,,,40889.0,20907.0,19982.0,8257.0,5316.0,541.0,706.0,29435.0,11454.0,12484.0,9955.0,2529.0,28405.0,0.8274534056728418,0.305314387732642,0.6946856122673579,0.0132309423072219,0.0172662574286482,0.4886888894323656,0.1300105162757709,0.2434640123260534,0.0618503754065885,536,1.0,0.0304971997358701,0.17254659432715824
72,2015,Asif Nagar,17918.65,,,,,,,,,,,,,,,,,,,,,,,,,,,,,,,,,,,,,,,,,,,,,,,,,,,,,,,,,,,,
72,2018,Asif Nagar,18387.42,,,,,,,,,,,,,,,,,,,,,,,,,,,,,,,,,,,,,,,,,,,,,,,,,,,,,,,,,,,,
72,2021,Asif Nagar,,2021-22,50.0,14213.0,763.0,575.0,1.02,1.02,1.38,1.62,1.54,1.32,1.76,1.16,0.2,18.62778505897772,1.0,0.0,0.0,0.0,0.0,0.0,0.0,0.0,0.0,0.0,0.0,0.0,0.0,0.0,0.0,,,,,,,,,,,,,,,,,,,,,,,,,,,,,,
72,2023,Asif Nagar,,2023-24,48.0,35006.0,667.0,593.0,1.0,1.0416666666666667,1.5416666666666667,1.375,1.625,1.1875,3.375,1.1041666666666667,0.2083333333333333,52.48275862068966,1.0,0.0,0.0,0.0,0.0,0.0,0.0,0.0,0.0,0.0,0.0,0.0,0.0,0.0,0.0,1.3333333333333333,8.375,0.0,0.0,,,,,,,,,,,,,,,,,,,,,,,,,,
73,2011,Vijay Nagar Colony,,,,,,,,,,,,,,,,,,,,,,,,,,,,,,,,,,,,31635.0,15838.0,15797.0,7067.0,3557.0,1490.0,166.0,25806.0,5829.0,10905.0,9440.0,1465.0,20730.0,0.919082555737588,0.3447131341868183,0.6552868658131816,0.0470997313102576,0.0052473526157736,0.4993519835625098,0.1124387545440177,0.2984036668247194,0.0463094673620989,536,1.0,0.052347083926031206,0.08091744426241199
73,2015,Vijay Nagar Colony,28014.53,,,,,,,,,,,,,,,,,,,,,,,,,,,,,,,,,,,,,,,,,,,,,,,,,,,,,,,,,,,,
73,2018,Vijay Nagar Colony,28707.22,,,,,,,,,,,,,,,,,,,,,,,,,,,,,,,,,,,,,,,,,,,,,,,,,,,,,,,,,,,,
73,2021,Vijay Nagar Colony,,2021-22,24.0,11140.0,457.0,335.0,1.0,1.0,1.4583333333333333,1.375,1.3333333333333333,1.375,0.8333333333333334,1.0416666666666667,0.25,24.37636761487965,1.0,0.0,0.0,0.0,0.0,0.0,0.0,0.0,0.0,0.0,0.0,0.0,0.0,0.0,0.0,,,,,,,,,,,,,,,,,,,,,,,,,,,,,,
73,2023,Vijay Nagar Colony,,2023-24,27.0,21367.0,475.0,421.0,1.0,1.0,1.5555555555555556,1.2962962962962965,1.4444444444444444,1.0740740740740742,8.777777777777779,1.037037037037037,0.2222222222222222,44.98315789473684,1.0,0.0,0.0,0.0,0.0,0.0,0.0,0.0,0.0,0.0,0.0,0.0,0.0,0.0,0.0,2.185185185185185,7.62962962962963,0.0,0.0,,,,,,,,,,,,,,,,,,,,,,,,,,
74,2011,Ahmed Nagar,,,,,,,,,,,,,,,,,,,,,,,,,,,,,,,,,,,,25847.0,12921.0,12926.0,5756.0,2859.0,2847.0,172.0,19702.0,6145.0,9033.0,7197.0,1836.0,16814.0,0.857055855228815,0.3494796301311564,0.6505203698688435,0.1101481796726892,0.0066545440476651,0.5000967230239486,0.1106124501876426,0.2784462413432894,0.071033388787867,536,1.0,0.1168027237203543,0.142944144771185
74,2015,Ahmed Nagar,20308.04,,,,,,,,,,,,,,,,,,,,,,,,,,,,,,,,,,,,,,,,,,,,,,,,,,,,,,,,,,,,
74,2018,Ahmed Nagar,20783.39,,,,,,,,,,,,,,,,,,,,,,,,,,,,,,,,,,,,,,,,,,,,,,,,,,,,,,,,,,,,
74,2021,Ahmed Nagar,,2021-22,30.0,6791.0,315.0,286.0,1.1,1.1333333333333333,1.5333333333333334,1.5666666666666669,1.3,1.4,0.5,1.2,0.3,21.55873015873016,1.0,0.0,0.0,0.0,0.0,0.0,0.0,0.0,0.0,0.0,0.0,0.0,0.0,0.0,0.0,,,,,,,,,,,,,,,,,,,,,,,,,,,,,,
74,2023,Ahmed Nagar,,2023-24,30.0,16275.0,327.0,333.0,1.0666666666666669,1.1,1.6,1.3666666666666667,1.4666666666666666,1.3,3.1,1.1333333333333333,0.3,49.77064220183486,1.0,0.0,0.0,0.0,0.0,0.0,0.0,0.0,0.0,0.0,0.0,0.0,0.0,0.0,0.0,1.5333333333333334,8.233333333333333,0.0,0.0,,,,,,,,,,,,,,,,,,,,,,,,,,
75,2011,Red Hills,,,,,,,,,,,,,,,,,,,,,,,,,,,,,,,,,,,,34868.0,17851.0,17017.0,7288.0,4522.0,3185.0,39.0,24734.0,10134.0,11255.0,9422.0,1833.0,23613.0,0.8150662360772425,0.3227888034874383,0.6772111965125617,0.0913444992543306,0.001118504072502,0.4880406103017093,0.1296891132270276,0.270219112079844,0.0525696914075943,536,1.0,0.09246300332683259,0.1849337639227575
75,2015,Red Hills,29986.47,,,,,,,,,,,,,,,,,,,,,,,,,,,,,,,,,,,,,,,,,,,,,,,,,,,,,,,,,,,,
75,2018,Red Hills,30704.05,,,,,,,,,,,,,,,,,,,,,,,,,,,,,,,,,,,,,,,,,,,,,,,,,,,,,,,,,,,,
75,2021,Red Hills,,2021-22,10.0,3031.0,122.0,98.0,1.0,1.1,1.7,1.5,1.5,1.3,1.4,1.0,0.3,24.84426229508197,1.0,0.0,0.0,0.0,0.0,0.0,0.0,0.0,0.0,0.0,0.0,0.0,0.0,0.0,0.0,,,,,,,,,,,,,,,,,,,,,,,,,,,,,,
75,2023,Red Hills,,2023-24,11.0,5750.0,138.0,117.0,1.0,1.0909090909090908,1.6363636363636365,1.3636363636363635,1.7272727272727273,1.2727272727272727,3.1818181818181817,1.0,0.3636363636363636,41.66666666666666,1.0,0.0,0.0,0.0,0.0,0.0,0.0,0.0,0.0,0.0,0.0,0.0,0.0,0.0,0.0,1.7272727272727273,7.727272727272727,0.0,0.0,,,,,,,,,,,,,,,,,,,,,,,,,,
76,2011,Mallepally,,,,,,,,,,,,,,,,,,,,,,,,,,,,,,,,,,,,27280.0,13864.0,13416.0,5604.0,3193.0,1194.0,42.0,21531.0,5749.0,8642.0,7913.0,729.0,18638.0,0.8938846680782164,0.3167888563049853,0.6832111436950147,0.0437683284457478,0.0015395894428152,0.4917888563049853,0.1170454545454545,0.290065982404692,0.0267228739002932,536,1.0,0.045307917888563004,0.10611533192178357
76,2015,Mallepally,13987.8,,,,,,,,,,,,,,,,,,,,,,,,,,,,,,,,,,,,,,,,,,,,,,,,,,,,,,,,,,,,
76,2018,Mallepally,14348.77,,,,,,,,,,,,,,,,,,,,,,,,,,,,,,,,,,,,,,,,,,,,,,,,,,,,,,,,,,,,
76,2021,Mallepally,,2021-22,28.0,5750.0,304.0,214.0,1.0,1.1071428571428572,1.4285714285714286,1.4285714285714286,1.5,1.5,0.9285714285714286,1.5714285714285714,0.25,18.914473684210527,1.0,0.0,0.0,0.0,0.0,0.0,0.0,0.0,0.0,0.0,0.0,0.0,0.0,0.0,0.0,,,,,,,,,,,,,,,,,,,,,,,,,,,,,,
76,2023,Mallepally,,2023-24,29.0,11263.0,298.0,280.0,1.0344827586206895,1.103448275862069,1.4482758620689655,1.2758620689655171,1.7241379310344829,1.4137931034482758,4.379310344827586,1.4137931034482758,0.2413793103448276,37.79530201342282,1.0,0.0,0.0,0.0,0.0,0.0,0.0,0.0,0.0,0.0,0.0,0.0,0.0,0.0,0.0,1.827586206896552,7.724137931034483,0.0,0.0,,,,,,,,,,,,,,,,,,,,,,,,,,
77,2011,Jambagh,,,,,,,,,,,,,,,,,,,,,,,,,,,,,,,,,,,,40798.0,20788.0,20010.0,8247.0,4922.0,3055.0,196.0,28625.0,12173.0,15783.0,11745.0,4038.0,25015.0,0.7978871669082395,0.3868571988822981,0.6131428011177018,0.074881121623609,0.0048041570665228,0.4904652188832786,0.1206431687827834,0.2878817589097505,0.0989754399725476,536,1.0,0.07968527869013181,0.20211283309176054
77,2015,Jambagh,33228.53,,,,,,,,,,,,,,,,,,,,,,,,,,,,,,,,,,,,,,,,,,,,,,,,,,,,,,,,,,,,
77,2018,Jambagh,34049.58,,,,,,,,,,,,,,,,,,,,,,,,,,,,,,,,,,,,,,,,,,,,,,,,,,,,,,,,,,,,
77,2021,Jambagh,,2021-22,9.0,1174.0,58.0,79.0,1.0,1.1111111111111112,1.3333333333333333,1.5555555555555556,1.7777777777777777,1.3333333333333333,1.3333333333333333,1.4444444444444444,0.1111111111111111,20.24137931034483,1.0,0.0,0.0,0.0,0.0,0.0,0.0,0.0,0.0,0.0,0.0,0.0,0.0,0.0,0.0,,,,,,,,,,,,,,,,,,,,,,,,,,,,,,
77,2023,Jambagh,,2023-24,8.0,1991.0,59.0,76.0,1.0,1.375,1.5,1.0,1.875,1.25,2.75,1.5,0.125,33.74576271186441,1.0,0.0,0.0,0.0,0.0,0.0,0.0,0.0,0.0,0.0,0.0,0.0,0.0,0.0,0.0,3.0,8.125,0.0,0.0,,,,,,,,,,,,,,,,,,,,,,,,,,
78,2011,Gunfoundry,,,,,,,,,,,,,,,,,,,,,,,,,,,,,,,,,,,,22309.0,11134.0,11175.0,4949.0,1926.0,2848.0,99.0,17914.0,4395.0,8397.0,7472.0,925.0,13912.0,0.8788696462738557,0.3763951768344614,0.6236048231655386,0.1276614819131292,0.0044376708951544,0.5009189116500067,0.0863328701420951,0.3349320901878165,0.0414630866466448,536,1.0,0.1320991528082836,0.12113035372614434
78,2015,Gunfoundry,52749.52,,,,,,,,,,,,,,,,,,,,,,,,,,,,,,,,,,,,,,,,,,,,,,,,,,,,,,,,,,,,
78,2018,Gunfoundry,53988.62,,,,,,,,,,,,,,,,,,,,,,,,,,,,,,,,,,,,,,,,,,,,,,,,,,,,,,,,,,,,
78,2021,Gunfoundry,,2021-22,69.0,28814.0,1368.0,958.0,1.0,1.0869565217391304,1.1884057971014492,1.463768115942029,1.5507246376811594,1.318840579710145,4.246376811594203,1.3768115942028984,0.2753623188405797,21.06286549707602,1.0,0.0,0.0,0.0,0.0,0.0,0.0,0.0,0.0,0.0,0.0,0.0,0.0,0.0,0.0,,,,,,,,,,,,,,,,,,,,,,,,,,,,,,
78,2023,Gunfoundry,,2023-24,69.0,46421.0,1378.0,1041.0,1.0,1.0434782608695652,1.2463768115942029,1.1304347826086956,1.608695652173913,1.2318840579710144,10.115942028985508,1.2753623188405796,0.2753623188405797,33.68722786647315,1.0,0.0,0.0,0.0,0.0,0.0,0.0,0.0,0.0,0.0,0.0,0.0,0.0,0.0,0.0,2.057971014492753,6.753623188405797,0.0,0.0,,,,,,,,,,,,,,,,,,,,,,,,,,
79,2011,Himayath Nagar,,,,,,,,,,,,,,,,,,,,,,,,,,,,,,,,,,,,31267.0,15861.0,15406.0,6830.0,2940.0,903.0,84.0,25753.0,5514.0,10725.0,9436.0,1289.0,20542.0,0.9091326296466268,0.3430134007100137,0.6569865992899863,0.0288802891227172,0.0026865385230434,0.4927239581667573,0.0940288483065212,0.3017878274218825,0.0412255732881312,536,1.0,0.0315668276457606,0.09086737035337322
79,2015,Himayath Nagar,35836.87,,,,,,,,,,,,,,,,,,,,,,,,,,,,,,,,,,,,,,,,,,,,,,,,,,,,,,,,,,,,
79,2018,Himayath Nagar,36721.82,,,,,,,,,,,,,,,,,,,,,,,,,,,,,,,,,,,,,,,,,,,,,,,,,,,,,,,,,,,,
79,2021,Himayath Nagar,,2021-22,58.0,36517.0,1309.0,931.0,1.0,1.2413793103448276,1.2586206896551724,1.603448275862069,1.3275862068965518,1.1206896551724137,13.689655172413794,1.0,0.1206896551724138,27.896867838044308,1.0,0.0,0.0,0.0,0.0,0.0,0.0,0.0,0.0,0.0,0.0,0.0,0.0,0.0,0.0,,,,,,,,,,,,,,,,,,,,,,,,,,,,,,
79,2023,Himayath Nagar,,2023-24,61.0,53067.0,1330.0,1108.0,1.0327868852459017,1.2622950819672132,1.2950819672131149,1.180327868852459,1.475409836065574,1.1147540983606556,16.80327868852459,1.213114754098361,0.1147540983606557,39.9,1.0,0.0,0.0,0.0,0.0,0.0,0.0,0.0,0.0,0.0,0.0,0.0,0.0,0.0,0.0,1.786885245901639,8.163934426229508,0.0,0.0,,,,,,,,,,,,,,,,,,,,,,,,,,
80,2011,Kachiguda,,,,,,,,,,,,,,,,,,,,,,,,,,,,,,,,,,,,40354.0,20406.0,19948.0,8921.0,3703.0,2268.0,336.0,33136.0,7218.0,16205.0,11694.0,4511.0,24149.0,0.9040953862104716,0.4015710958021509,0.598428904197849,0.0562026069286811,0.0083263121375823,0.4943252217871834,0.0917628983496059,0.2897853992169302,0.1117856965852207,536,1.0,0.0645289190662634,0.09590461378952841
80,2015,Kachiguda,28327.2,,,,,,,,,,,,,,,,,,,,,,,,,,,,,,,,,,,,,,,,,,,,,,,,,,,,,,,,,,,,
80,2018,Kachiguda,29032.04,,,,,,,,,,,,,,,,,,,,,,,,,,,,,,,,,,,,,,,,,,,,,,,,,,,,,,,,,,,,
80,2021,Kachiguda,,2021-22,35.0,11889.0,383.0,391.0,1.0,1.0857142857142856,1.3142857142857145,1.5142857142857142,1.4285714285714286,1.2,5.342857142857143,1.0285714285714285,0.2,31.04177545691906,1.0,0.0,0.0,0.0,0.0,0.0,0.0,0.0,0.0,0.0,0.0,0.0,0.0,0.0,0.0,,,,,,,,,,,,,,,,,,,,,,,,,,,,,,
80,2023,Kachiguda,,2023-24,34.0,17048.0,394.0,405.0,1.0294117647058822,1.1176470588235294,1.3235294117647058,1.0588235294117647,1.5294117647058822,1.1176470588235294,7.029411764705882,1.0,0.2058823529411764,43.26903553299493,1.0,0.0,0.0,0.0,0.0,0.0,0.0,0.0,0.0,0.0,0.0,0.0,0.0,0.0,0.0,1.9705882352941173,6.911764705882353,0.0,0.0,,,,,,,,,,,,,,,,,,,,,,,,,,
81,2011,Nallakunta,,,,,,,,,,,,,,,,,,,,,,,,,,,,,,,,,,,,30388.0,15225.0,15163.0,6911.0,2692.0,2206.0,157.0,25098.0,5290.0,12985.0,10242.0,2743.0,17403.0,0.9061958405545928,0.42730683164407,0.57269316835593,0.0725944451757272,0.0051665130972752,0.4989798604712386,0.0885876003685665,0.3370409372120574,0.0902658944320126,536,1.0,0.0777609582730024,0.09380415944540721
81,2015,Nallakunta,22493.83,,,,,,,,,,,,,,,,,,,,,,,,,,,,,,,,,,,,,,,,,,,,,,,,,,,,,,,,,,,,
81,2018,Nallakunta,23055.87,,,,,,,,,,,,,,,,,,,,,,,,,,,,,,,,,,,,,,,,,,,,,,,,,,,,,,,,,,,,
81,2021,Nallakunta,,2021-22,21.0,2657.0,165.0,172.0,1.0,1.1428571428571428,1.6666666666666667,1.4285714285714286,1.1904761904761905,1.5238095238095235,1.619047619047619,1.4285714285714286,0.238095238095238,16.1030303030303,1.0,0.0,0.0,0.0,0.0,0.0,0.0,0.0,0.0,0.0,0.0,0.0,0.0,0.0,0.0,,,,,,,,,,,,,,,,,,,,,,,,,,,,,,
81,2023,Nallakunta,,2023-24,19.0,3553.0,134.0,169.0,1.0,1.0526315789473684,1.7894736842105263,1.1578947368421053,1.4736842105263157,1.263157894736842,4.947368421052632,1.4736842105263157,0.2631578947368421,26.51492537313433,1.0,0.0,0.0,0.0,0.0,0.0,0.0,0.0,0.0,0.0,0.0,0.0,0.0,0.0,0.0,1.8421052631578947,8.631578947368421,0.0,0.0,,,,,,,,,,,,,,,,,,,,,,,,,,
82,2011,Golnaka,,,,,,,,,,,,,,,,,,,,,,,,,,,,,,,,,,,,37320.0,19029.0,18291.0,8213.0,3896.0,2618.0,133.0,28434.0,8886.0,13203.0,10499.0,2704.0,24117.0,0.8507060794638583,0.3537781350482315,0.6462218649517685,0.070150053590568,0.0035637727759914,0.490112540192926,0.1043944265809217,0.2813236870310825,0.0724544480171489,536,1.0,0.0737138263665594,0.14929392053614166
82,2015,Golnaka,26290.43,,,,,,,,,,,,,,,,,,,,,,,,,,,,,,,,,,,,,,,,,,,,,,,,,,,,,,,,,,,,
82,2018,Golnaka,26918.74,,,,,,,,,,,,,,,,,,,,,,,,,,,,,,,,,,,,,,,,,,,,,,,,,,,,,,,,,,,,
82,2021,Golnaka,,2021-22,31.0,7468.0,329.0,319.0,1.0,1.1935483870967742,1.2580645161290325,1.2903225806451613,1.2903225806451613,1.4193548387096775,1.1612903225806452,1.7096774193548387,0.2580645161290322,22.699088145896656,1.0,0.0,0.0,0.0,0.0,0.0,0.0,0.0,0.0,0.0,0.0,0.0,0.0,0.0,0.0,,,,,,,,,,,,,,,,,,,,,,,,,,,,,,
82,2023,Golnaka,,2023-24,31.0,12893.0,302.0,361.0,1.0,1.1935483870967742,1.3870967741935485,1.2258064516129032,1.6774193548387095,1.3870967741935485,4.709677419354839,1.3870967741935485,0.2580645161290322,42.69205298013245,1.0,0.0,0.0,0.0,0.0,0.0,0.0,0.0,0.0,0.0,0.0,0.0,0.0,0.0,0.0,1.2580645161290325,8.290322580645162,0.0,0.0,,,,,,,,,,,,,,,,,,,,,,,,,,
83,2011,Amberpet,,,,,,,,,,,,,,,,,,,,,,,,,,,,,,,,,,,,26762.0,13407.0,13355.0,6110.0,3254.0,1553.0,285.0,19044.0,7718.0,9869.0,8165.0,1704.0,16893.0,0.8101071975497703,0.3687691502877214,0.6312308497122786,0.0580300425977131,0.0106494282938494,0.4990284732082804,0.1215903146252148,0.3050967790150213,0.0636723712727001,536,1.0,0.0686794708915625,0.18989280245022966
83,2015,Amberpet,23086.83,,,,,,,,,,,,,,,,,,,,,,,,,,,,,,,,,,,,,,,,,,,,,,,,,,,,,,,,,,,,
83,2018,Amberpet,23647.03,,,,,,,,,,,,,,,,,,,,,,,,,,,,,,,,,,,,,,,,,,,,,,,,,,,,,,,,,,,,
83,2021,Amberpet,,2021-22,41.0,12531.0,469.0,422.0,1.0,1.195121951219512,1.5853658536585369,1.2195121951219512,1.2439024390243902,1.6097560975609757,1.5365853658536586,1.5365853658536586,0.3658536585365853,26.718550106609808,1.0,0.0,0.0,0.0,0.0,0.0,0.0,0.0,0.0,0.0,0.0,0.0,0.0,0.0,0.0,,,,,,,,,,,,,,,,,,,,,,,,,,,,,,
83,2023,Amberpet,,2023-24,42.0,25119.0,486.0,546.0,1.0238095238095235,1.0714285714285714,1.5952380952380951,1.2142857142857142,1.4523809523809523,1.3333333333333333,7.190476190476191,1.5714285714285714,0.3571428571428571,51.68518518518518,1.0,0.0,0.0,0.0,0.0,0.0,0.0,0.0,0.0,0.0,0.0,0.0,0.0,0.0,0.0,1.5714285714285714,8.071428571428571,0.0,0.0,,,,,,,,,,,,,,,,,,,,,,,,,,
84,2011,Bagh Amberpet,,,,,,,,,,,,,,,,,,,,,,,,,,,,,,,,,,,,41720.0,21375.0,20345.0,9426.0,5589.0,2483.0,580.0,29267.0,12453.0,13520.0,10699.0,2821.0,28200.0,0.8100246325869752,0.324065196548418,0.675934803451582,0.059515819750719,0.0139022051773729,0.4876558005752636,0.1339645254074784,0.2564477468839884,0.0676174496644295,536,1.0,0.0734180249280919,0.1899753674130248
84,2015,Bagh Amberpet,22150.34,,,,,,,,,,,,,,,,,,,,,,,,,,,,,,,,,,,,,,,,,,,,,,,,,,,,,,,,,,,,
84,2018,Bagh Amberpet,22716.47,,,,,,,,,,,,,,,,,,,,,,,,,,,,,,,,,,,,,,,,,,,,,,,,,,,,,,,,,,,,
84,2021,Bagh Amberpet,,2021-22,29.0,8649.0,381.0,325.0,1.0,1.2413793103448276,1.4482758620689655,1.206896551724138,1.3793103448275863,1.3793103448275863,3.931034482758621,1.4827586206896552,0.1724137931034483,22.700787401574804,1.0,0.0,0.0,0.0,0.0,0.0,0.0,0.0,0.0,0.0,0.0,0.0,0.0,0.0,0.0,,,,,,,,,,,,,,,,,,,,,,,,,,,,,,
84,2023,Bagh Amberpet,,2023-24,30.0,12327.0,371.0,411.0,1.0,1.1333333333333333,1.4333333333333331,1.0666666666666669,1.4,1.2,5.633333333333334,1.2666666666666666,0.1666666666666666,33.22641509433962,1.0,0.0,0.0,0.0,0.0,0.0,0.0,0.0,0.0,0.0,0.0,0.0,0.0,0.0,0.0,1.0333333333333334,8.233333333333333,0.0,0.0,,,,,,,,,,,,,,,,,,,,,,,,,,
85,2011,Adikmet,,,,,,,,,,,,,,,,,,,,,,,,,,,,,,,,,,,,24826.0,12566.0,12260.0,5764.0,2771.0,1905.0,635.0,18961.0,5865.0,9407.0,7753.0,1654.0,15419.0,0.8597143504874178,0.3789172641585435,0.6210827358414566,0.0767340691210827,0.0255780230403609,0.4938371062595665,0.1116168532989607,0.3122935631998711,0.0666237009586723,536,1.0,0.1023120921614436,0.14028564951258216
85,2015,Adikmet,17390.57,,,,,,,,,,,,,,,,,,,,,,,,,,,,,,,,,,,,,,,,,,,,,,,,,,,,,,,,,,,,
85,2018,Adikmet,17831.66,,,,,,,,,,,,,,,,,,,,,,,,,,,,,,,,,,,,,,,,,,,,,,,,,,,,,,,,,,,,
85,2021,Adikmet,,2021-22,47.0,11080.0,550.0,507.0,1.0,1.0212765957446808,1.3404255319148937,1.127659574468085,1.4893617021276595,1.3829787234042554,4.1063829787234045,1.1063829787234043,0.1489361702127659,20.145454545454545,1.0,0.0,0.0,0.0,0.0,0.0,0.0,0.0,0.0,0.0,0.0,0.0,0.0,0.0,0.0,,,,,,,,,,,,,,,,,,,,,,,,,,,,,,
85,2023,Adikmet,,2023-24,44.0,16156.0,506.0,520.0,1.0,1.0227272727272727,1.3863636363636365,1.0909090909090908,1.25,1.2045454545454546,7.227272727272727,1.1363636363636365,0.1590909090909091,31.92885375494071,1.0,0.0,0.0,0.0,0.0,0.0,0.0,0.0,0.0,0.0,0.0,0.0,0.0,0.0,0.0,1.3863636363636365,7.522727272727272,0.0,0.0,,,,,,,,,,,,,,,,,,,,,,,,,,
86,2011,Musheerabad,,,,,,,,,,,,,,,,,,,,,,,,,,,,,,,,,,,,27719.0,13980.0,13739.0,6802.0,2426.0,1471.0,233.0,22264.0,5455.0,12134.0,8506.0,3628.0,15585.0,0.8802435456450401,0.4377502795916158,0.5622497204083842,0.0530682925069447,0.0084057866445398,0.4956528013276092,0.087521194848299,0.3068653270319997,0.1308849525596161,536,1.0,0.0614740791514845,0.11975645435495985
86,2015,Musheerabad,13316.49,,,,,,,,,,,,,,,,,,,,,,,,,,,,,,,,,,,,,,,,,,,,,,,,,,,,,,,,,,,,
86,2018,Musheerabad,13660.61,,,,,,,,,,,,,,,,,,,,,,,,,,,,,,,,,,,,,,,,,,,,,,,,,,,,,,,,,,,,
86,2021,Musheerabad,,2021-22,56.0,13469.0,598.0,595.0,1.0178571428571428,1.0535714285714286,1.4107142857142858,1.2142857142857142,1.4285714285714286,1.4285714285714286,2.9107142857142856,1.0892857142857142,0.125,22.52341137123745,1.0,0.0,0.0,0.0,0.0,0.0,0.0,0.0,0.0,0.0,0.0,0.0,0.0,0.0,0.0,,,,,,,,,,,,,,,,,,,,,,,,,,,,,,
86,2023,Musheerabad,,2023-24,55.0,27009.0,640.0,669.0,1.0545454545454545,1.1636363636363636,1.4727272727272729,1.2727272727272727,1.2,1.2,5.418181818181818,1.181818181818182,0.1272727272727272,42.2015625,1.0,0.0,0.0,0.0,0.0,0.0,0.0,0.0,0.0,0.0,0.0,0.0,0.0,0.0,0.0,1.4363636363636365,7.6,0.0,0.0,,,,,,,,,,,,,,,,,,,,,,,,,,
87,2011,Ramnagar,,,,,,,,,,,,,,,,,,,,,,,,,,,,,,,,,,,,32531.0,16412.0,16119.0,8066.0,2798.0,2829.0,146.0,26976.0,5555.0,13175.0,10750.0,2425.0,19356.0,0.90727474523257,0.4049983093049706,0.5950016906950294,0.0869632043281792,0.0044880268052011,0.4954966032399864,0.0860102671298146,0.3304540284651563,0.0745442808398143,536,1.0,0.0914512311333803,0.09272525476742999
87,2015,Ramnagar,26564.02,,,,,,,,,,,,,,,,,,,,,,,,,,,,,,,,,,,,,,,,,,,,,,,,,,,,,,,,,,,,
87,2018,Ramnagar,27240.18,,,,,,,,,,,,,,,,,,,,,,,,,,,,,,,,,,,,,,,,,,,,,,,,,,,,,,,,,,,,
87,2021,Ramnagar,,2021-22,34.0,10712.0,479.0,479.0,1.0,1.0588235294117647,1.6176470588235294,1.088235294117647,1.4411764705882353,1.2647058823529411,3.852941176470588,1.588235294117647,0.1470588235294117,22.363256784968684,1.0,0.0,0.0,0.0,0.0,0.0,0.0,0.0,0.0,0.0,0.0,0.0,0.0,0.0,0.0,,,,,,,,,,,,,,,,,,,,,,,,,,,,,,
87,2023,Ramnagar,,2023-24,34.0,16547.0,495.0,511.0,1.0,1.0588235294117647,1.7058823529411764,1.088235294117647,1.088235294117647,1.1764705882352942,9.470588235294118,1.1176470588235294,0.1470588235294117,33.428282828282825,1.0,0.0,0.0,0.0,0.0,0.0,0.0,0.0,0.0,0.0,0.0,0.0,0.0,0.0,0.0,1.2352941176470589,8.147058823529411,0.0,0.0,,,,,,,,,,,,,,,,,,,,,,,,,,
88,2011,Bholakpur,,,,,,,,,,,,,,,,,,,,,,,,,,,,,,,,,,,,36526.0,18482.0,18044.0,9009.0,3163.0,4266.0,615.0,29288.0,7238.0,15799.0,11879.0,3920.0,20727.0,0.8778587057518809,0.4325412035262552,0.5674587964737448,0.1167935169468323,0.016837321360127,0.4940042709302962,0.0865958495318403,0.3252203909543886,0.1073208125718666,536,1.0,0.1336308383069593,0.12214129424811915
88,2015,Bholakpur,16308.89,,,,,,,,,,,,,,,,,,,,,,,,,,,,,,,,,,,,,,,,,,,,,,,,,,,,,,,,,,,,
88,2018,Bholakpur,16725.58,,,,,,,,,,,,,,,,,,,,,,,,,,,,,,,,,,,,,,,,,,,,,,,,,,,,,,,,,,,,
88,2021,Bholakpur,,2021-22,11.0,6640.0,313.0,251.0,1.0,1.0909090909090908,1.0909090909090908,1.0909090909090908,1.181818181818182,1.181818181818182,4.909090909090909,1.0,0.1818181818181818,21.21405750798722,1.0,0.0,0.0,0.0,0.0,0.0,0.0,0.0,0.0,0.0,0.0,0.0,0.0,0.0,0.0,,,,,,,,,,,,,,,,,,,,,,,,,,,,,,
88,2023,Bholakpur,,2023-24,11.0,19474.0,265.0,255.0,1.0,1.0909090909090908,1.0909090909090908,1.2727272727272727,1.0,1.181818181818182,7.818181818181818,1.0,0.1818181818181818,73.48679245283019,1.0,0.0,0.0,0.0,0.0,0.0,0.0,0.0,0.0,0.0,0.0,0.0,0.0,0.0,0.0,1.0,8.272727272727273,0.0,0.0,,,,,,,,,,,,,,,,,,,,,,,,,,
89,2011,Gandhinagar,,,,,,,,,,,,,,,,,,,,,,,,,,,,,,,,,,,,34664.0,17535.0,17129.0,8513.0,3479.0,2658.0,156.0,27695.0,6969.0,14073.0,11030.0,3043.0,20591.0,0.8880872214205547,0.4059831525501962,0.5940168474498039,0.0766789753057927,0.0045003461804754,0.4941437802907916,0.1003634894991922,0.3181975536579737,0.0877855988922224,536,1.0,0.0811793214862681,0.11191277857944526
89,2015,Gandhinagar,24762.28,,,,,,,,,,,,,,,,,,,,,,,,,,,,,,,,,,,,,,,,,,,,,,,,,,,,,,,,,,,,
89,2018,Gandhinagar,25379.16,,,,,,,,,,,,,,,,,,,,,,,,,,,,,,,,,,,,,,,,,,,,,,,,,,,,,,,,,,,,
89,2021,Gandhinagar,,2021-22,12.0,1925.0,134.0,131.0,1.0,1.0,1.3333333333333333,1.0,1.25,1.4166666666666667,2.333333333333333,1.0,0.0833333333333333,14.365671641791044,1.0,0.0,0.0,0.0,0.0,0.0,0.0,0.0,0.0,0.0,0.0,0.0,0.0,0.0,0.0,,,,,,,,,,,,,,,,,,,,,,,,,,,,,,
89,2023,Gandhinagar,,2023-24,13.0,3548.0,150.0,147.0,1.0,1.0769230769230769,1.4615384615384617,1.3076923076923077,1.3076923076923077,1.3846153846153846,5.153846153846154,1.0,0.0769230769230769,23.65333333333333,1.0,0.0,0.0,0.0,0.0,0.0,0.0,0.0,0.0,0.0,0.0,0.0,0.0,0.0,0.0,1.6153846153846154,9.0,0.0,0.0,,,,,,,,,,,,,,,,,,,,,,,,,,
90,2011,Kavadiguda,,,,,,,,,,,,,,,,,,,,,,,,,,,,,,,,,,,,34899.0,17690.0,17209.0,8218.0,3885.0,4386.0,122.0,27164.0,7735.0,13314.0,11044.0,2270.0,21585.0,0.8758625137034888,0.3815009026046592,0.6184990973953408,0.1256769534943694,0.003495802171982,0.4931086850626092,0.1113212412963122,0.3164560589128628,0.0650448436917963,536,1.0,0.1291727556663514,0.12413748629651122
90,2015,Kavadiguda,27494.37,,,,,,,,,,,,,,,,,,,,,,,,,,,,,,,,,,,,,,,,,,,,,,,,,,,,,,,,,,,,
90,2018,Kavadiguda,28134.8,,,,,,,,,,,,,,,,,,,,,,,,,,,,,,,,,,,,,,,,,,,,,,,,,,,,,,,,,,,,
90,2021,Kavadiguda,,2021-22,36.0,8917.0,478.0,367.0,1.0277777777777777,1.0,1.4722222222222223,1.2777777777777777,1.3888888888888888,1.4166666666666667,3.9444444444444446,1.1388888888888888,0.1944444444444444,18.65481171548117,1.0,0.0,0.0,0.0,0.0,0.0,0.0,0.0,0.0,0.0,0.0,0.0,0.0,0.0,0.0,,,,,,,,,,,,,,,,,,,,,,,,,,,,,,
90,2023,Kavadiguda,,2023-24,35.0,13424.0,418.0,488.0,1.0,1.0285714285714285,1.6285714285714286,1.0571428571428572,1.3714285714285714,1.2285714285714286,6.2,1.0,0.2,32.11483253588517,1.0,0.0,0.0,0.0,0.0,0.0,0.0,0.0,0.0,0.0,0.0,0.0,0.0,0.0,0.0,1.457142857142857,8.371428571428572,0.0,0.0,,,,,,,,,,,,,,,,,,,,,,,,,,
91,2011,Khairatabad,,,,,,,,,,,,,,,,,,,,,,,,,,,,,,,,,,,,28426.0,14584.0,13842.0,6284.0,3448.0,1148.0,481.0,21168.0,7258.0,10441.0,8184.0,2257.0,17985.0,0.8474657698774922,0.3673045803137972,0.6326954196862028,0.0403855625131921,0.0169211285442904,0.4869485682122001,0.121297403785267,0.2879054386828959,0.0793991416309012,536,1.0,0.0573066910574825,0.15253423012250777
91,2015,Khairatabad,61408.26,,,,,,,,,,,,,,,,,,,,,,,,,,,,,,,,,,,,,,,,,,,,,,,,,,,,,,,,,,,,
91,2018,Khairatabad,62823.73,,,,,,,,,,,,,,,,,,,,,,,,,,,,,,,,,,,,,,,,,,,,,,,,,,,,,,,,,,,,
91,2021,Khairatabad,,2021-22,49.0,11338.0,535.0,504.0,1.0,1.020408163265306,1.4285714285714286,1.2244897959183674,1.3877551020408163,1.2448979591836735,0.4489795918367347,1.0816326530612246,0.2244897959183673,21.192523364485982,1.0,0.0,0.0,0.0,0.0,0.0,0.0,0.0,0.0,0.0,0.0,0.0,0.0,0.0,0.0,,,,,,,,,,,,,,,,,,,,,,,,,,,,,,
91,2023,Khairatabad,,2023-24,51.0,22900.0,614.0,597.0,1.0,1.03921568627451,1.4509803921568627,1.2549019607843137,1.588235294117647,1.0980392156862746,9.529411764705882,1.0784313725490196,0.2156862745098039,37.29641693811075,1.0,0.0,0.0,0.0,0.0,0.0,0.0,0.0,0.0,0.0,0.0,0.0,0.0,0.0,0.0,1.7843137254901962,7.352941176470588,0.0,0.0,,,,,,,,,,,,,,,,,,,,,,,,,,
92,2011,Venkateshwara Colony,,,,,,,,,,,,,,,,,,,,,,,,,,,,,,,,,,,,31697.0,16384.0,15313.0,7007.0,4188.0,2295.0,145.0,21993.0,9704.0,10563.0,8432.0,2131.0,21134.0,0.7994838053000836,0.333249203394643,0.666750796605357,0.0724043284853456,0.0045745654162854,0.4831056566867527,0.1321260687131274,0.2660188661387513,0.0672303372558917,536,1.0,0.076978893901631,0.20051619469991644
92,2015,Venkateshwara Colony,52037.27,,,,,,,,,,,,,,,,,,,,,,,,,,,,,,,,,,,,,,,,,,,,,,,,,,,,,,,,,,,,
92,2018,Venkateshwara Colony,53256.73,,,,,,,,,,,,,,,,,,,,,,,,,,,,,,,,,,,,,,,,,,,,,,,,,,,,,,,,,,,,
92,2021,Venkateshwara Colony,,2021-22,27.0,11654.0,627.0,504.0,1.037037037037037,1.0,1.2592592592592593,1.2222222222222223,1.1851851851851851,1.1111111111111112,13.444444444444445,1.0,0.1851851851851851,18.586921850079744,1.0,0.0,0.0,0.0,0.0,0.0,0.0,0.0,0.0,0.0,0.0,0.0,0.0,0.0,0.0,,,,,,,,,,,,,,,,,,,,,,,,,,,,,,
92,2023,Venkateshwara Colony,,2023-24,28.0,22213.0,615.0,532.0,1.0,1.0,1.4285714285714286,1.2142857142857142,1.1785714285714286,1.1071428571428572,14.642857142857142,1.0,0.1785714285714285,36.11869918699187,1.0,0.0,0.0,0.0,0.0,0.0,0.0,0.0,0.0,0.0,0.0,0.0,0.0,0.0,0.0,1.2857142857142858,8.714285714285714,0.0,0.0,,,,,,,,,,,,,,,,,,,,,,,,,,
93,2011,Banjara Hills,,,,,,,,,,,,,,,,,,,,,,,,,,,,,,,,,,,,26593.0,13166.0,13427.0,6569.0,2504.0,2440.0,199.0,21368.0,5225.0,11595.0,8448.0,3147.0,14998.0,0.8870438789488978,0.4360169969540857,0.5639830030459143,0.0917534689579964,0.0074831722633775,0.504907306434024,0.0941601173241078,0.3176775843267025,0.1183394126273831,536,1.0,0.09923664122137389,0.1129561210511022
93,2015,Banjara Hills,51209.49,,,,,,,,,,,,,,,,,,,,,,,,,,,,,,,,,,,,,,,,,,,,,,,,,,,,,,,,,,,,
93,2018,Banjara Hills,52473.57,,,,,,,,,,,,,,,,,,,,,,,,,,,,,,,,,,,,,,,,,,,,,,,,,,,,,,,,,,,,
93,2021,Banjara Hills,,2021-22,16.0,3964.0,134.0,166.0,1.0,1.125,1.375,1.1875,1.8125,1.375,4.375,1.9375,0.25,29.58208955223881,1.0,0.0,0.0,0.0,0.0,0.0,0.0,0.0,0.0,0.0,0.0,0.0,0.0,0.0,0.0,,,,,,,,,,,,,,,,,,,,,,,,,,,,,,
93,2023,Banjara Hills,,2023-24,18.0,8918.0,139.0,212.0,1.0,1.1111111111111112,1.5,1.3888888888888888,1.7777777777777777,1.2222222222222223,4.777777777777778,1.2222222222222223,0.2222222222222222,64.15827338129496,1.0,0.0,0.0,0.0,0.0,0.0,0.0,0.0,0.0,0.0,0.0,0.0,0.0,0.0,0.0,1.5,8.555555555555555,0.0,0.0,,,,,,,,,,,,,,,,,,,,,,,,,,
94,2011,Shaikpet,,,,,,,,,,,,,,,,,,,,,,,,,,,,,,,,,,,,28887.0,14539.0,14348.0,7072.0,3096.0,4136.0,300.0,20933.0,7954.0,11115.0,9021.0,2094.0,17772.0,0.81163971928192,0.3847751583757399,0.61522484162426,0.1431785924464292,0.0103852944230968,0.4966940146086475,0.1071762384463599,0.3122858033025236,0.0724893550732163,536,1.0,0.153563886869526,0.18836028071807998
94,2015,Shaikpet,60997.19,,,,,,,,,,,,,,,,,,,,,,,,,,,,,,,,,,,,,,,,,,,,,,,,,,,,,,,,,,,,
94,2018,Shaikpet,62515.85,,,,,,,,,,,,,,,,,,,,,,,,,,,,,,,,,,,,,,,,,,,,,,,,,,,,,,,,,,,,
94,2021,Shaikpet,,2021-22,36.0,12913.0,495.0,528.0,1.0,1.0555555555555556,1.1944444444444444,1.3611111111111112,1.4444444444444444,1.1388888888888888,7.111111111111111,1.2777777777777777,0.0555555555555555,26.086868686868687,1.0,0.0,0.0,0.0,0.0,0.0,0.0,0.0,0.0,0.0,0.0,0.0,0.0,0.0,0.0,,,,,,,,,,,,,,,,,,,,,,,,,,,,,,
94,2023,Shaikpet,,2023-24,46.0,32520.0,695.0,682.0,1.0,1.1304347826086956,1.3695652173913044,1.173913043478261,1.565217391304348,1.0217391304347827,8.804347826086957,1.173913043478261,0.0434782608695652,46.79136690647482,1.0,0.0,0.0,0.0,0.0,0.0,0.0,0.0,0.0,0.0,0.0,0.0,0.0,0.0,0.0,1.6956521739130437,8.5,0.0,0.0,,,,,,,,,,,,,,,,,,,,,,,,,,
95,2011,Jubilee Hills,,,,,,,,,,,,,,,,,,,,,,,,,,,,,,,,,,,,32690.0,16413.0,16277.0,7948.0,3022.0,3665.0,343.0,25339.0,7351.0,14239.0,10247.0,3992.0,18451.0,0.8540852096534988,0.4355766289385133,0.5644233710614867,0.1121137962679718,0.010492505353319,0.4979198531661058,0.0924441725298256,0.3134597736310798,0.1221168553074334,536,1.0,0.1226063016212908,0.14591479034650123
95,2015,Jubilee Hills,111233.83,,,,,,,,,,,,,,,,,,,,,,,,,,,,,,,,,,,,,,,,,,,,,,,,,,,,,,,,,,,,
95,2018,Jubilee Hills,113973.09,,,,,,,,,,,,,,,,,,,,,,,,,,,,,,,,,,,,,,,,,,,,,,,,,,,,,,,,,,,,
95,2021,Jubilee Hills,,2021-22,41.0,17574.0,884.0,699.0,1.0,1.024390243902439,1.3658536585365857,1.4146341463414631,1.4390243902439024,1.2926829268292683,7.219512195121951,1.3414634146341464,0.3414634146341463,19.880090497737555,1.0,0.0,0.0,0.0,0.0,0.0,0.0,0.0,0.0,0.0,0.0,0.0,0.0,0.0,0.0,,,,,,,,,,,,,,,,,,,,,,,,,,,,,,
95,2023,Jubilee Hills,,2023-24,47.0,25760.0,884.0,748.0,1.0,1.0212765957446808,1.4680851063829787,1.148936170212766,1.446808510638298,1.2127659574468086,14.02127659574468,1.2127659574468086,0.2978723404255319,29.14027149321267,1.0,0.0,0.0,0.0,0.0,0.0,0.0,0.0,0.0,0.0,0.0,0.0,0.0,0.0,0.0,1.5106382978723405,8.23404255319149,0.0,0.0,,,,,,,,,,,,,,,,,,,,,,,,,,
96,2011,Yousufguda,,,,,,,,,,,,,,,,,,,,,,,,,,,,,,,,,,,,28768.0,14846.0,13922.0,6237.0,3523.0,1711.0,349.0,20371.0,8397.0,11292.0,8288.0,3004.0,17476.0,0.8069320657555952,0.3925194660734149,0.6074805339265851,0.0594758064516129,0.0121315350389321,0.483940489432703,0.1224624582869855,0.2880978865406006,0.1044215795328142,536,1.0,0.071607341490545,0.19306793424440483
96,2015,Yousufguda,23846.49,,,,,,,,,,,,,,,,,,,,,,,,,,,,,,,,,,,,,,,,,,,,,,,,,,,,,,,,,,,,
96,2018,Yousufguda,24433.2,,,,,,,,,,,,,,,,,,,,,,,,,,,,,,,,,,,,,,,,,,,,,,,,,,,,,,,,,,,,
96,2021,Yousufguda,,2021-22,45.0,17741.0,757.0,632.0,1.0,1.1111111111111112,1.511111111111111,1.2,1.2666666666666666,1.2666666666666666,3.688888888888889,1.1111111111111112,0.1111111111111111,23.43593130779392,1.0,0.0,0.0,0.0,0.0,0.0,0.0,0.0,0.0,0.0,0.0,0.0,0.0,0.0,0.0,,,,,,,,,,,,,,,,,,,,,,,,,,,,,,
96,2023,Yousufguda,,2023-24,45.0,27603.0,787.0,758.0,1.0,1.0444444444444445,1.6,1.4666666666666666,1.3555555555555556,1.1111111111111112,9.022222222222222,1.2222222222222223,0.1111111111111111,35.07369758576874,1.0,0.0,0.0,0.0,0.0,0.0,0.0,0.0,0.0,0.0,0.0,0.0,0.0,0.0,0.0,1.3555555555555556,8.644444444444444,0.0,0.0,,,,,,,,,,,,,,,,,,,,,,,,,,
97,2011,Somajiguda,,,,,,,,,,,,,,,,,,,,,,,,,,,,,,,,,,,,35780.0,18227.0,17553.0,8746.0,3654.0,4112.0,266.0,28923.0,6857.0,13886.0,12144.0,1742.0,21894.0,0.9002988233829298,0.3880939072107322,0.6119060927892678,0.1149245388485187,0.0074343208496366,0.490581330352152,0.1021240916713247,0.3394074902179989,0.0486864169927333,536,1.0,0.12235885969815531,0.09970117661707023
97,2015,Somajiguda,34087.7,,,,,,,,,,,,,,,,,,,,,,,,,,,,,,,,,,,,,,,,,,,,,,,,,,,,,,,,,,,,
97,2018,Somajiguda,34912.81,,,,,,,,,,,,,,,,,,,,,,,,,,,,,,,,,,,,,,,,,,,,,,,,,,,,,,,,,,,,
97,2021,Somajiguda,,2021-22,22.0,6224.0,213.0,253.0,1.0,1.0,1.2272727272727273,1.318181818181818,1.318181818181818,1.5454545454545454,1.5454545454545454,1.8636363636363635,0.2272727272727272,29.220657276995304,1.0,0.0,0.0,0.0,0.0,0.0,0.0,0.0,0.0,0.0,0.0,0.0,0.0,0.0,0.0,,,,,,,,,,,,,,,,,,,,,,,,,,,,,,
97,2023,Somajiguda,,2023-24,21.0,10524.0,217.0,266.0,1.0,1.0952380952380951,1.238095238095238,1.380952380952381,1.4761904761904765,1.2857142857142858,7.047619047619048,1.0,0.238095238095238,48.49769585253456,1.0,0.0,0.0,0.0,0.0,0.0,0.0,0.0,0.0,0.0,0.0,0.0,0.0,0.0,0.0,1.0,7.904761904761905,0.0,0.0,,,,,,,,,,,,,,,,,,,,,,,,,,
98,2011,Ameerpet,,,,,,,,,,,,,,,,,,,,,,,,,,,,,,,,,,,,26569.0,13395.0,13174.0,6679.0,2563.0,1814.0,165.0,21316.0,5253.0,11062.0,8628.0,2434.0,15507.0,0.8879446804965425,0.4163498814407768,0.5836501185592231,0.0682750573977191,0.0062102450223945,0.4958410177274267,0.0964658060145282,0.3247393578983025,0.0916105235424743,536,1.0,0.0744853024201136,0.11205531950345748
98,2015,Ameerpet,38245.64,,,,,,,,,,,,,,,,,,,,,,,,,,,,,,,,,,,,,,,,,,,,,,,,,,,,,,,,,,,,
98,2018,Ameerpet,39165.6,,,,,,,,,,,,,,,,,,,,,,,,,,,,,,,,,,,,,,,,,,,,,,,,,,,,,,,,,,,,
98,2021,Ameerpet,,2021-22,79.0,23294.0,1096.0,851.0,1.0253164556962024,1.1518987341772151,1.4556962025316456,1.3670886075949369,1.5949367088607596,1.3037974683544304,1.9873417721518989,1.0126582278481011,0.1139240506329113,21.253649635036496,1.0,0.0,0.0,0.0,0.0,0.0,0.0,0.0,0.0,0.0,0.0,0.0,0.0,0.0,0.0,,,,,,,,,,,,,,,,,,,,,,,,,,,,,,
98,2023,Ameerpet,,2023-24,76.0,32126.0,1145.0,968.0,1.0,1.118421052631579,1.513157894736842,1.3026315789473684,1.6710526315789471,1.0921052631578947,10.539473684210526,1.0921052631578947,0.1184210526315789,28.05764192139738,1.0,0.0,0.0,0.0,0.0,0.0,0.0,0.0,0.0,0.0,0.0,0.0,0.0,0.0,0.0,2.473684210526316,8.5,0.0,0.0,,,,,,,,,,,,,,,,,,,,,,,,,,
99,2011,Vengal Rao Nagar,,,,,,,,,,,,,,,,,,,,,,,,,,,,,,,,,,,,20958.0,10508.0,10450.0,5459.0,1773.0,625.0,159.0,17371.0,3587.0,8759.0,6808.0,1951.0,12199.0,0.9054469637737816,0.4179311002958297,0.5820688997041702,0.02982154785762,0.0075866017749785,0.4986162801794064,0.0845977669624964,0.3248401565034831,0.0930909437923466,536,1.0,0.0374081496325985,0.09455303622621836
99,2015,Vengal Rao Nagar,34113.08,,,,,,,,,,,,,,,,,,,,,,,,,,,,,,,,,,,,,,,,,,,,,,,,,,,,,,,,,,,,
99,2018,Vengal Rao Nagar,34906.77,,,,,,,,,,,,,,,,,,,,,,,,,,,,,,,,,,,,,,,,,,,,,,,,,,,,,,,,,,,,
99,2021,Vengal Rao Nagar,,2021-22,5.0,2441.0,107.0,86.0,1.0,1.0,1.4,1.4,1.2,1.0,6.8,1.0,0.0,22.81308411214953,1.0,0.0,0.0,0.0,0.0,0.0,0.0,0.0,0.0,0.0,0.0,0.0,0.0,0.0,0.0,,,,,,,,,,,,,,,,,,,,,,,,,,,,,,
99,2023,Vengal Rao Nagar,,2023-24,5.0,3361.0,113.0,91.0,1.0,1.0,1.4,1.6,1.4,1.0,7.0,1.0,0.0,29.74336283185841,1.0,0.0,0.0,0.0,0.0,0.0,0.0,0.0,0.0,0.0,0.0,0.0,0.0,0.0,0.0,2.6,9.0,0.0,0.0,,,,,,,,,,,,,,,,,,,,,,,,,,
100,2011,Sanath Nagar,,,,,,,,,,,,,,,,,,,,,,,,,,,,,,,,,,,,38112.0,19268.0,18844.0,9363.0,4083.0,2992.0,1978.0,29298.0,8814.0,16084.0,11718.0,4366.0,22028.0,0.8609715242881072,0.4220193115029387,0.5779806884970613,0.0785054575986566,0.0518996641477749,0.4944374475230898,0.1071316120906801,0.3074622166246851,0.1145570948782535,536,1.0,0.13040512174643148,0.1390284757118928
100,2015,Sanath Nagar,35992.04,,,,,,,,,,,,,,,,,,,,,,,,,,,,,,,,,,,,,,,,,,,,,,,,,,,,,,,,,,,,
100,2018,Sanath Nagar,36882.97,,,,,,,,,,,,,,,,,,,,,,,,,,,,,,,,,,,,,,,,,,,,,,,,,,,,,,,,,,,,
100,2021,Sanath Nagar,,2021-22,32.0,7802.0,374.0,381.0,1.15625,1.28125,1.53125,1.40625,1.78125,1.28125,2.75,2.125,0.0625,20.86096256684492,1.0,0.0,0.0,0.0,0.0,0.0,0.0,0.0,0.0,0.0,0.0,0.0,0.0,0.0,0.0,,,,,,,,,,,,,,,,,,,,,,,,,,,,,,
100,2023,Sanath Nagar,,2023-24,32.0,12015.0,499.0,462.0,1.0,1.09375,1.59375,1.21875,1.75,1.0625,6.78125,1.46875,0.0625,24.07815631262525,1.0,0.0,0.0,0.0,0.0,0.0,0.0,0.0,0.0,0.0,0.0,0.0,0.0,0.0,0.0,1.75,8.125,0.0,0.0,,,,,,,,,,,,,,,,,,,,,,,,,,
101,2011,Erragadda,,,,,,,,,,,,,,,,,,,,,,,,,,,,,,,,,,,,28195.0,14314.0,13881.0,6733.0,3213.0,1419.0,127.0,22698.0,5497.0,10095.0,8912.0,1183.0,18100.0,0.9085741734048516,0.3580422060649051,0.6419577939350949,0.0503280723532541,0.0045043447419755,0.4923213335697818,0.1139563752438375,0.3160844121298102,0.0419577939350948,537,1.0,0.0548324170952296,0.09142582659514842
101,2015,Erragadda,22349.46,,,,,,,,,,,,,,,,,,,,,,,,,,,,,,,,,,,,,,,,,,,,,,,,,,,,,,,,,,,,
101,2018,Erragadda,22897.24,,,,,,,,,,,,,,,,,,,,,,,,,,,,,,,,,,,,,,,,,,,,,,,,,,,,,,,,,,,,
101,2021,Erragadda,,2021-22,24.0,6177.0,248.0,259.0,1.0416666666666667,1.125,1.6666666666666667,1.2916666666666667,1.375,1.4583333333333333,5.041666666666667,1.0,0.1666666666666666,24.907258064516128,1.0,0.0,0.0,0.0,0.0,0.0,0.0,0.0,0.0,0.0,0.0,0.0,0.0,0.0,0.0,,,,,,,,,,,,,,,,,,,,,,,,,,,,,,
101,2023,Erragadda,,2023-24,25.0,14885.0,287.0,295.0,1.04,1.2,1.56,1.52,1.4,1.28,6.92,1.2,0.16,51.86411149825784,1.0,0.0,0.0,0.0,0.0,0.0,0.0,0.0,0.0,0.0,0.0,0.0,0.0,0.0,0.0,1.96,8.72,0.0,0.0,,,,,,,,,,,,,,,,,,,,,,,,,,
102,2011,Rahmath Nagar,,,,,,,,,,,,,,,,,,,,,,,,,,,,,,,,,,,,42054.0,21324.0,20730.0,9772.0,5291.0,2304.0,352.0,30118.0,11936.0,16077.0,12235.0,3842.0,25977.0,0.8192476130892473,0.3822941931801969,0.6177058068198031,0.0547867028106719,0.0083701907071859,0.4929376515908118,0.1258144290673895,0.2909354639273315,0.0913587292528653,536,1.0,0.0631568935178578,0.18075238691075268
102,2015,Rahmath Nagar,12353.68,,,,,,,,,,,,,,,,,,,,,,,,,,,,,,,,,,,,,,,,,,,,,,,,,,,,,,,,,,,,
102,2018,Rahmath Nagar,12673.35,,,,,,,,,,,,,,,,,,,,,,,,,,,,,,,,,,,,,,,,,,,,,,,,,,,,,,,,,,,,
102,2021,Rahmath Nagar,,2021-22,49.0,14137.0,494.0,624.0,1.0612244897959184,1.1224489795918366,1.5510204081632653,1.163265306122449,1.326530612244898,1.2857142857142858,4.306122448979592,1.2653061224489797,0.2040816326530612,28.61740890688259,1.0,0.0,0.0,0.0,0.0,0.0,0.0,0.0,0.0,0.0,0.0,0.0,0.0,0.0,0.0,,,,,,,,,,,,,,,,,,,,,,,,,,,,,,
102,2023,Rahmath Nagar,,2023-24,48.0,29268.0,518.0,623.0,1.0208333333333333,1.0833333333333333,1.6666666666666667,1.3125,1.3541666666666667,1.1666666666666667,5.8125,1.2083333333333333,0.2083333333333333,56.5019305019305,1.0,0.0,0.0,0.0,0.0,0.0,0.0,0.0,0.0,0.0,0.0,0.0,0.0,0.0,0.0,1.5,8.833333333333334,0.0,0.0,,,,,,,,,,,,,,,,,,,,,,,,,,
103,2011,Borabanda,,,,,,,,,,,,,,,,,,,,,,,,,,,,,,,,,,,,54039.0,27560.0,26479.0,13470.0,5996.0,2351.0,772.0,42520.0,11519.0,22817.0,16965.0,5852.0,31222.0,0.8850404845659097,0.422232091637521,0.5777679083624789,0.0435056163141434,0.0142859786450526,0.4899979644330946,0.1109569014970669,0.3139399322711375,0.1082921593663835,536,1.0,0.057791594959196,0.11495951543409033
103,2015,Borabanda,13416.99,,,,,,,,,,,,,,,,,,,,,,,,,,,,,,,,,,,,,,,,,,,,,,,,,,,,,,,,,,,,
103,2018,Borabanda,13772.3,,,,,,,,,,,,,,,,,,,,,,,,,,,,,,,,,,,,,,,,,,,,,,,,,,,,,,,,,,,,
103,2021,Borabanda,,2021-22,43.0,12490.0,401.0,523.0,1.0930232558139534,1.1162790697674418,1.558139534883721,1.2790697674418603,1.4186046511627908,1.5116279069767442,2.4651162790697674,1.7674418604651163,0.2790697674418604,31.14713216957606,1.0,0.0,0.0,0.0,0.0,0.0,0.0,0.0,0.0,0.0,0.0,0.0,0.0,0.0,0.0,,,,,,,,,,,,,,,,,,,,,,,,,,,,,,
103,2023,Borabanda,,2023-24,41.0,26230.0,469.0,519.0,1.048780487804878,1.146341463414634,1.5365853658536586,1.4390243902439024,1.4634146341463414,1.2926829268292683,3.5365853658536586,2.073170731707317,0.2926829268292683,55.927505330490405,1.0,0.0,0.0,0.0,0.0,0.0,0.0,0.0,0.0,0.0,0.0,0.0,0.0,0.0,0.0,1.975609756097561,8.048780487804878,0.0,0.0,,,,,,,,,,,,,,,,,,,,,,,,,,
104,2011,Kondapur,,,,,,,,,,,,,,,,,,,,,,,,,,,,,,,,,,,,30701.0,15341.0,15360.0,7774.0,2890.0,1588.0,165.0,25079.0,5622.0,12261.0,10289.0,1972.0,18440.0,0.901765488475783,0.3993680987589981,0.600631901241002,0.0517246995211882,0.005374417771408,0.5003094361747175,0.0941337415719357,0.3351356633334419,0.0642324354255561,536,1.0,0.0570991172925962,0.09823451152421703
104,2015,Kondapur,148720.23,,,,,,,,,,,,,,,,,,,,,,,,,,,,,,,,,,,,,,,,,,,,,,,,,,,,,,,,,,,,
104,2018,Kondapur,152292.11,,,,,,,,,,,,,,,,,,,,,,,,,,,,,,,,,,,,,,,,,,,,,,,,,,,,,,,,,,,,
104,2021,Kondapur,,2021-22,,,,,,,,,,,,,,,0.0,1.0,1.0,1.0,1.0,1.0,1.0,1.0,1.0,1.0,1.0,1.0,1.0,1.0,1.0,,,,,,,,,,,,,,,,,,,,,,,,,,,,,,
104,2023,Kondapur,,2023-24,,,,,,,,,,,,,,,0.0,1.0,1.0,1.0,1.0,1.0,1.0,1.0,1.0,1.0,1.0,1.0,1.0,1.0,1.0,,,1.0,1.0,,,,,,,,,,,,,,,,,,,,,,,,,,
105,2011,Gachibowli,,,,,,,,,,,,,,,,,,,,,,,,,,,,,,,,,,,,69177.0,35124.0,34053.0,15740.0,8634.0,5535.0,1684.0,48276.0,20901.0,28067.0,20868.0,7199.0,41110.0,0.7973836777166642,0.4057273371207193,0.5942726628792807,0.0800121427642135,0.0243433511138095,0.4922589878138688,0.1248102693091634,0.3016609566763519,0.1040663804443673,536,1.0,0.10435549387802301,0.20261632228333581
105,2015,Gachibowli,238773.25,,,,,,,,,,,,,,,,,,,,,,,,,,,,,,,,,,,,,,,,,,,,,,,,,,,,,,,,,,,,
105,2018,Gachibowli,244221.91,,,,,,,,,,,,,,,,,,,,,,,,,,,,,,,,,,,,,,,,,,,,,,,,,,,,,,,,,,,,
105,2021,Gachibowli,,2021-22,,,,,,,,,,,,,,,0.0,1.0,1.0,1.0,1.0,1.0,1.0,1.0,1.0,1.0,1.0,1.0,1.0,1.0,1.0,,,,,,,,,,,,,,,,,,,,,,,,,,,,,,
105,2023,Gachibowli,,2023-24,,,,,,,,,,,,,,,0.0,1.0,1.0,1.0,1.0,1.0,1.0,1.0,1.0,1.0,1.0,1.0,1.0,1.0,1.0,,,1.0,1.0,,,,,,,,,,,,,,,,,,,,,,,,,,
106,2011,Serilingampally,,,,,,,,,,,,,,,,,,,,,,,,,,,,,,,,,,,,43270.0,22667.0,20603.0,10566.0,4904.0,2870.0,608.0,33210.0,10060.0,18232.0,13525.0,4707.0,25038.0,0.8656101756763801,0.4213542870348971,0.5786457129651028,0.0663277097296048,0.0140513057545643,0.4761497573376473,0.1133348740466836,0.3125722209382944,0.1087820660966027,536,1.0,0.0803790154841691,0.1343898243236199
106,2015,Serilingampally,99795.41,,,,,,,,,,,,,,,,,,,,,,,,,,,,,,,,,,,,,,,,,,,,,,,,,,,,,,,,,,,,
106,2018,Serilingampally,102093.09,,,,,,,,,,,,,,,,,,,,,,,,,,,,,,,,,,,,,,,,,,,,,,,,,,,,,,,,,,,,
106,2021,Serilingampally,,2021-22,,,,,,,,,,,,,,,0.0,1.0,1.0,1.0,1.0,1.0,1.0,1.0,1.0,1.0,1.0,1.0,1.0,1.0,1.0,,,,,,,,,,,,,,,,,,,,,,,,,,,,,,
106,2023,Serilingampally,,2023-24,,,,,,,,,,,,,,,0.0,1.0,1.0,1.0,1.0,1.0,1.0,1.0,1.0,1.0,1.0,1.0,1.0,1.0,1.0,,,1.0,1.0,,,,,,,,,,,,,,,,,,,,,,,,,,
107,2011,Madhapur,,,,,,,,,,,,,,,,,,,,,,,,,,,,,,,,,,,,60103.0,31403.0,28700.0,13866.0,8536.0,4383.0,753.0,38303.0,21800.0,24786.0,18901.0,5885.0,35317.0,0.7427812360618224,0.412392060296491,0.587607939703509,0.0729248124053707,0.0125284927541054,0.4775136016505,0.1420228607557027,0.3144768148012578,0.0979152454952331,536,1.0,0.0854533051594761,0.25721876393817755
107,2015,Madhapur,125126.94,,,,,,,,,,,,,,,,,,,,,,,,,,,,,,,,,,,,,,,,,,,,,,,,,,,,,,,,,,,,
107,2018,Madhapur,128001.7,,,,,,,,,,,,,,,,,,,,,,,,,,,,,,,,,,,,,,,,,,,,,,,,,,,,,,,,,,,,
107,2021,Madhapur,,2021-22,,,,,,,,,,,,,,,0.0,1.0,1.0,1.0,1.0,1.0,1.0,1.0,1.0,1.0,1.0,1.0,1.0,1.0,1.0,,,,,,,,,,,,,,,,,,,,,,,,,,,,,,
107,2023,Madhapur,,2023-24,,,,,,,,,,,,,,,0.0,1.0,1.0,1.0,1.0,1.0,1.0,1.0,1.0,1.0,1.0,1.0,1.0,1.0,1.0,,,1.0,1.0,,,,,,,,,,,,,,,,,,,,,,,,,,
108,2011,Miyapur,,,,,,,,,,,,,,,,,,,,,,,,,,,,,,,,,,,,40905.0,21143.0,19762.0,9223.0,5479.0,3230.0,719.0,27961.0,12944.0,14958.0,11203.0,3755.0,25947.0,0.7892790605769774,0.3656765676567656,0.6343234323432343,0.0789634519007456,0.0175773132868842,0.4831194230534164,0.1339445055616673,0.2738784989610072,0.0917980686957584,536,1.0,0.0965407651876298,0.2107209394230226
108,2015,Miyapur,73226.95,,,,,,,,,,,,,,,,,,,,,,,,,,,,,,,,,,,,,,,,,,,,,,,,,,,,,,,,,,,,
108,2018,Miyapur,74853.32,,,,,,,,,,,,,,,,,,,,,,,,,,,,,,,,,,,,,,,,,,,,,,,,,,,,,,,,,,,,
108,2021,Miyapur,,2021-22,,,,,,,,,,,,,,,0.0,1.0,1.0,1.0,1.0,1.0,1.0,1.0,1.0,1.0,1.0,1.0,1.0,1.0,1.0,,,,,,,,,,,,,,,,,,,,,,,,,,,,,,
108,2023,Miyapur,,2023-24,,,,,,,,,,,,,,,0.0,1.0,1.0,1.0,1.0,1.0,1.0,1.0,1.0,1.0,1.0,1.0,1.0,1.0,1.0,,,1.0,1.0,,,,,,,,,,,,,,,,,,,,,,,,,,
109,2011,Hafeezpet,,,,,,,,,,,,,,,,,,,,,,,,,,,,,,,,,,,,51014.0,26031.0,24983.0,12367.0,5832.0,4160.0,1252.0,35339.0,15675.0,23088.0,19332.0,3756.0,27926.0,0.7821477579567084,0.4525816442545183,0.5474183557454816,0.0815462422080213,0.0245422825106833,0.4897283098757204,0.1143215587877837,0.3789547967224683,0.07362684753205,536,1.0,0.1060885247187046,0.21785224204329157
109,2015,Hafeezpet,56092.76,,,,,,,,,,,,,,,,,,,,,,,,,,,,,,,,,,,,,,,,,,,,,,,,,,,,,,,,,,,,
109,2018,Hafeezpet,57426.22,,,,,,,,,,,,,,,,,,,,,,,,,,,,,,,,,,,,,,,,,,,,,,,,,,,,,,,,,,,,
109,2021,Hafeezpet,,2021-22,,,,,,,,,,,,,,,0.0,1.0,1.0,1.0,1.0,1.0,1.0,1.0,1.0,1.0,1.0,1.0,1.0,1.0,1.0,,,,,,,,,,,,,,,,,,,,,,,,,,,,,,
109,2023,Hafeezpet,,2023-24,,,,,,,,,,,,,,,0.0,1.0,1.0,1.0,1.0,1.0,1.0,1.0,1.0,1.0,1.0,1.0,1.0,1.0,1.0,,,1.0,1.0,,,,,,,,,,,,,,,,,,,,,,,,,,
110,2011,Chandanagar,,,,,,,,,,,,,,,,,,,,,,,,,,,,,,,,,,,,39937.0,20415.0,19522.0,8170.0,5543.0,1929.0,284.0,29582.0,10355.0,13802.0,11484.0,2318.0,26135.0,0.8600918764900854,0.3455943110398878,0.6544056889601122,0.0483010741918521,0.0071112001402208,0.4888198913288429,0.1387935999198738,0.2875528958109021,0.0580414152289856,536,1.0,0.0554122743320729,0.13990812350991455
110,2015,Chandanagar,71262.11,,,,,,,,,,,,,,,,,,,,,,,,,,,,,,,,,,,,,,,,,,,,,,,,,,,,,,,,,,,,
110,2018,Chandanagar,72939.84,,,,,,,,,,,,,,,,,,,,,,,,,,,,,,,,,,,,,,,,,,,,,,,,,,,,,,,,,,,,
110,2021,Chandanagar,,2021-22,,,,,,,,,,,,,,,0.0,1.0,1.0,1.0,1.0,1.0,1.0,1.0,1.0,1.0,1.0,1.0,1.0,1.0,1.0,,,,,,,,,,,,,,,,,,,,,,,,,,,,,,
110,2023,Chandanagar,,2023-24,,,,,,,,,,,,,,,0.0,1.0,1.0,1.0,1.0,1.0,1.0,1.0,1.0,1.0,1.0,1.0,1.0,1.0,1.0,,,1.0,1.0,,,,,,,,,,,,,,,,,,,,,,,,,,
111,2011,Bharati Nagar,,,,,,,,,,,,,,,,,,,,,,,,,,,,,,,,,,,,54122.0,28831.0,25291.0,11784.0,6353.0,5968.0,1487.0,39502.0,14620.0,19834.0,16591.0,3243.0,34288.0,0.8269379723251481,0.3664683492849488,0.6335316507150511,0.1102693913750415,0.0274749639702893,0.4672961087912494,0.1173829496323121,0.3065481689516278,0.059920180333321,537,1.0,0.1377443553453308,0.1730620276748519
111,2015,Bharati Nagar,23279.76,,,,,,,,,,,,,,,,,,,,,,,,,,,,,,,,,,,,,,,,,,,,,,,,,,,,,,,,,,,,
111,2018,Bharati Nagar,23866.22,,,,,,,,,,,,,,,,,,,,,,,,,,,,,,,,,,,,,,,,,,,,,,,,,,,,,,,,,,,,
111,2021,Bharati Nagar,,2021-22,,,,,,,,,,,,,,,0.0,1.0,1.0,1.0,1.0,1.0,1.0,1.0,1.0,1.0,1.0,1.0,1.0,1.0,1.0,,,,,,,,,,,,,,,,,,,,,,,,,,,,,,
111,2023,Bharati Nagar,,2023-24,,,,,,,,,,,,,,,0.0,1.0,1.0,1.0,1.0,1.0,1.0,1.0,1.0,1.0,1.0,1.0,1.0,1.0,1.0,,,1.0,1.0,,,,,,,,,,,,,,,,,,,,,,,,,,
112,2011,Ramachandrapuram,,,,,,,,,,,,,,,,,,,,,,,,,,,,,,,,,,,,93141.0,48202.0,44939.0,22527.0,12635.0,6574.0,1867.0,61981.0,31160.0,38019.0,29630.0,8389.0,55122.0,0.7698929272352372,0.4081875865623087,0.5918124134376912,0.0705811618943322,0.0200448781954241,0.4824835464510795,0.1356545452593379,0.318119839812757,0.0900677467495517,537,1.0,0.09062604008975629,0.23010707276476283
112,2015,Ramachandrapuram,29683.04,,,,,,,,,,,,,,,,,,,,,,,,,,,,,,,,,,,,,,,,,,,,,,,,,,,,,,,,,,,,
112,2018,Ramachandrapuram,30383.11,,,,,,,,,,,,,,,,,,,,,,,,,,,,,,,,,,,,,,,,,,,,,,,,,,,,,,,,,,,,
112,2021,Ramachandrapuram,,2021-22,,,,,,,,,,,,,,,0.0,1.0,1.0,1.0,1.0,1.0,1.0,1.0,1.0,1.0,1.0,1.0,1.0,1.0,1.0,,,,,,,,,,,,,,,,,,,,,,,,,,,,,,
112,2023,Ramachandrapuram,,2023-24,,,,,,,,,,,,,,,0.0,1.0,1.0,1.0,1.0,1.0,1.0,1.0,1.0,1.0,1.0,1.0,1.0,1.0,1.0,,,1.0,1.0,,,,,,,,,,,,,,,,,,,,,,,,,,
113,2011,Patancheruvu,,,,,,,,,,,,,,,,,,,,,,,,,,,,,,,,,,,,78284.0,40768.0,37516.0,19378.0,9815.0,5492.0,2010.0,56613.0,21671.0,31357.0,26619.0,4738.0,46927.0,0.8268413442579854,0.4005543917020081,0.5994456082979919,0.070154820908487,0.025675744724337,0.4792294721782228,0.1253768330693372,0.340031168565735,0.060523223136273,537,1.0,0.095830565632824,0.1731586557420146
113,2015,Patancheruvu,74377.02194318175,,,,,,,,,,,,,,,,,,,,,,,,,,,,,,,,,,,,,,,,,,,,,,,,,,,,,,,,,,,,
113,2018,Patancheruvu,76183.10119165853,,,,,,,,,,,,,,,,,,,,,,,,,,,,,,,,,,,,,,,,,,,,,,,,,,,,,,,,,,,,
113,2021,Patancheruvu,,2021-22,,,,,,,,,,,,,,,0.0,1.0,1.0,1.0,1.0,1.0,1.0,1.0,1.0,1.0,1.0,1.0,1.0,1.0,1.0,,,,,,,,,,,,,,,,,,,,,,,,,,,,,,
113,2023,Patancheruvu,,2023-24,,,,,,,,,,,,,,,0.0,1.0,1.0,1.0,1.0,1.0,1.0,1.0,1.0,1.0,1.0,1.0,1.0,1.0,1.0,,,1.0,1.0,,,,,,,,,,,,,,,,,,,,,,,,,,
114,2011,KPHB Colony,,,,,,,,,,,,,,,,,,,,,,,,,,,,,,,,,,,,83773.0,42755.0,41018.0,20925.0,10091.0,3919.0,1285.0,64105.0,19668.0,33170.0,27737.0,5433.0,50603.0,0.8700225292473059,0.3959509627206856,0.6040490372793144,0.046781182481229,0.0153390710610817,0.4896326978859537,0.1204564716555453,0.3310971315340265,0.0648538311866591,537,1.0,0.0621202535423107,0.12997747075269406
114,2015,KPHB Colony,73304.52,,,,,,,,,,,,,,,,,,,,,,,,,,,,,,,,,,,,,,,,,,,,,,,,,,,,,,,,,,,,
114,2018,KPHB Colony,75019.38,,,,,,,,,,,,,,,,,,,,,,,,,,,,,,,,,,,,,,,,,,,,,,,,,,,,,,,,,,,,
114,2021,KPHB Colony,,2021-22,,,,,,,,,,,,,,,0.0,1.0,1.0,1.0,1.0,1.0,1.0,1.0,1.0,1.0,1.0,1.0,1.0,1.0,1.0,,,,,,,,,,,,,,,,,,,,,,,,,,,,,,
114,2023,KPHB Colony,,2023-24,,,,,,,,,,,,,,,0.0,1.0,1.0,1.0,1.0,1.0,1.0,1.0,1.0,1.0,1.0,1.0,1.0,1.0,1.0,,,1.0,1.0,,,,,,,,,,,,,,,,,,,,,,,,,,
115,2011,Balaji Nagar,,,,,,,,,,,,,,,,,,,,,,,,,,,,,,,,,,,,70187.0,35606.0,34581.0,16868.0,8429.0,8191.0,1045.0,50759.0,19428.0,25310.0,20495.0,4815.0,44877.0,0.8219016159849736,0.3606080898172026,0.6393919101827974,0.116702523259293,0.0148887970706826,0.4926980779916509,0.1200934646017068,0.2920056420704688,0.0686024477467337,535,1.0,0.13159132032997561,0.17809838401502642
115,2015,Balaji Nagar,59570.82,,,,,,,,,,,,,,,,,,,,,,,,,,,,,,,,,,,,,,,,,,,,,,,,,,,,,,,,,,,,
115,2018,Balaji Nagar,60966.32,,,,,,,,,,,,,,,,,,,,,,,,,,,,,,,,,,,,,,,,,,,,,,,,,,,,,,,,,,,,
115,2021,Balaji Nagar,,2021-22,,,,,,,,,,,,,,,0.0,1.0,1.0,1.0,1.0,1.0,1.0,1.0,1.0,1.0,1.0,1.0,1.0,1.0,1.0,,,,,,,,,,,,,,,,,,,,,,,,,,,,,,
115,2023,Balaji Nagar,,2023-24,,,,,,,,,,,,,,,0.0,1.0,1.0,1.0,1.0,1.0,1.0,1.0,1.0,1.0,1.0,1.0,1.0,1.0,1.0,,,1.0,1.0,,,,,,,,,,,,,,,,,,,,,,,,,,
116,2011,Allapur,,,,,,,,,,,,,,,,,,,,,,,,,,,,,,,,,,,,46255.0,23971.0,22284.0,11067.0,6185.0,4605.0,517.0,32644.0,13611.0,16200.0,13055.0,3145.0,30055.0,0.8146743199401049,0.3502324073073181,0.6497675926926819,0.0995568046697654,0.0111771700356718,0.4817641336071776,0.1337152740244298,0.2822397578640147,0.0679926494433034,535,1.0,0.1107339747054372,0.18532568005989514
116,2015,Allapur,34537.59,,,,,,,,,,,,,,,,,,,,,,,,,,,,,,,,,,,,,,,,,,,,,,,,,,,,,,,,,,,,
116,2018,Allapur,35391.39,,,,,,,,,,,,,,,,,,,,,,,,,,,,,,,,,,,,,,,,,,,,,,,,,,,,,,,,,,,,
116,2021,Allapur,,2021-22,3.0,953.0,29.0,30.0,1.0,1.0,1.0,1.0,1.0,1.3333333333333333,1.0,1.3333333333333333,0.6666666666666666,32.86206896551724,1.0,0.0,0.0,0.0,0.0,0.0,0.0,0.0,0.0,0.0,0.0,0.0,0.0,0.0,0.0,,,,,,,,,,,,,,,,,,,,,,,,,,,,,,
116,2023,Allapur,,2023-24,3.0,2534.0,29.0,30.0,1.0,1.3333333333333333,1.0,1.0,1.0,1.6666666666666667,0.6666666666666666,1.0,0.6666666666666666,87.37931034482759,1.0,0.0,0.0,0.0,0.0,0.0,0.0,0.0,0.0,0.0,0.0,0.0,0.0,0.0,0.0,1.0,6.666666666666667,0.0,0.0,,,,,,,,,,,,,,,,,,,,,,,,,,
117,2011,Moosapet,,,,,,,,,,,,,,,,,,,,,,,,,,,,,,,,,,,,69083.0,35402.0,33681.0,18596.0,7365.0,1421.0,1801.0,57015.0,12068.0,29252.0,23528.0,5724.0,39831.0,0.9237985676787972,0.4234326824254882,0.5765673175745119,0.0205694599250177,0.0260700896023623,0.4875439688490656,0.1066108883516929,0.3405758290751704,0.0828568533503177,537,1.0,0.04663954952738,0.0762014323212028
117,2015,Moosapet,24122.04,,,,,,,,,,,,,,,,,,,,,,,,,,,,,,,,,,,,,,,,,,,,,,,,,,,,,,,,,,,,
117,2018,Moosapet,24742.12,,,,,,,,,,,,,,,,,,,,,,,,,,,,,,,,,,,,,,,,,,,,,,,,,,,,,,,,,,,,
117,2021,Moosapet,,2021-22,,,,,,,,,,,,,,,0.0,1.0,1.0,1.0,1.0,1.0,1.0,1.0,1.0,1.0,1.0,1.0,1.0,1.0,1.0,,,,,,,,,,,,,,,,,,,,,,,,,,,,,,
117,2023,Moosapet,,2023-24,,,,,,,,,,,,,,,0.0,1.0,1.0,1.0,1.0,1.0,1.0,1.0,1.0,1.0,1.0,1.0,1.0,1.0,1.0,,,1.0,1.0,,,,,,,,,,,,,,,,,,,,,,,,,,
118,2011,Fateh Nagar,,,,,,,,,,,,,,,,,,,,,,,,,,,,,,,,,,,,52236.0,26782.0,25454.0,12392.0,6567.0,1681.0,1251.0,35396.0,16840.0,20489.0,16864.0,3625.0,31747.0,0.7750552891458101,0.3922390688414121,0.607760931158588,0.0321808714296653,0.0239490006891798,0.4872884600658549,0.1257178957041121,0.3228424841105751,0.0693965847308369,537,1.0,0.056129872118845105,0.22494471085418988
118,2015,Fateh Nagar,46814.16,,,,,,,,,,,,,,,,,,,,,,,,,,,,,,,,,,,,,,,,,,,,,,,,,,,,,,,,,,,,
118,2018,Fateh Nagar,47944.46,,,,,,,,,,,,,,,,,,,,,,,,,,,,,,,,,,,,,,,,,,,,,,,,,,,,,,,,,,,,
118,2021,Fateh Nagar,,2021-22,,,,,,,,,,,,,,,0.0,1.0,1.0,1.0,1.0,1.0,1.0,1.0,1.0,1.0,1.0,1.0,1.0,1.0,1.0,,,,,,,,,,,,,,,,,,,,,,,,,,,,,,
118,2023,Fateh Nagar,,2023-24,,,,,,,,,,,,,,,0.0,1.0,1.0,1.0,1.0,1.0,1.0,1.0,1.0,1.0,1.0,1.0,1.0,1.0,1.0,,,1.0,1.0,,,,,,,,,,,,,,,,,,,,,,,,,,
119,2011,Old Bowenpally,,,,,,,,,,,,,,,,,,,,,,,,,,,,,,,,,,,,83665.0,43211.0,40454.0,20206.0,11251.0,2820.0,1008.0,60064.0,23601.0,31816.0,26041.0,5775.0,51849.0,0.8294528682299003,0.3802784916034183,0.6197215083965816,0.0337058507141576,0.0120480487659116,0.4835235761668559,0.134476782406024,0.3112532122153827,0.0690252793880356,537,1.0,0.04575389948006919,0.17054713177009972
119,2015,Old Bowenpally,40368.8,,,,,,,,,,,,,,,,,,,,,,,,,,,,,,,,,,,,,,,,,,,,,,,,,,,,,,,,,,,,
119,2018,Old Bowenpally,41348.56,,,,,,,,,,,,,,,,,,,,,,,,,,,,,,,,,,,,,,,,,,,,,,,,,,,,,,,,,,,,
119,2021,Old Bowenpally,,2021-22,,,,,,,,,,,,,,,0.0,1.0,1.0,1.0,1.0,1.0,1.0,1.0,1.0,1.0,1.0,1.0,1.0,1.0,1.0,,,,,,,,,,,,,,,,,,,,,,,,,,,,,,
119,2023,Old Bowenpally,,2023-24,6.0,949.0,27.0,37.0,1.0,1.6666666666666667,1.8333333333333333,1.6666666666666667,1.8333333333333333,1.3333333333333333,1.0,1.0,0.0,35.148148148148145,1.0,0.0,0.0,0.0,0.0,0.0,0.0,0.0,0.0,0.0,0.0,0.0,0.0,0.0,0.0,1.0,9.0,0.0,0.0,,,,,,,,,,,,,,,,,,,,,,,,,,
120,2011,Balanagar,,,,,,,,,,,,,,,,,,,,,,,,,,,,,,,,,,,,41373.0,21321.0,20052.0,9586.0,5140.0,3832.0,1019.0,28329.0,13044.0,16052.0,13390.0,2662.0,25321.0,0.7818563188253802,0.3879825006646847,0.6120174993353154,0.0926207913373456,0.0246295893457085,0.4846639112464651,0.1242356125975878,0.3236410219225099,0.0643414787421748,537,1.0,0.1172503806830541,0.2181436811746198
120,2015,Balanagar,43423.22,,,,,,,,,,,,,,,,,,,,,,,,,,,,,,,,,,,,,,,,,,,,,,,,,,,,,,,,,,,,
120,2018,Balanagar,44467.66,,,,,,,,,,,,,,,,,,,,,,,,,,,,,,,,,,,,,,,,,,,,,,,,,,,,,,,,,,,,
120,2021,Balanagar,,2021-22,,,,,,,,,,,,,,,0.0,1.0,1.0,1.0,1.0,1.0,1.0,1.0,1.0,1.0,1.0,1.0,1.0,1.0,1.0,,,,,,,,,,,,,,,,,,,,,,,,,,,,,,
120,2023,Balanagar,,2023-24,,,,,,,,,,,,,,,0.0,1.0,1.0,1.0,1.0,1.0,1.0,1.0,1.0,1.0,1.0,1.0,1.0,1.0,1.0,,,1.0,1.0,,,,,,,,,,,,,,,,,,,,,,,,,,
121,2011,Kukatpally,,,,,,,,,,,,,,,,,,,,,,,,,,,,,,,,,,,,71076.0,36483.0,34593.0,16514.0,8260.0,3470.0,2838.0,53700.0,17376.0,25606.0,21621.0,3985.0,45470.0,0.8548777381558839,0.3602622544881535,0.6397377455118465,0.0488209803590522,0.0399290899881816,0.4867043727840621,0.1162136304800495,0.3041955090325848,0.0560667454555686,537,1.0,0.0887500703472338,0.14512226184411614
121,2015,Kukatpally,45642.59,,,,,,,,,,,,,,,,,,,,,,,,,,,,,,,,,,,,,,,,,,,,,,,,,,,,,,,,,,,,
121,2018,Kukatpally,46768.49,,,,,,,,,,,,,,,,,,,,,,,,,,,,,,,,,,,,,,,,,,,,,,,,,,,,,,,,,,,,
121,2021,Kukatpally,,2021-22,,,,,,,,,,,,,,,0.0,1.0,1.0,1.0,1.0,1.0,1.0,1.0,1.0,1.0,1.0,1.0,1.0,1.0,1.0,,,,,,,,,,,,,,,,,,,,,,,,,,,,,,
121,2023,Kukatpally,,2023-24,,,,,,,,,,,,,,,0.0,1.0,1.0,1.0,1.0,1.0,1.0,1.0,1.0,1.0,1.0,1.0,1.0,1.0,1.0,,,1.0,1.0,,,,,,,,,,,,,,,,,,,,,,,,,,
122,2011,Vivekananda Nagar Colony,,,,,,,,,,,,,,,,,,,,,,,,,,,,,,,,,,,,45374.0,23352.0,22022.0,11275.0,5464.0,4455.0,816.0,32081.0,13293.0,18895.0,16174.0,2721.0,26479.0,0.8038336256577299,0.4164279102569753,0.5835720897430247,0.0981839820161325,0.0179838674130559,0.4853440296204875,0.1204213866972274,0.3564596464935866,0.0599682637633887,537,1.0,0.1161678494291884,0.19616637434227013
122,2015,Vivekananda Nagar Colony,27379.31,,,,,,,,,,,,,,,,,,,,,,,,,,,,,,,,,,,,,,,,,,,,,,,,,,,,,,,,,,,,
122,2018,Vivekananda Nagar Colony,28066.39,,,,,,,,,,,,,,,,,,,,,,,,,,,,,,,,,,,,,,,,,,,,,,,,,,,,,,,,,,,,
122,2021,Vivekananda Nagar Colony,,2021-22,,,,,,,,,,,,,,,0.0,1.0,1.0,1.0,1.0,1.0,1.0,1.0,1.0,1.0,1.0,1.0,1.0,1.0,1.0,,,,,,,,,,,,,,,,,,,,,,,,,,,,,,
122,2023,Vivekananda Nagar Colony,,2023-24,,,,,,,,,,,,,,,0.0,1.0,1.0,1.0,1.0,1.0,1.0,1.0,1.0,1.0,1.0,1.0,1.0,1.0,1.0,,,1.0,1.0,,,,,,,,,,,,,,,,,,,,,,,,,,
123,2011,Hydernagar,,,,,,,,,,,,,,,,,,,,,,,,,,,,,,,,,,,,67730.0,34758.0,32972.0,16919.0,7975.0,4534.0,1157.0,50477.0,17253.0,27605.0,22493.0,5112.0,40125.0,0.8447326583549494,0.4075741916432895,0.5924258083567104,0.0669422707810423,0.0170825335892514,0.4868152960283478,0.1177469363649785,0.3320980363206851,0.0754761553226044,537,1.0,0.0840248043702937,0.15526734164505063
123,2015,Hydernagar,46260.2,,,,,,,,,,,,,,,,,,,,,,,,,,,,,,,,,,,,,,,,,,,,,,,,,,,,,,,,,,,,
123,2018,Hydernagar,47344.12,,,,,,,,,,,,,,,,,,,,,,,,,,,,,,,,,,,,,,,,,,,,,,,,,,,,,,,,,,,,
123,2021,Hydernagar,,2021-22,,,,,,,,,,,,,,,0.0,1.0,1.0,1.0,1.0,1.0,1.0,1.0,1.0,1.0,1.0,1.0,1.0,1.0,1.0,,,,,,,,,,,,,,,,,,,,,,,,,,,,,,
123,2023,Hydernagar,,2023-24,,,,,,,,,,,,,,,0.0,1.0,1.0,1.0,1.0,1.0,1.0,1.0,1.0,1.0,1.0,1.0,1.0,1.0,1.0,,,1.0,1.0,,,,,,,,,,,,,,,,,,,,,,,,,,
124,2011,Alwyn Colony,,,,,,,,,,,,,,,,,,,,,,,,,,,,,,,,,,,,87393.0,44864.0,42529.0,22167.0,10139.0,3225.0,1858.0,65690.0,21703.0,34865.0,28954.0,5911.0,52528.0,0.8503119579568695,0.3989449955946128,0.6010550044053872,0.036902269060451,0.0212602840044397,0.4866408064719142,0.1160161569004382,0.3313079994965272,0.0676369960980856,537,1.0,0.058162553064890696,0.14968804204313046
124,2015,Alwyn Colony,38907.09,,,,,,,,,,,,,,,,,,,,,,,,,,,,,,,,,,,,,,,,,,,,,,,,,,,,,,,,,,,,
124,2018,Alwyn Colony,39826.76,,,,,,,,,,,,,,,,,,,,,,,,,,,,,,,,,,,,,,,,,,,,,,,,,,,,,,,,,,,,
124,2021,Alwyn Colony,,2021-22,,,,,,,,,,,,,,,0.0,1.0,1.0,1.0,1.0,1.0,1.0,1.0,1.0,1.0,1.0,1.0,1.0,1.0,1.0,,,,,,,,,,,,,,,,,,,,,,,,,,,,,,
124,2023,Alwyn Colony,,2023-24,,,,,,,,,,,,,,,0.0,1.0,1.0,1.0,1.0,1.0,1.0,1.0,1.0,1.0,1.0,1.0,1.0,1.0,1.0,,,1.0,1.0,,,,,,,,,,,,,,,,,,,,,,,,,,
125,2011,Gajularamaram,,,,,,,,,,,,,,,,,,,,,,,,,,,,,,,,,,,,58278.0,29983.0,28295.0,13135.0,8397.0,5222.0,663.0,36626.0,21652.0,20826.0,18381.0,2445.0,37452.0,0.7342675567851487,0.3573561206630289,0.6426438793369711,0.0896049967397645,0.0113765057139915,0.4855176910669549,0.1440852465767528,0.3154020385050962,0.0419540821579326,537,1.0,0.100981502453756,0.26573244321485134
125,2015,Gajularamaram,67654.38,,,,,,,,,,,,,,,,,,,,,,,,,,,,,,,,,,,,,,,,,,,,,,,,,,,,,,,,,,,,
125,2018,Gajularamaram,69265.83,,,,,,,,,,,,,,,,,,,,,,,,,,,,,,,,,,,,,,,,,,,,,,,,,,,,,,,,,,,,
125,2021,Gajularamaram,,2021-22,,,,,,,,,,,,,,,0.0,1.0,1.0,1.0,1.0,1.0,1.0,1.0,1.0,1.0,1.0,1.0,1.0,1.0,1.0,,,,,,,,,,,,,,,,,,,,,,,,,,,,,,
125,2023,Gajularamaram,,2023-24,,,,,,,,,,,,,,,0.0,1.0,1.0,1.0,1.0,1.0,1.0,1.0,1.0,1.0,1.0,1.0,1.0,1.0,1.0,,,1.0,1.0,,,,,,,,,,,,,,,,,,,,,,,,,,
126,2011,Jagathgirigutta,,,,,,,,,,,,,,,,,,,,,,,,,,,,,,,,,,,,56774.0,29244.0,27530.0,13491.0,7703.0,3841.0,596.0,39108.0,17666.0,20767.0,18273.0,2494.0,36007.0,0.796967659106193,0.3657836333532955,0.6342163666467044,0.0676542079120724,0.0104977630605558,0.4849050621763483,0.1356783034487617,0.3218550745059358,0.0439285588473597,537,1.0,0.0781519709726282,0.20303234089380695
126,2015,Jagathgirigutta,22289.25,,,,,,,,,,,,,,,,,,,,,,,,,,,,,,,,,,,,,,,,,,,,,,,,,,,,,,,,,,,,
126,2018,Jagathgirigutta,22868.74,,,,,,,,,,,,,,,,,,,,,,,,,,,,,,,,,,,,,,,,,,,,,,,,,,,,,,,,,,,,
126,2021,Jagathgirigutta,,2021-22,,,,,,,,,,,,,,,0.0,1.0,1.0,1.0,1.0,1.0,1.0,1.0,1.0,1.0,1.0,1.0,1.0,1.0,1.0,,,,,,,,,,,,,,,,,,,,,,,,,,,,,,
126,2023,Jagathgirigutta,,2023-24,,,,,,,,,,,,,,,0.0,1.0,1.0,1.0,1.0,1.0,1.0,1.0,1.0,1.0,1.0,1.0,1.0,1.0,1.0,,,1.0,1.0,,,,,,,,,,,,,,,,,,,,,,,,,,
127,2011,Rangareddy Nagar,,,,,,,,,,,,,,,,,,,,,,,,,,,,,,,,,,,,48437.0,25143.0,23294.0,12356.0,5863.0,3918.0,679.0,35903.0,12534.0,19922.0,16964.0,2958.0,28515.0,0.8433081223281815,0.4112971488737948,0.5887028511262051,0.0808885769143423,0.0140182092202242,0.480913351363627,0.1210438301298594,0.3502281313871627,0.0610690174866321,537,1.0,0.0949067861345665,0.15669187767181847
127,2015,Rangareddy Nagar,27783.78,,,,,,,,,,,,,,,,,,,,,,,,,,,,,,,,,,,,,,,,,,,,,,,,,,,,,,,,,,,,
127,2018,Rangareddy Nagar,28485.25,,,,,,,,,,,,,,,,,,,,,,,,,,,,,,,,,,,,,,,,,,,,,,,,,,,,,,,,,,,,
127,2021,Rangareddy Nagar,,2021-22,,,,,,,,,,,,,,,0.0,1.0,1.0,1.0,1.0,1.0,1.0,1.0,1.0,1.0,1.0,1.0,1.0,1.0,1.0,,,,,,,,,,,,,,,,,,,,,,,,,,,,,,
127,2023,Rangareddy Nagar,,2023-24,,,,,,,,,,,,,,,0.0,1.0,1.0,1.0,1.0,1.0,1.0,1.0,1.0,1.0,1.0,1.0,1.0,1.0,1.0,,,1.0,1.0,,,,,,,,,,,,,,,,,,,,,,,,,,
128,2011,Chintal,,,,,,,,,,,,,,,,,,,,,,,,,,,,,,,,,,,,55187.0,28559.0,26628.0,14016.0,7035.0,3726.0,1382.0,40296.0,14891.0,21950.0,18097.0,3853.0,33237.0,0.8368499750789168,0.3977385978581912,0.6022614021418088,0.0675159004838096,0.0250421294870168,0.4825049377570805,0.127475673618787,0.3279214307717397,0.0698171670864515,537,1.0,0.09255802997082639,0.16315002492108321
128,2015,Chintal,17152.03,,,,,,,,,,,,,,,,,,,,,,,,,,,,,,,,,,,,,,,,,,,,,,,,,,,,,,,,,,,,
128,2018,Chintal,17553.78,,,,,,,,,,,,,,,,,,,,,,,,,,,,,,,,,,,,,,,,,,,,,,,,,,,,,,,,,,,,
128,2021,Chintal,,2021-22,,,,,,,,,,,,,,,0.0,1.0,1.0,1.0,1.0,1.0,1.0,1.0,1.0,1.0,1.0,1.0,1.0,1.0,1.0,,,,,,,,,,,,,,,,,,,,,,,,,,,,,,
128,2023,Chintal,,2023-24,,,,,,,,,,,,,,,0.0,1.0,1.0,1.0,1.0,1.0,1.0,1.0,1.0,1.0,1.0,1.0,1.0,1.0,1.0,,,1.0,1.0,,,,,,,,,,,,,,,,,,,,,,,,,,
129,2011,Suraram,,,,,,,,,,,,,,,,,,,,,,,,,,,,,,,,,,,,52956.0,27112.0,25844.0,13394.0,6691.0,3785.0,1362.0,37379.0,15577.0,21328.0,18299.0,3029.0,31628.0,0.8079325624121907,0.4027494523755571,0.597250547624443,0.0714744316035954,0.025719465216406,0.4880277966613792,0.1263501775058539,0.3455510234912002,0.0571984288843568,537,1.0,0.0971938968200014,0.1920674375878093
129,2015,Suraram,49796.61,,,,,,,,,,,,,,,,,,,,,,,,,,,,,,,,,,,,,,,,,,,,,,,,,,,,,,,,,,,,
129,2018,Suraram,50979.1,,,,,,,,,,,,,,,,,,,,,,,,,,,,,,,,,,,,,,,,,,,,,,,,,,,,,,,,,,,,
129,2021,Suraram,,2021-22,,,,,,,,,,,,,,,0.0,1.0,1.0,1.0,1.0,1.0,1.0,1.0,1.0,1.0,1.0,1.0,1.0,1.0,1.0,,,,,,,,,,,,,,,,,,,,,,,,,,,,,,
129,2023,Suraram,,2023-24,,,,,,,,,,,,,,,0.0,1.0,1.0,1.0,1.0,1.0,1.0,1.0,1.0,1.0,1.0,1.0,1.0,1.0,1.0,,,1.0,1.0,,,,,,,,,,,,,,,,,,,,,,,,,,
130,2011,Subash Nagar,,,,,,,,,,,,,,,,,,,,,,,,,,,,,,,,,,,,67032.0,34451.0,32581.0,17160.0,8344.0,4766.0,726.0,49609.0,17423.0,26731.0,22847.0,3884.0,40301.0,0.845300572519084,0.3987796873135219,0.6012203126864781,0.0711003699725504,0.0108306480486931,0.4860514381191073,0.1244778613199665,0.3408372120778136,0.0579424752357083,537,1.0,0.0819310180212435,0.15469942748091603
130,2015,Subash Nagar,70788.19,,,,,,,,,,,,,,,,,,,,,,,,,,,,,,,,,,,,,,,,,,,,,,,,,,,,,,,,,,,,
130,2018,Subash Nagar,72648.46,,,,,,,,,,,,,,,,,,,,,,,,,,,,,,,,,,,,,,,,,,,,,,,,,,,,,,,,,,,,
130,2021,Subash Nagar,,2021-22,,,,,,,,,,,,,,,0.0,1.0,1.0,1.0,1.0,1.0,1.0,1.0,1.0,1.0,1.0,1.0,1.0,1.0,1.0,,,,,,,,,,,,,,,,,,,,,,,,,,,,,,
130,2023,Subash Nagar,,2023-24,,,,,,,,,,,,,,,0.0,1.0,1.0,1.0,1.0,1.0,1.0,1.0,1.0,1.0,1.0,1.0,1.0,1.0,1.0,,,1.0,1.0,,,,,,,,,,,,,,,,,,,,,,,,,,
131,2011,Quthbullapur,,,,,,,,,,,,,,,,,,,,,,,,,,,,,,,,,,,,44990.0,22944.0,22046.0,11323.0,5583.0,2989.0,767.0,33822.0,11168.0,16476.0,14494.0,1982.0,28514.0,0.8582739107265207,0.3662147143809735,0.6337852856190265,0.0664369859968882,0.0170482329406534,0.4900200044454323,0.1240942431651478,0.3221604801066903,0.0440542342742831,537,1.0,0.0834852189375416,0.1417260892734793
131,2015,Quthbullapur,32193.79,,,,,,,,,,,,,,,,,,,,,,,,,,,,,,,,,,,,,,,,,,,,,,,,,,,,,,,,,,,,
131,2018,Quthbullapur,33010.55,,,,,,,,,,,,,,,,,,,,,,,,,,,,,,,,,,,,,,,,,,,,,,,,,,,,,,,,,,,,
131,2021,Quthbullapur,,2021-22,,,,,,,,,,,,,,,0.0,1.0,1.0,1.0,1.0,1.0,1.0,1.0,1.0,1.0,1.0,1.0,1.0,1.0,1.0,,,,,,,,,,,,,,,,,,,,,,,,,,,,,,
131,2023,Quthbullapur,,2023-24,,,,,,,,,,,,,,,0.0,1.0,1.0,1.0,1.0,1.0,1.0,1.0,1.0,1.0,1.0,1.0,1.0,1.0,1.0,,,1.0,1.0,,,,,,,,,,,,,,,,,,,,,,,,,,
132,2011,Jeedimetla,,,,,,,,,,,,,,,,,,,,,,,,,,,,,,,,,,,,62237.0,31326.0,30911.0,14942.0,6544.0,11574.0,1023.0,48568.0,13669.0,25044.0,21231.0,3813.0,37193.0,0.8720665074605426,0.4023972877870077,0.5976027122129923,0.185966547230747,0.0164371676012661,0.4966659704034577,0.1051464562880601,0.3411314812731976,0.0612658065138101,537,1.0,0.20240371483201308,0.1279334925394574
132,2015,Jeedimetla,78200.71,,,,,,,,,,,,,,,,,,,,,,,,,,,,,,,,,,,,,,,,,,,,,,,,,,,,,,,,,,,,
132,2018,Jeedimetla,79908.91,,,,,,,,,,,,,,,,,,,,,,,,,,,,,,,,,,,,,,,,,,,,,,,,,,,,,,,,,,,,
132,2021,Jeedimetla,,2021-22,,,,,,,,,,,,,,,0.0,1.0,1.0,1.0,1.0,1.0,1.0,1.0,1.0,1.0,1.0,1.0,1.0,1.0,1.0,,,,,,,,,,,,,,,,,,,,,,,,,,,,,,
132,2023,Jeedimetla,,2023-24,,,,,,,,,,,,,,,0.0,1.0,1.0,1.0,1.0,1.0,1.0,1.0,1.0,1.0,1.0,1.0,1.0,1.0,1.0,,,1.0,1.0,,,,,,,,,,,,,,,,,,,,,,,,,,
133,2011,Macha Bolarum,,,,,,,,,,,,,,,,,,,,,,,,,,,,,,,,,,,,57310.0,28949.0,28361.0,13387.0,6356.0,8245.0,890.0,43087.0,14223.0,22562.0,17868.0,4694.0,34748.0,0.8456058405620756,0.3936834758331879,0.606316524166812,0.143866689931949,0.0155295759902285,0.4948700052346885,0.1109056011167335,0.3117780492060722,0.0819054266271156,537,1.0,0.1593962659221775,0.15439415943792445
133,2015,Macha Bolarum,97661.78,,,,,,,,,,,,,,,,,,,,,,,,,,,,,,,,,,,,,,,,,,,,,,,,,,,,,,,,,,,,
133,2018,Macha Bolarum,99933.64,,,,,,,,,,,,,,,,,,,,,,,,,,,,,,,,,,,,,,,,,,,,,,,,,,,,,,,,,,,,
133,2021,Macha Bolarum,,2021-22,,,,,,,,,,,,,,,0.0,1.0,1.0,1.0,1.0,1.0,1.0,1.0,1.0,1.0,1.0,1.0,1.0,1.0,1.0,,,,,,,,,,,,,,,,,,,,,,,,,,,,,,
133,2023,Macha Bolarum,,2023-24,,,,,,,,,,,,,,,0.0,1.0,1.0,1.0,1.0,1.0,1.0,1.0,1.0,1.0,1.0,1.0,1.0,1.0,1.0,,,1.0,1.0,,,,,,,,,,,,,,,,,,,,,,,,,,
134,2011,Alwal,,,,,,,,,,,,,,,,,,,,,,,,,,,,,,,,,,,,42870.0,21394.0,21476.0,10455.0,4103.0,9484.0,509.0,33960.0,8910.0,15942.0,13266.0,2676.0,26928.0,0.876002785874584,0.3718684394681595,0.6281315605318405,0.2212269652437602,0.011873104735246,0.5009563797527409,0.0957079542803825,0.3094471658502449,0.0624212736179146,537,2.0,0.2331000699790062,0.12399721412541598
134,2015,Alwal,43731.87,,,,,,,,,,,,,,,,,,,,,,,,,,,,,,,,,,,,,,,,,,,,,,,,,,,,,,,,,,,,
134,2018,Alwal,44763.0,,,,,,,,,,,,,,,,,,,,,,,,,,,,,,,,,,,,,,,,,,,,,,,,,,,,,,,,,,,,
134,2021,Alwal,,2021-22,,,,,,,,,,,,,,,0.0,1.0,1.0,1.0,1.0,1.0,1.0,1.0,1.0,1.0,1.0,1.0,1.0,1.0,1.0,,,,,,,,,,,,,,,,,,,,,,,,,,,,,,
134,2023,Alwal,,2023-24,,,,,,,,,,,,,,,0.0,1.0,1.0,1.0,1.0,1.0,1.0,1.0,1.0,1.0,1.0,1.0,1.0,1.0,1.0,,,1.0,1.0,,,,,,,,,,,,,,,,,,,,,,,,,,
135,2011,Venkatapuram,,,,,,,,,,,,,,,,,,,,,,,,,,,,,,,,,,,,51033.0,25438.0,25595.0,12482.0,4940.0,4704.0,874.0,39900.0,11133.0,20571.0,15559.0,5012.0,30462.0,0.8656412036534832,0.4030921168655575,0.5969078831344424,0.092175651049321,0.0171261732604393,0.5015382203672134,0.0968001097329179,0.3048811553308643,0.0982109615346932,537,1.0,0.1093018243097603,0.13435879634651682
135,2015,Venkatapuram,39571.04,,,,,,,,,,,,,,,,,,,,,,,,,,,,,,,,,,,,,,,,,,,,,,,,,,,,,,,,,,,,
135,2018,Venkatapuram,40534.32,,,,,,,,,,,,,,,,,,,,,,,,,,,,,,,,,,,,,,,,,,,,,,,,,,,,,,,,,,,,
135,2021,Venkatapuram,,2021-22,,,,,,,,,,,,,,,0.0,1.0,1.0,1.0,1.0,1.0,1.0,1.0,1.0,1.0,1.0,1.0,1.0,1.0,1.0,,,,,,,,,,,,,,,,,,,,,,,,,,,,,,
135,2023,Venkatapuram,,2023-24,,,,,,,,,,,,,,,0.0,1.0,1.0,1.0,1.0,1.0,1.0,1.0,1.0,1.0,1.0,1.0,1.0,1.0,1.0,,,1.0,1.0,,,,,,,,,,,,,,,,,,,,,,,,,,
136,2011,Neredmet,,,,,,,,,,,,,,,,,,,,,,,,,,,,,,,,,,,,61858.0,31189.0,30669.0,14704.0,6903.0,3075.0,704.0,46722.0,15136.0,23961.0,18493.0,5468.0,37897.0,0.8501865162405604,0.3873549096317372,0.6126450903682628,0.0497106275663616,0.0113809046525914,0.4957968249862589,0.1115942966148275,0.2989589058812118,0.0883960037505253,537,1.0,0.061091532218953,0.1498134837594396
136,2015,Neredmet,82836.62,,,,,,,,,,,,,,,,,,,,,,,,,,,,,,,,,,,,,,,,,,,,,,,,,,,,,,,,,,,,
136,2018,Neredmet,84740.89,,,,,,,,,,,,,,,,,,,,,,,,,,,,,,,,,,,,,,,,,,,,,,,,,,,,,,,,,,,,
136,2021,Neredmet,,2021-22,,,,,,,,,,,,,,,0.0,1.0,1.0,1.0,1.0,1.0,1.0,1.0,1.0,1.0,1.0,1.0,1.0,1.0,1.0,,,,,,,,,,,,,,,,,,,,,,,,,,,,,,
136,2023,Neredmet,,2023-24,,,,,,,,,,,,,,,0.0,1.0,1.0,1.0,1.0,1.0,1.0,1.0,1.0,1.0,1.0,1.0,1.0,1.0,1.0,,,1.0,1.0,,,,,,,,,,,,,,,,,,,,,,,,,,
137,2011,Vinayak Nagar,,,,,,,,,,,,,,,,,,,,,,,,,,,,,,,,,,,,54205.0,27347.0,26858.0,13413.0,5125.0,3771.0,386.0,44122.0,10083.0,21284.0,17614.0,3670.0,32921.0,0.8989812550937245,0.3926575039203026,0.6073424960796975,0.0695692279310026,0.0071211142883497,0.4954893460012914,0.0945484733880638,0.3249515727331427,0.0677059311871598,537,1.0,0.07669034221935231,0.10101874490627549
137,2015,Vinayak Nagar,34481.49,,,,,,,,,,,,,,,,,,,,,,,,,,,,,,,,,,,,,,,,,,,,,,,,,,,,,,,,,,,,
137,2018,Vinayak Nagar,35322.42,,,,,,,,,,,,,,,,,,,,,,,,,,,,,,,,,,,,,,,,,,,,,,,,,,,,,,,,,,,,
137,2021,Vinayak Nagar,,2021-22,,,,,,,,,,,,,,,0.0,1.0,1.0,1.0,1.0,1.0,1.0,1.0,1.0,1.0,1.0,1.0,1.0,1.0,1.0,,,,,,,,,,,,,,,,,,,,,,,,,,,,,,
137,2023,Vinayak Nagar,,2023-24,,,,,,,,,,,,,,,0.0,1.0,1.0,1.0,1.0,1.0,1.0,1.0,1.0,1.0,1.0,1.0,1.0,1.0,1.0,,,1.0,1.0,,,,,,,,,,,,,,,,,,,,,,,,,,
138,2011,Moula Ali,,,,,,,,,,,,,,,,,,,,,,,,,,,,,,,,,,,,48990.0,24581.0,24409.0,12111.0,4625.0,4823.0,1398.0,38352.0,10638.0,20404.0,15921.0,4483.0,28586.0,0.8644652316014877,0.4164931618697693,0.5835068381302306,0.0984486629924474,0.0285364360073484,0.49824453970198,0.094407021841192,0.3249846907532149,0.0915084711165544,537,1.0,0.1269850989997958,0.1355347683985123
138,2015,Moula Ali,48380.8,,,,,,,,,,,,,,,,,,,,,,,,,,,,,,,,,,,,,,,,,,,,,,,,,,,,,,,,,,,,
138,2018,Moula Ali,49520.0,,,,,,,,,,,,,,,,,,,,,,,,,,,,,,,,,,,,,,,,,,,,,,,,,,,,,,,,,,,,
138,2021,Moula Ali,,2021-22,,,,,,,,,,,,,,,0.0,1.0,1.0,1.0,1.0,1.0,1.0,1.0,1.0,1.0,1.0,1.0,1.0,1.0,1.0,,,,,,,,,,,,,,,,,,,,,,,,,,,,,,
138,2023,Moula Ali,,2023-24,,,,,,,,,,,,,,,0.0,1.0,1.0,1.0,1.0,1.0,1.0,1.0,1.0,1.0,1.0,1.0,1.0,1.0,1.0,,,1.0,1.0,,,,,,,,,,,,,,,,,,,,,,,,,,
139,2011,East Anand Bagh,,,,,,,,,,,,,,,,,,,,,,,,,,,,,,,,,,,,51642.0,26223.0,25419.0,12478.0,5522.0,6834.0,1144.0,40709.0,10933.0,19647.0,16093.0,3554.0,31995.0,0.8826756287944493,0.3804461484837922,0.6195538515162078,0.1323341466248402,0.0221525115216296,0.4922156384338329,0.1069284690755586,0.311626195732156,0.0688199527516362,537,1.0,0.15448665814646978,0.11732437120555073
139,2015,East Anand Bagh,49890.59,,,,,,,,,,,,,,,,,,,,,,,,,,,,,,,,,,,,,,,,,,,,,,,,,,,,,,,,,,,,
139,2018,East Anand Bagh,51034.28,,,,,,,,,,,,,,,,,,,,,,,,,,,,,,,,,,,,,,,,,,,,,,,,,,,,,,,,,,,,
139,2021,East Anand Bagh,,2021-22,,,,,,,,,,,,,,,0.0,1.0,1.0,1.0,1.0,1.0,1.0,1.0,1.0,1.0,1.0,1.0,1.0,1.0,1.0,,,,,,,,,,,,,,,,,,,,,,,,,,,,,,
139,2023,East Anand Bagh,,2023-24,,,,,,,,,,,,,,,0.0,1.0,1.0,1.0,1.0,1.0,1.0,1.0,1.0,1.0,1.0,1.0,1.0,1.0,1.0,,,1.0,1.0,,,,,,,,,,,,,,,,,,,,,,,,,,
140,2011,Malkajgiri,,,,,,,,,,,,,,,,,,,,,,,,,,,,,,,,,,,,52831.0,26365.0,26466.0,13038.0,5218.0,7986.0,705.0,41425.0,11406.0,18950.0,14857.0,4093.0,33881.0,0.8700354945078025,0.358690920103727,0.6413090798962731,0.1511612500236603,0.0133444379247032,0.5009558781775851,0.0987677689235486,0.2812174670174708,0.0774734530862561,536,1.0,0.16450568794836348,0.1299645054921975
140,2015,Malkajgiri,33370.97,,,,,,,,,,,,,,,,,,,,,,,,,,,,,,,,,,,,,,,,,,,,,,,,,,,,,,,,,,,,
140,2018,Malkajgiri,34178.3,,,,,,,,,,,,,,,,,,,,,,,,,,,,,,,,,,,,,,,,,,,,,,,,,,,,,,,,,,,,
140,2021,Malkajgiri,,2021-22,,,,,,,,,,,,,,,0.0,1.0,1.0,1.0,1.0,1.0,1.0,1.0,1.0,1.0,1.0,1.0,1.0,1.0,1.0,,,,,,,,,,,,,,,,,,,,,,,,,,,,,,
140,2023,Malkajgiri,,2023-24,,,,,,,,,,,,,,,0.0,1.0,1.0,1.0,1.0,1.0,1.0,1.0,1.0,1.0,1.0,1.0,1.0,1.0,1.0,,,1.0,1.0,,,,,,,,,,,,,,,,,,,,,,,,,,
141,2011,Gautham Nagar,,,,,,,,,,,,,,,,,,,,,,,,,,,,,,,,,,,,33742.0,16926.0,16816.0,8205.0,2819.0,5313.0,1379.0,27153.0,6589.0,12440.0,10514.0,1926.0,21302.0,0.8780842738414772,0.3686799834034734,0.6313200165965266,0.1574595459664513,0.040868946713295,0.4983699839962065,0.08354572935807,0.3115997866160868,0.0570801967873866,536,1.0,0.19832849267974628,0.12191572615852275
141,2015,Gautham Nagar,28879.35,,,,,,,,,,,,,,,,,,,,,,,,,,,,,,,,,,,,,,,,,,,,,,,,,,,,,,,,,,,,
141,2018,Gautham Nagar,29610.4,,,,,,,,,,,,,,,,,,,,,,,,,,,,,,,,,,,,,,,,,,,,,,,,,,,,,,,,,,,,
141,2021,Gautham Nagar,,2021-22,,,,,,,,,,,,,,,0.0,1.0,1.0,1.0,1.0,1.0,1.0,1.0,1.0,1.0,1.0,1.0,1.0,1.0,1.0,,,,,,,,,,,,,,,,,,,,,,,,,,,,,,
141,2023,Gautham Nagar,,2023-24,,,,,,,,,,,,,,,0.0,1.0,1.0,1.0,1.0,1.0,1.0,1.0,1.0,1.0,1.0,1.0,1.0,1.0,1.0,,,1.0,1.0,,,,,,,,,,,,,,,,,,,,,,,,,,
142,2011,Addagutta,,,,,,,,,,,,,,,,,,,,,,,,,,,,,,,,,,,,24089.0,12253.0,11836.0,5591.0,2646.0,1693.0,263.0,18167.0,5922.0,10293.0,8314.0,1979.0,13796.0,0.8472228699342442,0.4272904645273776,0.5727095354726224,0.0702810411391091,0.010917846319897,0.4913445971190169,0.1098426667773672,0.3451367844244261,0.0821536801029515,536,1.0,0.08119888745900611,0.15277713006575577
142,2015,Addagutta,26225.77,,,,,,,,,,,,,,,,,,,,,,,,,,,,,,,,,,,,,,,,,,,,,,,,,,,,,,,,,,,,
142,2018,Addagutta,26831.0,,,,,,,,,,,,,,,,,,,,,,,,,,,,,,,,,,,,,,,,,,,,,,,,,,,,,,,,,,,,
142,2021,Addagutta,,2021-22,58.0,19681.0,759.0,444.0,1.0344827586206895,1.103448275862069,1.4310344827586208,1.3275862068965518,1.0862068965517242,1.1551724137931034,0.0689655172413793,1.2241379310344829,0.1551724137931034,25.930171277997363,1.0,0.0,0.0,0.0,0.0,0.0,0.0,0.0,0.0,0.0,0.0,0.0,0.0,0.0,0.0,,,,,,,,,,,,,,,,,,,,,,,,,,,,,,
142,2023,Addagutta,,2023-24,55.0,25201.0,804.0,737.0,1.0,1.0545454545454545,1.4363636363636365,1.2363636363636363,1.2181818181818185,1.1090909090909091,11.036363636363635,1.2363636363636363,0.1636363636363636,31.34452736318408,1.0,0.0,0.0,0.0,0.0,0.0,0.0,0.0,0.0,0.0,0.0,0.0,0.0,0.0,0.0,1.5818181818181818,7.909090909090909,0.0,0.0,,,,,,,,,,,,,,,,,,,,,,,,,,
143,2011,Tarnaka,,,,,,,,,,,,,,,,,,,,,,,,,,,,,,,,,,,,52527.0,26748.0,25779.0,12324.0,6048.0,1865.0,208.0,39931.0,12596.0,19131.0,16051.0,3080.0,33396.0,0.8591191720992276,0.3642126906162545,0.6357873093837455,0.0355055495269099,0.0039598682582291,0.4907761722542692,0.1151407847392769,0.3055761798694005,0.058636510746854,536,1.0,0.039465417785139,0.1408808279007724
143,2015,Tarnaka,34480.91,,,,,,,,,,,,,,,,,,,,,,,,,,,,,,,,,,,,,,,,,,,,,,,,,,,,,,,,,,,,
143,2018,Tarnaka,35300.17,,,,,,,,,,,,,,,,,,,,,,,,,,,,,,,,,,,,,,,,,,,,,,,,,,,,,,,,,,,,
143,2021,Tarnaka,,2021-22,50.0,17687.0,778.0,444.0,1.0,1.18,1.4,1.28,1.08,1.22,0.02,1.2,0.16,22.73393316195373,1.0,0.0,0.0,0.0,0.0,0.0,0.0,0.0,0.0,0.0,0.0,0.0,0.0,0.0,0.0,,,,,,,,,,,,,,,,,,,,,,,,,,,,,,
143,2023,Tarnaka,,2023-24,42.0,25394.0,769.0,582.0,1.0,1.1428571428571428,1.4047619047619049,1.4523809523809523,1.1904761904761905,1.0952380952380951,12.261904761904765,1.261904761904762,0.1904761904761904,33.022106631989594,1.0,0.0,0.0,0.0,0.0,0.0,0.0,0.0,0.0,0.0,0.0,0.0,0.0,0.0,0.0,1.5952380952380951,8.642857142857142,0.0,0.0,,,,,,,,,,,,,,,,,,,,,,,,,,
144,2011,Mettuguda,,,,,,,,,,,,,,,,,,,,,,,,,,,,,,,,,,,,34190.0,17184.0,17006.0,8075.0,3701.0,2095.0,662.0,26737.0,7453.0,12073.0,10204.0,1869.0,22117.0,0.8769392239824199,0.3531149458906112,0.6468850541093887,0.0612752266744662,0.0193623866627668,0.4973968996782685,0.10824802573852,0.2984498391342498,0.0546651067563615,536,1.0,0.080637613337233,0.12306077601758014
144,2015,Mettuguda,40192.74,,,,,,,,,,,,,,,,,,,,,,,,,,,,,,,,,,,,,,,,,,,,,,,,,,,,,,,,,,,,
144,2018,Mettuguda,41079.81,,,,,,,,,,,,,,,,,,,,,,,,,,,,,,,,,,,,,,,,,,,,,,,,,,,,,,,,,,,,
144,2021,Mettuguda,,2021-22,8.0,1066.0,72.0,51.0,1.0,1.125,1.5,1.125,1.125,1.375,0.0,1.75,0.25,14.805555555555555,1.0,0.0,0.0,0.0,0.0,0.0,0.0,0.0,0.0,0.0,0.0,0.0,0.0,0.0,0.0,,,,,,,,,,,,,,,,,,,,,,,,,,,,,,
144,2023,Mettuguda,,2023-24,8.0,1860.0,68.0,71.0,1.0,1.0,1.375,1.5,1.125,1.375,3.875,1.625,0.25,27.352941176470587,1.0,0.0,0.0,0.0,0.0,0.0,0.0,0.0,0.0,0.0,0.0,0.0,0.0,0.0,0.0,3.0,7.25,0.0,0.0,,,,,,,,,,,,,,,,,,,,,,,,,,
145,2011,Seethaphalmandi,,,,,,,,,,,,,,,,,,,,,,,,,,,,,,,,,,,,34659.0,16654.0,18005.0,8240.0,3380.0,5062.0,258.0,26156.0,8503.0,13969.0,11022.0,2947.0,20690.0,0.8362159915598325,0.4030410571568712,0.5969589428431288,0.1460515306269655,0.0074439539513546,0.5194898871865894,0.0975215672696846,0.3180126374101965,0.0850284197466747,536,1.0,0.1534954845783201,0.1637840084401675
145,2015,Seethaphalmandi,15007.87,,,,,,,,,,,,,,,,,,,,,,,,,,,,,,,,,,,,,,,,,,,,,,,,,,,,,,,,,,,,
145,2018,Seethaphalmandi,15400.34,,,,,,,,,,,,,,,,,,,,,,,,,,,,,,,,,,,,,,,,,,,,,,,,,,,,,,,,,,,,
145,2021,Seethaphalmandi,,2021-22,8.0,2573.0,156.0,71.0,1.125,1.125,1.5,1.5,1.125,1.25,0.125,1.625,0.125,16.493589743589745,1.0,0.0,0.0,0.0,0.0,0.0,0.0,0.0,0.0,0.0,0.0,0.0,0.0,0.0,0.0,,,,,,,,,,,,,,,,,,,,,,,,,,,,,,
145,2023,Seethaphalmandi,,2023-24,9.0,5160.0,164.0,130.0,1.1111111111111112,1.1111111111111112,1.5555555555555556,1.4444444444444444,1.2222222222222223,1.2222222222222223,7.777777777777778,1.5555555555555556,0.1111111111111111,31.463414634146343,1.0,0.0,0.0,0.0,0.0,0.0,0.0,0.0,0.0,0.0,0.0,0.0,0.0,0.0,0.0,2.7777777777777777,5.888888888888889,0.0,0.0,,,,,,,,,,,,,,,,,,,,,,,,,,
146,2011,Boudha Nagar,,,,,,,,,,,,,,,,,,,,,,,,,,,,,,,,,,,,29920.0,15171.0,14749.0,6909.0,2971.0,4239.0,155.0,22455.0,7465.0,12079.0,9882.0,2197.0,17841.0,0.8332405655126349,0.4037098930481283,0.5962901069518717,0.141677807486631,0.0051804812834224,0.4929478609625668,0.099298128342246,0.3302807486631016,0.0734291443850267,536,1.0,0.1468582887700534,0.16675943448736508
146,2015,Boudha Nagar,12776.8,,,,,,,,,,,,,,,,,,,,,,,,,,,,,,,,,,,,,,,,,,,,,,,,,,,,,,,,,,,,
146,2018,Boudha Nagar,13114.85,,,,,,,,,,,,,,,,,,,,,,,,,,,,,,,,,,,,,,,,,,,,,,,,,,,,,,,,,,,,
146,2021,Boudha Nagar,,2021-22,42.0,10717.0,491.0,505.0,1.0,1.0,1.7142857142857142,1.0476190476190477,1.261904761904762,1.5,3.2142857142857144,1.0,0.1904761904761904,21.826883910386965,1.0,0.0,0.0,0.0,0.0,0.0,0.0,0.0,0.0,0.0,0.0,0.0,0.0,0.0,0.0,,,,,,,,,,,,,,,,,,,,,,,,,,,,,,
146,2023,Boudha Nagar,,2023-24,40.0,18236.0,484.0,514.0,1.0,1.0,1.8,1.15,1.35,1.225,4.675,1.025,0.2,37.67768595041322,1.0,0.0,0.0,0.0,0.0,0.0,0.0,0.0,0.0,0.0,0.0,0.0,0.0,0.0,0.0,1.6,8.45,0.0,0.0,,,,,,,,,,,,,,,,,,,,,,,,,,
147,2011,Bansilapet,,,,,,,,,,,,,,,,,,,,,,,,,,,,,,,,,,,,41336.0,21092.0,20244.0,9489.0,4005.0,2510.0,61.0,33104.0,8232.0,15621.0,12913.0,2708.0,25715.0,0.8867697088210871,0.3779030385136442,0.6220969614863557,0.0607218889103928,0.0014757112444358,0.4897425972517902,0.0968889103928778,0.3123911360557383,0.0655119024579059,536,1.0,0.0621976001548286,0.11323029117891292
147,2015,Bansilapet,31269.28,,,,,,,,,,,,,,,,,,,,,,,,,,,,,,,,,,,,,,,,,,,,,,,,,,,,,,,,,,,,
147,2018,Bansilapet,32042.52,,,,,,,,,,,,,,,,,,,,,,,,,,,,,,,,,,,,,,,,,,,,,,,,,,,,,,,,,,,,
147,2021,Bansilapet,,2021-22,31.0,5259.0,222.0,277.0,1.064516129032258,1.1612903225806452,1.2580645161290325,1.2580645161290325,1.3225806451612905,1.4193548387096775,2.935483870967742,1.4193548387096775,0.4193548387096774,23.68918918918919,1.0,0.0,0.0,0.0,0.0,0.0,0.0,0.0,0.0,0.0,0.0,0.0,0.0,0.0,0.0,,,,,,,,,,,,,,,,,,,,,,,,,,,,,,
147,2023,Bansilapet,,2023-24,31.0,9273.0,220.0,269.0,1.0,1.1290322580645162,1.4193548387096775,1.096774193548387,1.3870967741935485,1.4193548387096775,5.129032258064516,1.4838709677419355,0.4193548387096774,42.15,1.0,0.0,0.0,0.0,0.0,0.0,0.0,0.0,0.0,0.0,0.0,0.0,0.0,0.0,0.0,1.2580645161290325,7.096774193548387,0.0,0.0,,,,,,,,,,,,,,,,,,,,,,,,,,
148,2011,Ramgopalpet,,,,,,,,,,,,,,,,,,,,,,,,,,,,,,,,,,,,51326.0,26059.0,25267.0,12383.0,5326.0,4038.0,753.0,37674.0,13652.0,20762.0,16005.0,4757.0,30564.0,0.819,0.4045123329306784,0.5954876670693215,0.0786735767447297,0.0146709270155476,0.492284612087441,0.1037680707633558,0.3118302614659237,0.0926820714647547,536; 537,2.0,0.09334450376027731,0.18100000000000005
148,2015,Ramgopalpet,25469.98,,,,,,,,,,,,,,,,,,,,,,,,,,,,,,,,,,,,,,,,,,,,,,,,,,,,,,,,,,,,
148,2018,Ramgopalpet,26102.64,,,,,,,,,,,,,,,,,,,,,,,,,,,,,,,,,,,,,,,,,,,,,,,,,,,,,,,,,,,,
148,2021,Ramgopalpet,,2021-22,16.0,3888.0,140.0,112.0,1.0625,1.125,1.25,1.5,1.1875,1.125,1.875,1.4375,0.375,27.77142857142857,1.0,0.0,0.0,0.0,0.0,0.0,0.0,0.0,0.0,0.0,0.0,0.0,0.0,0.0,0.0,,,,,,,,,,,,,,,,,,,,,,,,,,,,,,
148,2023,Ramgopalpet,,2023-24,17.0,5696.0,152.0,143.0,1.1176470588235294,1.0588235294117647,1.3529411764705883,1.1764705882352942,1.411764705882353,1.0588235294117647,5.0588235294117645,1.1176470588235294,0.3529411764705882,37.47368421052632,1.0,0.0,0.0,0.0,0.0,0.0,0.0,0.0,0.0,0.0,0.0,0.0,0.0,0.0,0.0,2.0,7.235294117647059,0.0,0.0,,,,,,,,,,,,,,,,,,,,,,,,,,
149,2011,Begumpet,,,,,,,,,,,,,,,,,,,,,,,,,,,,,,,,,,,,31948.0,15796.0,16152.0,8050.0,2920.0,3142.0,189.0,25108.0,6840.0,13158.0,10162.0,2996.0,18790.0,0.8649579716136144,0.411856767246776,0.588143232753224,0.098347314385877,0.0059158632778264,0.5055715537748842,0.0913985225992237,0.3180793789908601,0.0937773882559158,536,1.0,0.1042631776637034,0.13504202838638557
149,2015,Begumpet,59578.2,,,,,,,,,,,,,,,,,,,,,,,,,,,,,,,,,,,,,,,,,,,,,,,,,,,,,,,,,,,,
149,2018,Begumpet,60886.48,,,,,,,,,,,,,,,,,,,,,,,,,,,,,,,,,,,,,,,,,,,,,,,,,,,,,,,,,,,,
149,2021,Begumpet,,2021-22,26.0,11032.0,574.0,438.0,1.0,1.0,1.3461538461538465,1.5384615384615383,1.2692307692307692,1.0,8.076923076923077,1.2307692307692308,0.1923076923076923,19.21951219512195,1.0,0.0,0.0,0.0,0.0,0.0,0.0,0.0,0.0,0.0,0.0,0.0,0.0,0.0,0.0,,,,,,,,,,,,,,,,,,,,,,,,,,,,,,
149,2023,Begumpet,,2023-24,25.0,17797.0,609.0,471.0,1.0,1.0,1.48,1.08,1.44,1.0,28.44,1.16,0.2,29.223316912972084,1.0,0.0,0.0,0.0,0.0,0.0,0.0,0.0,0.0,0.0,0.0,0.0,0.0,0.0,0.0,2.28,8.36,0.0,0.0,,,,,,,,,,,,,,,,,,,,,,,,,,
150,2011,Monda Market,,,,,,,,,,,,,,,,,,,,,,,,,,,,,,,,,,,,29932.0,14812.0,15120.0,7006.0,3340.0,7521.0,481.0,20872.0,9060.0,11353.0,9016.0,2337.0,18579.0,0.7848977135980746,0.3792930642790325,0.6207069357209676,0.2512695443004142,0.0160697581184017,0.5051449953227315,0.111586262194307,0.3012160898035547,0.0780769744754777,536,1.0,0.2673393024188159,0.2151022864019254
150,2015,Monda Market,37074.84,,,,,,,,,,,,,,,,,,,,,,,,,,,,,,,,,,,,,,,,,,,,,,,,,,,,,,,,,,,,
150,2018,Monda Market,37988.1,,,,,,,,,,,,,,,,,,,,,,,,,,,,,,,,,,,,,,,,,,,,,,,,,,,,,,,,,,,,
150,2021,Monda Market,,2021-22,60.0,26723.0,906.0,787.0,1.0333333333333334,1.0833333333333333,1.25,1.4833333333333334,1.2166666666666666,1.2833333333333334,5.45,1.5666666666666669,0.3,29.49558498896248,1.0,0.0,0.0,0.0,0.0,0.0,0.0,0.0,0.0,0.0,0.0,0.0,0.0,0.0,0.0,,,,,,,,,,,,,,,,,,,,,,,,,,,,,,
150,2023,Monda Market,,2023-24,57.0,35364.0,978.0,831.0,1.0350877192982455,1.0701754385964912,1.2982456140350878,1.2105263157894737,1.368421052631579,1.263157894736842,10.017543859649123,1.350877192982456,0.3157894736842105,36.15950920245399,1.0,0.0,0.0,0.0,0.0,0.0,0.0,0.0,0.0,0.0,0.0,0.0,0.0,0.0,0.0,1.719298245614035,6.684210526315789,0.0,0.0,,,,,,,,,,,,,,,,,,,,,,,,,,
