ward_id,ward_name_readme,udise2021_22_school_count,udise2021_22_student_count,udise2021_22_teacher_count,udise2021_22_classroom_count,udise2021_22_electricity_share,udise2021_22_library_share,udise2021_22_playground_share,udise2021_22_medical_checkup_share,udise2021_22_ramp_share,udise2021_22_internet_share,udise2021_22_computer_desktop_share,udise2021_22_boundary_wall_share,udise2021_22_government_school_share,udise2021_22_student_teacher_ratio,udise2021_22_data_available,udise2023_24_school_count,udise2023_24_student_count,udise2023_24_teacher_count,udise2023_24_classroom_count,udise2023_24_electricity_share,udise2023_24_drinking_water_share,udise2023_24_library_share,udise2023_24_playground_share,udise2023_24_medical_checkup_share,udise2023_24_ramp_share,udise2023_24_internet_share,udise2023_24_computer_desktop_share,udise2023_24_ict_lab_share,udise2023_24_boundary_wall_share,udise2023_24_government_school_share,udise2023_24_student_teacher_ratio,udise2023_24_data_available,udise2021_22_school_count_missing,udise2021_22_student_count_missing,udise2021_22_teacher_count_missing,udise2021_22_classroom_count_missing,udise2021_22_electricity_share_missing,udise2021_22_library_share_missing,udise2021_22_playground_share_missing,udise2021_22_medical_checkup_share_missing,udise2021_22_ramp_share_missing,udise2021_22_internet_share_missing,udise2021_22_computer_desktop_share_missing,udise2021_22_boundary_wall_share_missing,udise2021_22_government_school_share_missing,udise2021_22_student_teacher_ratio_missing,udise2023_24_school_count_missing,udise2023_24_student_count_missing,udise2023_24_teacher_count_missing,udise2023_24_classroom_count_missing,udise2023_24_electricity_share_missing,udise2023_24_drinking_water_share_missing,udise2023_24_library_share_missing,udise2023_24_playground_share_missing,udise2023_24_medical_checkup_share_missing,udise2023_24_ramp_share_missing,udise2023_24_internet_share_missing,udise2023_24_computer_desktop_share_missing,udise2023_24_ict_lab_share_missing,udise2023_24_boundary_wall_share_missing,udise2023_24_government_school_share_missing,udise2023_24_student_teacher_ratio_missing,udise_2021_2023_school_count_change,udise_2021_2023_school_count_pct_change,udise_2021_2023_student_count_change,udise_2021_2023_student_count_pct_change,udise_2021_2023_teacher_count_change,udise_2021_2023_teacher_count_pct_change,udise_2021_2023_classroom_count_change,udise_2021_2023_classroom_count_pct_change,udise_2021_2023_student_teacher_ratio_change,udise_2021_2023_student_teacher_ratio_pct_change,udise_2021_2023_internet_share_change,udise_2021_2023_internet_share_pct_change,udise_2021_2023_library_share_change,udise_2021_2023_library_share_pct_change,udise_2021_2023_playground_share_change,udise_2021_2023_playground_share_pct_change,udise_2021_2023_government_school_share_change,udise_2021_2023_government_school_share_pct_change,data_coverage_score,worldpop_status,geometry_status,worldpop_population_2015,worldpop_population_2018,worldpop_abs_growth_2015_2018,worldpop_pct_growth_2015_2018,worldpop_annualized_growth_2015_2018_pct,worldpop_data_status,worldpop_geometry_coverage_n,worldpop_geometry_coverage_total,census2011_population_verified,census2011_TOT_M,census2011_TOT_F,census2011_No_HH,census2011_P_06,census2011_P_SC,census2011_P_ST,census2011_P_LIT,census2011_P_ILL,census2011_TOT_WORK_P,census2011_MAINWORK_P,census2011_MARGWORK_P,census2011_NON_WORK_P,census2011_literacy_rate,census2011_work_participation_rate,census2011_non_worker_rate,census2011_sc_share,census2011_st_share,census2011_female_share,census2011_child_share,census2011_main_worker_share,census2011_marginal_worker_share,census2011_source_district,census2011_source_rows,census2011_sc_st_share,census2011_literacy_risk
1,Kapra,,,,,,,,,,,,,,,0,,,,,,,,,,,,,,,,,0,1,1,1,1,1,1,1,1,1,1,1,1,1,1,1,1,1,1,1,1,1,1,1,1,1,1,1,1,1,1,,,,,,,,,,,,,,,,,,,0.5,2015_2018_ingested; other_years_not_ingested; 5_wards_missing_geometry,150_WARD_ID_FRAMEWORK_LOCKED; POLYGON_FILE_REQUIRES_150_FEATURE_VALIDATION,82855.84,84781.39,1925.550000000003,2.3239761976946984,0.7687340690428757,observed_raster_aggregation,1,145,44149,22411,21738,10899,4553,3672,871,34890,9259,17074,13965,3109,27075,0.8811496110718254,0.3867358264060341,0.6132641735939659,0.0831728917982287,0.0197286461754513,0.4923780833087952,0.1031280436702983,0.316315205327414,0.0704206210786201,537,1,0.10290153797368,0.11885038892817457
2,Dr A S Rao Nagar,,,,,,,,,,,,,,,0,,,,,,,,,,,,,,,,,0,1,1,1,1,1,1,1,1,1,1,1,1,1,1,1,1,1,1,1,1,1,1,1,1,1,1,1,1,1,1,,,,,,,,,,,,,,,,,,,0.5,2015_2018_ingested; other_years_not_ingested; 5_wards_missing_geometry,150_WARD_ID_FRAMEWORK_LOCKED; POLYGON_FILE_REQUIRES_150_FEATURE_VALIDATION,57553.41,58902.19,1348.7799999999988,2.3435275164408136,0.7751517117908779,observed_raster_aggregation,1,145,59164,30605,28559,14510,7279,6078,2178,42478,16686,24260,20107,4153,34904,0.8186951912884264,0.4100466499898587,0.5899533500101413,0.1027313907105672,0.0368129267797985,0.4827090798458522,0.1230308971671962,0.3398519369887093,0.0701947130011493,537,2,0.1395443174903657,0.18130480871157362
3,Cherlapally,,,,,,,,,,,,,,,0,1.0,728.0,11.0,9.0,1.0,9.0,2.0,2.0,1.0,1.0,1.0,17.0,9.0,1.0,0.0,66.18181818181819,1,1,1,1,1,1,1,1,1,1,1,1,1,1,1,0,0,0,0,0,0,0,0,0,0,0,0,0,0,0,0,,,,,,,,,,,,,,,,,,,0.5,observed_raster_aggregation,150_WARD_ID_FRAMEWORK_LOCKED; POLYGON_FILE_150_FEATURES_VERIFIED,82983.91494603455,84926.88058839738,1942.965642362833,2.341376209626127,0.7744455938924144,missing_geometry,0,145,57747,29417,28330,14042,6589,9686,1743,42132,15615,22517,18112,4405,35230,0.8235662066538958,0.3899250177498398,0.6100749822501602,0.1677316570557777,0.0301833861499298,0.490588255666961,0.1141011654285071,0.3136439988224496,0.0762810189273901,537,1,0.1979150432057075,0.1764337933461042
4,Meerpet H.B Colony,,,,,,,,,,,,,,,0,,,,,,,,,,,,,,,,,0,1,1,1,1,1,1,1,1,1,1,1,1,1,1,1,1,1,1,1,1,1,1,1,1,1,1,1,1,1,1,,,,,,,,,,,,,,,,,,,0.25,observed_raster_aggregation,150_WARD_ID_FRAMEWORK_LOCKED; POLYGON_FILE_150_FEATURES_VERIFIED,18284.6550552845,18699.66634452343,415.01128923892975,2.2697244655921804,0.7509218708833476,missing_geometry,0,145,67130,34145,32985,16611,7682,6794,1561,50324,16806,26278,21575,4703,40852,0.8465213295653344,0.3914494264859228,0.6085505735140772,0.1012066140324743,0.0232533889468196,0.4913600476687025,0.1144346789810814,0.3213913302547296,0.0700580962311932,537,1,0.12446000297929391,0.15347867043466557
5,Mallapur,,,,,,,,,,,,,,,0,,,,,,,,,,,,,,,,,0,1,1,1,1,1,1,1,1,1,1,1,1,1,1,1,1,1,1,1,1,1,1,1,1,1,1,1,1,1,1,,,,,,,,,,,,,,,,,,,0.5,2015_2018_ingested; other_years_not_ingested; 5_wards_missing_geometry,150_WARD_ID_FRAMEWORK_LOCKED; POLYGON_FILE_REQUIRES_150_FEATURE_VALIDATION,58989.11,60398.24,1409.1299999999974,2.388796847418104,0.7900080534253062,observed_raster_aggregation,1,145,57688,29544,28144,14013,6633,6498,1435,41412,16276,21767,18512,3255,35921,0.8111252570757027,0.3773228401053945,0.6226771598946055,0.1126404104839828,0.0248751906809041,0.4878657606434614,0.1149805852170295,0.3208986270974899,0.0564242130079045,537,1,0.1375156011648869,0.1888747429242973
6,Nacharam,,,,,,,,,,,,,,,0,,,,,,,,,,,,,,,,,0,1,1,1,1,1,1,1,1,1,1,1,1,1,1,1,1,1,1,1,1,1,1,1,1,1,1,1,1,1,1,,,,,,,,,,,,,,,,,,,0.5,2015_2018_ingested; other_years_not_ingested; 5_wards_missing_geometry,150_WARD_ID_FRAMEWORK_LOCKED; POLYGON_FILE_REQUIRES_150_FEATURE_VALIDATION,55069.32,56410.02,1340.699999999997,2.434567922756259,0.8050246045147036,observed_raster_aggregation,1,145,52167,26057,26110,12750,5453,3193,1277,39473,12694,19197,17006,2191,32970,0.84499293573661,0.3679912588417965,0.6320087411582035,0.0612072766308202,0.0244790768110107,0.5005079839745433,0.1045296835163992,0.3259915272106887,0.0419997316311077,537,1,0.0856863534418309,0.15500706426338995
7,Chilka Nagar,,,,,,,,,,,,,,,0,,,,,,,,,,,,,,,,,0,1,1,1,1,1,1,1,1,1,1,1,1,1,1,1,1,1,1,1,1,1,1,1,1,1,1,1,1,1,1,,,,,,,,,,,,,,,,,,,0.5,2015_2018_ingested; other_years_not_ingested; 5_wards_missing_geometry,150_WARD_ID_FRAMEWORK_LOCKED; POLYGON_FILE_REQUIRES_150_FEATURE_VALIDATION,34916.97,35741.03,824.0599999999977,2.3600558696816982,0.7805764406010995,observed_raster_aggregation,1,145,59061,30161,28900,14425,6902,4320,1205,42229,16832,22846,19806,3040,36215,0.8096205832167028,0.3868204060208936,0.6131795939791064,0.0731447147864072,0.020402634564264,0.4893245966035116,0.1168622271888386,0.3353481993193478,0.0514722067015458,537,1,0.0935473493506712,0.19037941678329717
8,Habsiguda,,,,,,,,,,,,,,,0,,,,,,,,,,,,,,,,,0,1,1,1,1,1,1,1,1,1,1,1,1,1,1,1,1,1,1,1,1,1,1,1,1,1,1,1,1,1,1,,,,,,,,,,,,,,,,,,,0.5,2015_2018_ingested; other_years_not_ingested; 5_wards_missing_geometry,150_WARD_ID_FRAMEWORK_LOCKED; POLYGON_FILE_REQUIRES_150_FEATURE_VALIDATION,50965.17,52111.7,1146.5299999999988,2.2496344071843555,0.7443242048621457,observed_raster_aggregation,1,145,75227,38377,36850,18366,7226,5266,783,59411,15816,29125,24069,5056,46102,0.8736783282598786,0.3871615244526566,0.6128384755473434,0.0700014622409507,0.0104084969492336,0.4898507184920307,0.0960559373629149,0.3199516131176306,0.0672099113350259,537,1,0.0804099591901843,0.12632167174012143
9,Ramanthapur,,,,,,,,,,,,,,,0,,,,,,,,,,,,,,,,,0,1,1,1,1,1,1,1,1,1,1,1,1,1,1,1,1,1,1,1,1,1,1,1,1,1,1,1,1,1,1,,,,,,,,,,,,,,,,,,,0.5,2015_2018_ingested; other_years_not_ingested; 5_wards_missing_geometry,150_WARD_ID_FRAMEWORK_LOCKED; POLYGON_FILE_REQUIRES_150_FEATURE_VALIDATION,27659.94,28363.98,704.0400000000009,2.5453417469452244,0.8413487201737846,observed_raster_aggregation,1,145,68161,34810,33351,16118,7862,5049,1693,49473,18688,24852,21605,3247,43309,0.8204613675185326,0.3646073267704405,0.6353926732295594,0.0740746174498613,0.0248382506125203,0.4892973988057686,0.1153445518698376,0.3169701148750752,0.0476372118953653,537,2,0.0989128680623816,0.1795386324814674
10,Uppal,,,,,,,,,,,,,,,0,,,,,,,,,,,,,,,,,0,1,1,1,1,1,1,1,1,1,1,1,1,1,1,1,1,1,1,1,1,1,1,1,1,1,1,1,1,1,1,,,,,,,,,,,,,,,,,,,0.5,2015_2018_ingested; other_years_not_ingested; 5_wards_missing_geometry,150_WARD_ID_FRAMEWORK_LOCKED; POLYGON_FILE_REQUIRES_150_FEATURE_VALIDATION,63947.62,65465.03,1517.4099999999962,2.372895191408212,0.7847899987643014,observed_raster_aggregation,1,145,68115,35052,33063,16304,7441,5772,3056,50987,17128,24414,20944,3470,43701,0.8403434749645647,0.3584232547896939,0.641576745210306,0.0847390442633781,0.0448653013286353,0.4853996916978639,0.1092417235557513,0.3074799970637892,0.0509432577259047,537,1,0.1296043455920134,0.15965652503543526
11,Nagole,,,,,,,,,,,,,,,0,,,,,,,,,,,,,,,,,0,1,1,1,1,1,1,1,1,1,1,1,1,1,1,1,1,1,1,1,1,1,1,1,1,1,1,1,1,1,1,,,,,,,,,,,,,,,,,,,0.25,observed_raster_aggregation,150_WARD_ID_FRAMEWORK_LOCKED; POLYGON_FILE_150_FEATURES_VERIFIED,8861.320796996355,9069.302236437798,207.9814394414425,2.347070422187403,0.776314569058334,missing_geometry,0,145,50462,25680,24782,12332,4775,2385,578,41928,8534,17879,16122,1757,32583,0.9177227657758223,0.3543062106139273,0.6456937893860727,0.0472632872260314,0.0114541635289921,0.4911022155285165,0.0946256589116563,0.3194879315128215,0.0348182791011057,537,1,0.058717450755023506,0.08227723422417765
12,Mansoorabad,,,,,,,,,,,,,,,0,,,,,,,,,,,,,,,,,0,1,1,1,1,1,1,1,1,1,1,1,1,1,1,1,1,1,1,1,1,1,1,1,1,1,1,1,1,1,1,,,,,,,,,,,,,,,,,,,0.5,2015_2018_ingested; other_years_not_ingested; 5_wards_missing_geometry,150_WARD_ID_FRAMEWORK_LOCKED; POLYGON_FILE_REQUIRES_150_FEATURE_VALIDATION,90329.39,92545.13,2215.740000000005,2.4529557877009966,0.8110560263781652,observed_raster_aggregation,1,145,81484,41850,39634,19401,9741,6599,4094,58101,23383,28652,24472,4180,52832,0.8098490445060842,0.3516273133375877,0.6483726866624122,0.0809852240930734,0.050242992489323,0.4864022384762653,0.1195449413381768,0.3003288989249423,0.0512984144126454,537,1,0.13122821658239642,0.1901509554939158
13,Hayath Nagar,,,,,,,,,,,,,,,0,,,,,,,,,,,,,,,,,0,1,1,1,1,1,1,1,1,1,1,1,1,1,1,1,1,1,1,1,1,1,1,1,1,1,1,1,1,1,1,,,,,,,,,,,,,,,,,,,0.25,observed_raster_aggregation,150_WARD_ID_FRAMEWORK_LOCKED; POLYGON_FILE_150_FEATURES_VERIFIED,56450.615976676345,57764.90086853504,1314.284891858697,2.328202924130569,0.7701215444701148,missing_geometry,0,145,57789,29739,28050,13591,6772,6319,1757,42166,15623,20641,17894,2747,37148,0.8265088107885606,0.3571787018290678,0.6428212981709321,0.109346069321151,0.0304037100486251,0.4853864922390074,0.1171849313883265,0.3096437038190659,0.0475349980100019,537,1,0.1397497793697761,0.17349118921143936
14,BN Reddy Nagar,,,,,,,,,,,,,,,0,,,,,,,,,,,,,,,,,0,1,1,1,1,1,1,1,1,1,1,1,1,1,1,1,1,1,1,1,1,1,1,1,1,1,1,1,1,1,1,,,,,,,,,,,,,,,,,,,0.5,2015_2018_ingested; other_years_not_ingested; 5_wards_missing_geometry,150_WARD_ID_FRAMEWORK_LOCKED; POLYGON_FILE_REQUIRES_150_FEATURE_VALIDATION,76335.36,78162.4,1827.0399999999936,2.393438637087706,0.7915311333026809,observed_raster_aggregation,1,145,51227,26325,24902,12394,5589,2902,548,39108,12119,18722,16056,2666,32505,0.8569174810464963,0.365471333476487,0.634528666523513,0.0566498135748726,0.0106974837488043,0.4861108399867258,0.1091026216643566,0.3134284654576688,0.0520428680188182,537,1,0.0673472973236769,0.14308251895350366
15,Vanasthalipuram,,,,,,,,,,,,,,,0,,,,,,,,,,,,,,,,,0,1,1,1,1,1,1,1,1,1,1,1,1,1,1,1,1,1,1,1,1,1,1,1,1,1,1,1,1,1,1,,,,,,,,,,,,,,,,,,,0.5,2015_2018_ingested; other_years_not_ingested; 5_wards_missing_geometry,150_WARD_ID_FRAMEWORK_LOCKED; POLYGON_FILE_REQUIRES_150_FEATURE_VALIDATION,51333.14,52594.56,1261.4199999999985,2.4573209431567955,0.8124877393637098,observed_raster_aggregation,1,145,55245,27792,27453,13608,5536,2770,817,43136,12109,21453,18665,2788,33792,0.8677704238669054,0.3883247352701602,0.6116752647298398,0.0501402841886143,0.014788668657797,0.4969318490361119,0.100208163634718,0.337858629740248,0.0504661055299122,537,1,0.0649289528464113,0.1322295761330946
16,Hasthinapuram,,,,,,,,,,,,,,,0,,,,,,,,,,,,,,,,,0,1,1,1,1,1,1,1,1,1,1,1,1,1,1,1,1,1,1,1,1,1,1,1,1,1,1,1,1,1,1,,,,,,,,,,,,,,,,,,,0.5,2015_2018_ingested; other_years_not_ingested; 5_wards_missing_geometry,150_WARD_ID_FRAMEWORK_LOCKED; POLYGON_FILE_REQUIRES_150_FEATURE_VALIDATION,58322.62,59736.74,1414.1199999999951,2.424651018764238,0.8017714513617769,observed_raster_aggregation,1,145,37079,18845,18234,8915,3592,1217,380,30403,6676,13449,11871,1578,23630,0.9079045599784992,0.3627120472504652,0.6372879527495348,0.0328218128860001,0.0102483885757436,0.4917608349739745,0.0968742414843981,0.3201542652175085,0.0425577820329566,537,1,0.0430702014617437,0.09209544002150083
17,Champapet,,,,,,,,,,,,,,,0,3.0,1384.0,18.0,11.0,1.3333333333333333,3.6666666666666665,1.3333333333333333,1.6666666666666667,1.6666666666666667,1.6666666666666667,1.6666666666666667,1.6666666666666667,9.0,3.6666666666666665,0.6666666666666666,76.88888888888889,1,1,1,1,1,1,1,1,1,1,1,1,1,1,1,0,0,0,0,0,0,0,0,0,0,0,0,0,0,0,0,,,,,,,,,,,,,,,,,,,0.75,2015_2018_ingested; other_years_not_ingested; 5_wards_missing_geometry,150_WARD_ID_FRAMEWORK_LOCKED; POLYGON_FILE_REQUIRES_150_FEATURE_VALIDATION,42803.33,43863.09,1059.7599999999948,2.47588213346951,0.8185751091072779,observed_raster_aggregation,1,145,33864,17338,16526,8390,2898,1087,212,28007,5857,12585,10575,2010,21279,0.9044435832848932,0.3716335931963146,0.6283664068036854,0.032098984171982,0.0062603354594849,0.4880108669974013,0.0855776045357902,0.3122785258681786,0.059355067328136,537,2,0.0383593196314669,0.09555641671510684
18,Lingojiguda,,,,,,,,,,,,,,,0,,,,,,,,,,,,,,,,,0,1,1,1,1,1,1,1,1,1,1,1,1,1,1,1,1,1,1,1,1,1,1,1,1,1,1,1,1,1,1,,,,,,,,,,,,,,,,,,,0.5,2015_2018_ingested; other_years_not_ingested; 5_wards_missing_geometry,150_WARD_ID_FRAMEWORK_LOCKED; POLYGON_FILE_REQUIRES_150_FEATURE_VALIDATION,44650.93,45741.98,1091.050000000003,2.443510135175243,0.8079578386500863,observed_raster_aggregation,1,145,25242,13010,12232,5758,2517,2580,181,20150,5092,9825,7052,2773,15417,0.8866886688668867,0.3892322319942952,0.6107677680057048,0.1022106013786546,0.0071705887013707,0.4845891767688772,0.0997147611124316,0.2793756437683226,0.1098565882259725,536,1,0.10938119008002531,0.11331133113311331
19,Saroornagar,,,,,,,,,,,,,,,0,,,,,,,,,,,,,,,,,0,1,1,1,1,1,1,1,1,1,1,1,1,1,1,1,1,1,1,1,1,1,1,1,1,1,1,1,1,1,1,,,,,,,,,,,,,,,,,,,0.5,2015_2018_ingested; other_years_not_ingested; 5_wards_missing_geometry,150_WARD_ID_FRAMEWORK_LOCKED; POLYGON_FILE_REQUIRES_150_FEATURE_VALIDATION,36690.44,37565.38,874.939999999995,2.384653877140735,0.7886486089917266,observed_raster_aggregation,1,145,45226,22908,22318,10382,4803,3878,831,35572,9654,15602,12710,2892,29624,0.8799940627860376,0.3449785521602618,0.6550214478397383,0.085747136602839,0.018374386414894,0.4934772033785875,0.10619997346659,0.2810330340954318,0.0639455180648299,536,1,0.104121523017733,0.12000593721396235
20,RK Puram,,,,,,,,,,,,,,,0,1.0,654.0,11.0,18.0,1.0,1.0,1.0,1.0,1.0,1.0,1.0,3.0,1.0,1.0,1.0,59.45454545454545,1,1,1,1,1,1,1,1,1,1,1,1,1,1,1,0,0,0,0,0,0,0,0,0,0,0,0,0,0,0,0,,,,,,,,,,,,,,,,,,,0.75,2015_2018_ingested; other_years_not_ingested; 5_wards_missing_geometry,150_WARD_ID_FRAMEWORK_LOCKED; POLYGON_FILE_REQUIRES_150_FEATURE_VALIDATION,31066.82,31861.22,794.4000000000015,2.557068924337932,0.8451926760512762,observed_raster_aggregation,1,145,45484,23220,22264,10789,5277,4334,2339,31586,13898,18315,16347,1968,27169,0.7855845996965702,0.4026690704423533,0.5973309295576467,0.0952862545070794,0.0514246768094274,0.489490809955149,0.1160188198047665,0.3594011080819629,0.0432679623603904,536,1,0.1467109313165068,0.21441540030342976
21,Kothapet,,,,,,,,,,,,,,,0,,,,,,,,,,,,,,,,,0,1,1,1,1,1,1,1,1,1,1,1,1,1,1,1,1,1,1,1,1,1,1,1,1,1,1,1,1,1,1,,,,,,,,,,,,,,,,,,,0.5,2015_2018_ingested; other_years_not_ingested; 5_wards_missing_geometry,150_WARD_ID_FRAMEWORK_LOCKED; POLYGON_FILE_REQUIRES_150_FEATURE_VALIDATION,35289.22,36170.04,880.8199999999997,2.4960030286869466,0.8251731729324918,observed_raster_aggregation,1,145,56751,29434,27317,11159,7475,1843,608,41770,14981,18543,14059,4484,38208,0.8476743242146279,0.3267431410900248,0.6732568589099751,0.0324751986749132,0.010713467604095,0.4813483462846469,0.1317157406917939,0.2477313175098236,0.0790118235802012,536,1,0.0431886662790082,0.15232567578537215
22,Chaitanyapuri,,,,,,,,,,,,,,,0,,,,,,,,,,,,,,,,,0,1,1,1,1,1,1,1,1,1,1,1,1,1,1,1,1,1,1,1,1,1,1,1,1,1,1,1,1,1,1,,,,,,,,,,,,,,,,,,,0.5,2015_2018_ingested; other_years_not_ingested; 5_wards_missing_geometry,150_WARD_ID_FRAMEWORK_LOCKED; POLYGON_FILE_REQUIRES_150_FEATURE_VALIDATION,27130.4,27817.14,686.739999999998,2.5312564503287747,0.8367314282141436,observed_raster_aggregation,1,145,47220,24351,22869,9160,6771,532,122,33218,14002,14106,10595,3511,33114,0.821231674454251,0.2987293519695044,0.7012706480304955,0.0112664125370605,0.0025836509953409,0.4843074968233799,0.1433926302414231,0.2243752647183396,0.0743540872511647,536,1,0.0138500635324014,0.17876832554574895
23,Gaddiannaram,1.0,378.0,12.0,6.0,1.0,2.0,2.0,2.0,1.0,2.0,0.0,2.0,0.0,31.5,1,1.0,421.0,6.0,11.0,1.0,1.0,2.0,2.0,2.0,1.0,1.0,1.0,9.0,1.0,0.0,70.16666666666667,1,0,0,0,0,0,0,0,0,0,0,0,0,0,0,0,0,0,0,0,0,0,0,0,0,0,0,0,0,0,0,0.0,0.0,43.0,11.375661375661377,-6.0,-50.0,5.0,83.33333333333334,38.66666666666667,122.75132275132276,-1.0,-50.0,0.0,0.0,0.0,0.0,0.0,,1.0,2015_2018_ingested; other_years_not_ingested; 5_wards_missing_geometry,150_WARD_ID_FRAMEWORK_LOCKED; POLYGON_FILE_REQUIRES_150_FEATURE_VALIDATION,25697.14,26338.29,641.1500000000015,2.4950247381615287,0.824852390909947,observed_raster_aggregation,1,145,35196,17903,17293,6962,4909,452,665,23501,11695,11234,8870,2364,23962,0.7759434740977977,0.3191839981816115,0.6808160018183884,0.0128423684509603,0.0188941925218774,0.49133424252756,0.1394760768269121,0.2520172746903057,0.0671667234913058,536,1,0.031736560972837696,0.22405652590220226
24,Saidabad,48.0,11458.0,621.0,571.0,1.0,1.0833333333333333,1.2916666666666667,1.0833333333333333,1.5416666666666667,1.5,5.458333333333333,1.375,0.25,18.45088566827697,1,47.0,21110.0,659.0,604.0,1.0,1.5319148936170213,1.0425531914893618,1.4042553191489362,1.1063829787234043,1.4893617021276595,1.148936170212766,7.1063829787234045,8.063829787234043,1.5106382978723405,0.2553191489361702,32.03338391502276,1,0,0,0,0,0,0,0,0,0,0,0,0,0,0,0,0,0,0,0,0,0,0,0,0,0,0,0,0,0,0,-1.0,-2.083333333333333,9652.0,84.23808692616512,38.0,6.119162640901772,33.0,5.779334500875657,13.58249824674579,73.61434291524817,-0.3510638297872339,-23.404255319148927,-0.0407801418439714,-3.764320785597369,0.1125886524822694,8.716540837336991,0.0053191489361701,2.127659574468077,1.0,2015_2018_ingested; other_years_not_ingested; 5_wards_missing_geometry,150_WARD_ID_FRAMEWORK_LOCKED; POLYGON_FILE_REQUIRES_150_FEATURE_VALIDATION,29491.1,30226.68,735.5800000000017,2.494244026163832,0.8245963935351597,observed_raster_aggregation,1,145,60763,31814,28949,11725,7755,1212,798,42006,18757,17814,12674,5140,42949,0.7924464231814066,0.2931718315422214,0.7068281684577786,0.0199463489294471,0.0131329921169132,0.4764247979856162,0.1276270098579728,0.2085808798117275,0.0845909517304938,536,1,0.033079341046360296,0.20755357681859343
25,Moosarambagh,57.0,14552.0,776.0,702.0,1.0,1.0701754385964912,1.4035087719298245,1.1754385964912282,1.456140350877193,1.2982456140350878,5.754385964912281,1.5087719298245614,0.2456140350877192,18.75257731958763,1,52.0,26612.0,681.0,722.0,1.0,1.6153846153846154,1.0576923076923077,1.4230769230769231,1.1923076923076923,1.5192307692307692,1.1923076923076923,6.884615384615385,7.288461538461538,1.6346153846153846,0.2692307692307692,39.07782672540382,1,0,0,0,0,0,0,0,0,0,0,0,0,0,0,0,0,0,0,0,0,0,0,0,0,0,0,0,0,0,0,-5.0,-8.771929824561402,12060.0,82.87520615722924,-95.0,-12.242268041237113,20.0,2.849002849002849,20.325249405816187,108.38643168577076,-0.1059379217273954,-8.160083160083165,-0.0124831309041835,-1.1664564943253448,0.0195681511470986,1.3942307692307785,0.02361673414305,9.615384615384654,1.0,2015_2018_ingested; other_years_not_ingested; 5_wards_missing_geometry,150_WARD_ID_FRAMEWORK_LOCKED; POLYGON_FILE_REQUIRES_150_FEATURE_VALIDATION,27991.79,28695.3,703.5099999999984,2.5132726417281583,0.8308355528972688,observed_raster_aggregation,1,145,22589,11580,11009,4405,3031,64,38,15559,7030,6913,5254,1659,15676,0.7955312404131302,0.306033910310328,0.693966089689672,0.0028332374164416,0.0016822347160122,0.4873611049625924,0.1341803532692903,0.2325910841560051,0.0734428261543229,536,1,0.0045154721324538,0.20446875958686983
26,Old Malakpet,11.0,4229.0,136.0,127.0,1.0,1.0,1.2727272727272727,2.0,1.9090909090909087,1.3636363636363635,3.272727272727273,1.3636363636363635,0.0909090909090909,31.09558823529412,1,13.0,9725.0,183.0,146.0,1.0,2.230769230769231,1.0,1.3846153846153846,1.2307692307692308,1.9230769230769231,1.0,7.076923076923077,7.384615384615385,1.6923076923076923,0.0769230769230769,53.14207650273224,1,0,0,0,0,0,0,0,0,0,0,0,0,0,0,0,0,0,0,0,0,0,0,0,0,0,0,0,0,0,0,2.0,18.181818181818183,5496.0,129.95980137148263,47.0,34.55882352941176,19.0,14.960629921259844,22.04648826743812,70.89908735804171,-0.3636363636363635,-26.66666666666666,0.0,0.0,0.1118881118881118,8.79120879120879,-0.0139860139860139,-15.3846153846154,1.0,2015_2018_ingested; other_years_not_ingested; 5_wards_missing_geometry,150_WARD_ID_FRAMEWORK_LOCKED; POLYGON_FILE_REQUIRES_150_FEATURE_VALIDATION,29835.64,30542.18,706.5400000000009,2.3681074044330903,0.7832188028386255,observed_raster_aggregation,1,145,43599,22334,21265,8833,5333,3041,2192,30795,12804,13286,10533,2753,30313,0.8047614069931532,0.3047317599027501,0.69526824009725,0.0697493061767471,0.0502763824858368,0.4877405445079015,0.1223193192504415,0.2415881098190325,0.0631436500837175,536,1,0.1200256886625839,0.19523859300684676
27,Akbarbagh,40.0,14730.0,695.0,590.0,1.0,1.075,1.325,1.2,1.4,1.1,9.3,1.25,0.175,21.194244604316548,1,40.0,30704.0,729.0,649.0,1.0,2.2,1.025,1.4,1.275,1.425,1.125,10.65,7.9,1.0,0.175,42.117969821673526,1,0,0,0,0,0,0,0,0,0,0,0,0,0,0,0,0,0,0,0,0,0,0,0,0,0,0,0,0,0,0,0.0,0.0,15974.0,108.44534962661236,34.0,4.892086330935252,59.0,10.0,20.92372521735697,98.72361864265513,0.0249999999999999,2.2727272727272645,-0.05,-4.651162790697678,0.0749999999999999,5.660377358490563,0.0,0.0,1.0,2015_2018_ingested; other_years_not_ingested; 5_wards_missing_geometry,150_WARD_ID_FRAMEWORK_LOCKED; POLYGON_FILE_REQUIRES_150_FEATURE_VALIDATION,21686.68,22219.56,532.880000000001,2.457176478834017,0.8124403576361239,observed_raster_aggregation,1,145,42758,22040,20718,8768,5842,3903,1135,28236,14522,14096,10266,3830,28662,0.7648716003900747,0.329669301651153,0.670330698348847,0.0912811637588287,0.026544740165583,0.4845409046260349,0.1366294026848777,0.2400954207399784,0.0895738809111745,536,1,0.11782590392441171,0.23512839960992526
28,Azampura,23.0,5656.0,279.0,249.0,1.0434782608695652,1.1304347826086956,1.3043478260869563,1.9130434782608696,1.7826086956521738,1.391304347826087,4.3478260869565215,1.173913043478261,0.3043478260869565,20.272401433691755,1,23.0,12299.0,306.0,261.0,1.0434782608695652,2.8260869565217392,1.0434782608695652,1.3043478260869563,1.173913043478261,1.7391304347826086,1.3043478260869563,7.913043478260869,7.086956521739131,1.173913043478261,0.3043478260869565,40.19281045751634,1,0,0,0,0,0,0,0,0,0,0,0,0,0,0,0,0,0,0,0,0,0,0,0,0,0,0,0,0,0,0,0.0,0.0,6643.0,117.45049504950497,27.0,9.67741935483871,12.0,4.819277108433735,19.920409023824583,98.26368666278393,-0.0869565217391306,-6.250000000000012,-0.0869565217391303,-7.692307692307687,0.0,0.0,0.0,0.0,1.0,2015_2018_ingested; other_years_not_ingested; 5_wards_missing_geometry,150_WARD_ID_FRAMEWORK_LOCKED; POLYGON_FILE_REQUIRES_150_FEATURE_VALIDATION,22402.19,22949.06,546.8700000000026,2.4411452630301,0.8071821273478053,observed_raster_aggregation,1,145,46256,23838,22418,9617,6437,1784,291,32346,13910,15414,12392,3022,30842,0.8123257741279288,0.3332324455205811,0.6667675544794189,0.0385679695607056,0.0062910757523348,0.4846506399169837,0.1391603251470079,0.2679003804911795,0.0653320650294015,536,1,0.0448590453130404,0.18767422587207117
29,Chawni,2.0,168.0,10.0,10.0,1.0,1.0,1.5,1.0,1.0,2.0,1.5,1.0,0.5,16.8,1,2.0,352.0,9.0,10.0,1.0,1.0,1.0,1.5,1.0,1.5,2.0,1.5,9.0,1.0,0.5,39.11111111111112,1,0,0,0,0,0,0,0,0,0,0,0,0,0,0,0,0,0,0,0,0,0,0,0,0,0,0,0,0,0,0,0.0,0.0,184.0,109.52380952380952,-1.0,-10.0,0.0,0.0,22.31111111111112,132.80423280423287,0.0,0.0,0.0,0.0,0.0,0.0,0.0,0.0,1.0,2015_2018_ingested; other_years_not_ingested; 5_wards_missing_geometry,150_WARD_ID_FRAMEWORK_LOCKED; POLYGON_FILE_REQUIRES_150_FEATURE_VALIDATION,14332.58,14695.71,363.1299999999992,2.533598277490858,0.8374991303665036,observed_raster_aggregation,1,145,54010,27701,26309,10269,7082,140,2,39466,14544,15197,11818,3379,38813,0.8409904534606205,0.2813738196630254,0.7186261803369747,0.0025921125717459,3.703017959637104e-05,0.4871134975004629,0.1311238659507498,0.2188113312349565,0.0625624884280688,536,1,0.002629142751342271,0.1590095465393795
30,Dabeerpura,62.0,16605.0,811.0,685.0,1.0161290322580645,1.1129032258064515,1.3387096774193548,1.7580645161290325,1.7258064516129032,1.2741935483870968,3.290322580645161,1.3709677419354838,0.2258064516129032,20.474722564734897,1,61.0,35973.0,856.0,738.0,1.0,2.0491803278688523,1.0819672131147542,1.3442622950819672,1.1967213114754098,1.639344262295082,1.213114754098361,6.262295081967213,7.672131147540983,1.2459016393442623,0.2295081967213114,42.024532710280376,1,0,0,0,0,0,0,0,0,0,0,0,0,0,0,0,0,0,0,0,0,0,0,0,0,0,0,0,0,0,0,-1.0,-1.6129032258064515,19368.0,116.63956639566396,45.0,5.548705302096177,53.0,7.737226277372263,21.54981014554548,105.25080414355546,-0.0610787942887358,-4.793525627723573,-0.0309360126916973,-2.7797576621525133,0.0055526176626123,0.4147738494963474,0.0037017451084082,1.6393442622950627,1.0,2015_2018_ingested; other_years_not_ingested; 5_wards_missing_geometry,150_WARD_ID_FRAMEWORK_LOCKED; POLYGON_FILE_REQUIRES_150_FEATURE_VALIDATION,25603.34,26227.12,623.7799999999988,2.436322761014769,0.8056002419102537,observed_raster_aggregation,1,145,22888,11663,11225,4733,2702,1896,471,16993,5895,7393,5354,2039,15495,0.8418210641038344,0.3230076896190143,0.6769923103809856,0.082838168472562,0.0205784690667598,0.4904316672492135,0.1180531282768262,0.2339217056973086,0.0890859839217056,536,1,0.10341663753932179,0.1581789358961656
31,Rein Bazar,28.0,7717.0,336.0,355.0,1.0,1.1785714285714286,1.6428571428571428,1.1071428571428572,1.3571428571428572,1.7142857142857142,1.9642857142857144,1.6071428571428572,0.2857142857142857,22.967261904761905,1,35.0,19977.0,400.0,451.0,1.0285714285714285,2.142857142857143,1.1714285714285717,1.6857142857142855,1.1714285714285717,1.4,1.457142857142857,4.457142857142857,7.457142857142857,1.7142857142857142,0.3428571428571428,49.9425,1,0,0,0,0,0,0,0,0,0,0,0,0,0,0,0,0,0,0,0,0,0,0,0,0,0,0,0,0,0,0,7.0,25.0,12260.0,158.8700272126474,64.0,19.047619047619047,96.0,27.04225352112676,26.975238095238097,117.45082285862382,-0.2571428571428571,-15.0,-0.0071428571428568,-0.6060606060605851,0.0428571428571427,2.608695652173904,0.0571428571428571,19.999999999999982,1.0,2015_2018_ingested; other_years_not_ingested; 5_wards_missing_geometry,150_WARD_ID_FRAMEWORK_LOCKED; POLYGON_FILE_REQUIRES_150_FEATURE_VALIDATION,10112.94,10375.31,262.369999999999,2.5943988592832445,0.85742680045795,observed_raster_aggregation,1,145,25280,13145,12135,5214,3127,87,103,18926,6354,7634,4874,2760,17646,0.8543312418182639,0.3019778481012658,0.6980221518987342,0.0034414556962025,0.0040743670886075,0.4800237341772151,0.1236946202531645,0.1928006329113924,0.1091772151898734,536,1,0.00751582278481,0.14566875818173608
32,Patthergatti,22.0,3349.0,195.0,193.0,1.0,1.181818181818182,1.318181818181818,1.181818181818182,1.818181818181818,1.3636363636363635,4.227272727272728,2.0,0.4545454545454545,17.174358974358974,1,22.0,5157.0,182.0,192.0,1.0,2.090909090909091,1.0454545454545454,1.318181818181818,1.1363636363636365,1.2727272727272727,1.318181818181818,5.181818181818182,6.363636363636363,2.4545454545454546,0.4545454545454545,28.33516483516484,1,0,0,0,0,0,0,0,0,0,0,0,0,0,0,0,0,0,0,0,0,0,0,0,0,0,0,0,0,0,0,0.0,0.0,1808.0,53.98626455658405,-13.0,-6.666666666666667,-1.0,-0.5181347150259068,11.160805860805866,64.98528345348295,-0.0454545454545456,-3.3333333333333472,-0.1363636363636367,-11.538461538461563,0.0,0.0,0.0,0.0,1.0,2015_2018_ingested; other_years_not_ingested; 5_wards_missing_geometry,150_WARD_ID_FRAMEWORK_LOCKED; POLYGON_FILE_REQUIRES_150_FEATURE_VALIDATION,27628.64,28324.46,695.8199999999997,2.518473583933193,0.832540719022945,observed_raster_aggregation,1,145,39521,20172,19349,8824,4326,2048,282,31044,8477,13275,10875,2400,26246,0.8820571103849979,0.3358973710179398,0.6641026289820602,0.0518205510994155,0.0071354469775562,0.4895878140735305,0.1094607929961286,0.2751701626983123,0.0607272083196275,536,1,0.0589559980769717,0.1179428896150021
33,Moghalpura,19.0,5411.0,243.0,158.0,1.0,1.1578947368421053,1.631578947368421,1.3157894736842106,1.5263157894736843,1.263157894736842,5.7368421052631575,1.0,0.1578947368421052,22.26748971193416,1,18.0,12184.0,249.0,208.0,1.0,2.333333333333333,1.1666666666666667,1.5,1.1111111111111112,1.3333333333333333,1.1666666666666667,9.27777777777778,7.722222222222222,1.0555555555555556,0.1666666666666666,48.93172690763052,1,0,0,0,0,0,0,0,0,0,0,0,0,0,0,0,0,0,0,0,0,0,0,0,0,0,0,0,0,0,0,-1.0,-5.263157894736842,6773.0,125.17094806874884,6.0,2.469135802469136,50.0,31.64556962025317,26.66423719569636,119.74514209118858,-0.0964912280701753,-7.638888888888879,0.0087719298245614,0.7575757575757599,-0.131578947368421,-8.064516129032256,0.0087719298245614,5.555555555555557,1.0,2015_2018_ingested; other_years_not_ingested; 5_wards_missing_geometry,150_WARD_ID_FRAMEWORK_LOCKED; POLYGON_FILE_REQUIRES_150_FEATURE_VALIDATION,12403.0,12725.29,322.2900000000009,2.5984842376844384,0.8587655196879318,observed_raster_aggregation,1,145,23269,12161,11108,5060,2596,971,765,18433,4836,8934,6897,2037,14335,0.8916461084506361,0.3839443035798702,0.6160556964201298,0.0417293394645236,0.0328763591043878,0.4773733293222743,0.1115647427908376,0.2964029395332846,0.0875413640465855,536,1,0.07460569856891139,0.10835389154936392
34,Talab Chanchalam,54.0,13646.0,626.0,587.0,1.037037037037037,1.3148148148148149,1.6111111111111112,1.4074074074074074,1.5,1.6666666666666667,2.685185185185185,1.7407407407407407,0.3703703703703703,21.79872204472844,1,54.0,31188.0,561.0,604.0,1.037037037037037,1.3148148148148149,1.1666666666666667,1.6111111111111112,1.148148148148148,1.537037037037037,1.4074074074074074,5.462962962962963,7.592592592592593,1.6296296296296295,0.3703703703703703,55.593582887700535,1,0,0,0,0,0,0,0,0,0,0,0,0,0,0,0,0,0,0,0,0,0,0,0,0,0,0,0,0,0,0,0.0,0.0,17542.0,128.55049098636962,-65.0,-10.383386581469647,17.0,2.8960817717206133,33.7948608429721,155.0313856639347,-0.2592592592592593,-15.55555555555556,-0.1481481481481481,-11.267605633802816,0.0,0.0,0.0,0.0,1.0,2015_2018_ingested; other_years_not_ingested; 5_wards_missing_geometry,150_WARD_ID_FRAMEWORK_LOCKED; POLYGON_FILE_REQUIRES_150_FEATURE_VALIDATION,9203.87,9448.4,244.52999999999884,2.6568171866834147,0.8778765056169036,observed_raster_aggregation,1,145,47127,24304,22823,9875,5133,1572,290,34942,12185,15932,11987,3945,31195,0.8320712482735629,0.3380652280009336,0.6619347719990664,0.0333566745177923,0.0061535849937403,0.4842871390073631,0.1089184543892036,0.2543552528274662,0.0837099751734674,536,1,0.0395102595115326,0.16792875172643706
35,Gowlipura,21.0,3124.0,147.0,154.0,1.0476190476190477,1.0952380952380951,1.5238095238095235,1.238095238095238,1.619047619047619,1.238095238095238,0.5714285714285714,1.4285714285714286,0.3809523809523809,21.25170068027211,1,21.0,5253.0,146.0,163.0,1.0952380952380951,3.6666666666666665,1.1904761904761905,1.5238095238095235,1.3333333333333333,1.619047619047619,1.4285714285714286,3.238095238095238,8.666666666666666,1.238095238095238,0.3809523809523809,35.97945205479452,1,0,0,0,0,0,0,0,0,0,0,0,0,0,0,0,0,0,0,0,0,0,0,0,0,0,0,0,0,0,0,0.0,0.0,2129.0,68.14980793854033,-1.0,-0.6802721088435374,9.0,5.844155844155844,14.727751374522413,69.30151895181801,0.1904761904761907,15.384615384615405,0.0952380952380953,8.695652173913054,0.0,0.0,0.0,0.0,1.0,2015_2018_ingested; other_years_not_ingested; 5_wards_missing_geometry,150_WARD_ID_FRAMEWORK_LOCKED; POLYGON_FILE_REQUIRES_150_FEATURE_VALIDATION,14788.22,15175.27,387.0500000000011,2.617285920820769,0.8649261003902842,observed_raster_aggregation,1,145,40214,20350,19864,7882,4495,1214,42,28897,11317,12835,9122,3713,27379,0.8090092107841765,0.3191674541204555,0.6808325458795444,0.0301884915700999,0.0010444123936937,0.4939573282936291,0.1117769930869846,0.2268364251255781,0.0923310289948774,536,1,0.0312329039637936,0.19099078921582346
36,Lalithabagh,18.0,2727.0,118.0,139.0,1.0555555555555556,1.0555555555555556,1.5555555555555556,1.2777777777777777,1.5,1.0555555555555556,0.7777777777777778,1.6666666666666667,0.3333333333333333,23.110169491525426,1,19.0,6623.0,157.0,177.0,1.0,3.1052631578947367,1.2105263157894737,1.5789473684210529,1.2105263157894737,1.5263157894736843,1.3157894736842106,3.0,8.631578947368421,1.4210526315789471,0.3684210526315789,42.18471337579618,1,0,0,0,0,0,0,0,0,0,0,0,0,0,0,0,0,0,0,0,0,0,0,0,0,0,0,0,0,0,0,1.0,5.555555555555555,3896.0,142.86762009534286,39.0,33.05084745762712,38.0,27.33812949640288,19.07454388427076,82.53744695063985,0.260233918128655,24.65373961218837,0.1549707602339181,14.681440443213292,0.0233918128654972,1.5037593984962547,0.0350877192982456,10.526315789473683,1.0,2015_2018_ingested; other_years_not_ingested; 5_wards_missing_geometry,150_WARD_ID_FRAMEWORK_LOCKED; POLYGON_FILE_REQUIRES_150_FEATURE_VALIDATION,13971.79,14338.68,366.8899999999994,2.6259341143833352,0.8677595245813352,observed_raster_aggregation,1,145,32375,16591,15784,6365,3822,669,389,23635,8740,9692,6644,3048,22683,0.8277589044933983,0.2993667953667954,0.7006332046332047,0.0206640926640926,0.012015444015444,0.4875366795366795,0.118054054054054,0.2052200772200772,0.0941467181467181,536,1,0.0326795366795366,0.17224109550660172
37,Kurmaguda,25.0,4176.0,189.0,236.0,1.0,1.08,1.44,1.08,1.48,1.76,1.6,1.88,0.32,22.09523809523809,1,24.0,8074.0,200.0,232.0,1.0,2.0416666666666665,1.0,1.375,1.0833333333333333,1.5416666666666667,1.2916666666666667,4.083333333333333,8.083333333333334,1.0833333333333333,0.3333333333333333,40.37,1,0,0,0,0,0,0,0,0,0,0,0,0,0,0,0,0,0,0,0,0,0,0,0,0,0,0,0,0,0,0,-1.0,-4.0,3898.0,93.34291187739464,11.0,5.82010582010582,-4.0,-1.694915254237288,18.274761904761903,82.70905172413795,-0.4683333333333332,-26.60984848484848,-0.08,-7.407407407407414,-0.0649999999999999,-4.513888888888886,0.0133333333333333,4.166666666666659,1.0,2015_2018_ingested; other_years_not_ingested; 5_wards_missing_geometry,150_WARD_ID_FRAMEWORK_LOCKED; POLYGON_FILE_REQUIRES_150_FEATURE_VALIDATION,16592.83,17017.03,424.1999999999971,2.556525921135798,0.8450146959284144,observed_raster_aggregation,1,145,30725,15904,14821,5854,3488,373,90,24212,6513,9640,6913,2727,21085,0.8889378419062305,0.3137510170870626,0.6862489829129373,0.0121399511798209,0.0029292107404393,0.4823759153783564,0.1135231895850284,0.2249959316517494,0.0887550854353132,536,1,0.0150691619202602,0.11106215809376951
38,IS Sadan,29.0,10297.0,420.0,415.0,1.0,1.0344827586206895,1.3793103448275863,1.3448275862068966,1.5172413793103448,1.5862068965517242,3.655172413793104,1.7241379310344829,0.2413793103448276,24.516666666666666,1,23.0,18730.0,379.0,388.0,1.0,2.391304347826087,1.0434782608695652,1.434782608695652,1.3043478260869563,1.4782608695652173,1.3043478260869563,10.956521739130435,8.0,1.5217391304347827,0.3043478260869565,49.41952506596306,1,0,0,0,0,0,0,0,0,0,0,0,0,0,0,0,0,0,0,0,0,0,0,0,0,0,0,0,0,0,0,-6.0,-20.6896551724138,8433.0,81.89764008934641,-41.0,-9.761904761904765,-27.0,-6.506024096385541,24.90285839929639,101.57522120719126,-0.2818590704647679,-17.7693761814745,0.0089955022488756,0.8695652173913165,0.0554722638680658,4.021739130434771,0.0629685157421288,26.086956521739108,1.0,2015_2018_ingested; other_years_not_ingested; 5_wards_missing_geometry,150_WARD_ID_FRAMEWORK_LOCKED; POLYGON_FILE_REQUIRES_150_FEATURE_VALIDATION,35650.67,36514.47,863.8000000000029,2.422955865906596,0.8012153503583752,observed_raster_aggregation,1,145,25782,13328,12454,5007,2994,508,60,20385,5397,8197,5929,2268,17585,0.8945497630331753,0.3179349934062524,0.6820650065937476,0.0197036692265921,0.0023272050267628,0.4830501900550772,0.1161275308354666,0.2299666433946164,0.087968350011636,536,1,0.0220308742533549,0.10545023696682465
39,Santhosh Nagar,22.0,6501.0,328.0,286.0,1.0,1.1363636363636365,1.2272727272727273,1.0909090909090908,1.4090909090909092,1.5454545454545454,5.454545454545454,1.2727272727272727,0.0909090909090909,19.820121951219512,1,22.0,18578.0,340.0,358.0,1.0,2.090909090909091,1.181818181818182,1.318181818181818,1.318181818181818,1.5909090909090908,1.1363636363636365,7.318181818181818,9.0,1.2272727272727273,0.0909090909090909,54.64117647058824,1,0,0,0,0,0,0,0,0,0,0,0,0,0,0,0,0,0,0,0,0,0,0,0,0,0,0,0,0,0,0,0.0,0.0,12077.0,185.7714197815721,12.0,3.658536585365853,72.0,25.174825174825177,34.82105451936873,175.68536967163425,-0.4090909090909089,-26.470588235294105,0.0454545454545456,4.000000000000015,0.0909090909090906,7.407407407407382,0.0,0.0,1.0,2015_2018_ingested; other_years_not_ingested; 5_wards_missing_geometry,150_WARD_ID_FRAMEWORK_LOCKED; POLYGON_FILE_REQUIRES_150_FEATURE_VALIDATION,17017.05,17446.14,429.09000000000015,2.5215298773876795,0.8335427198040035,observed_raster_aggregation,1,145,68878,35824,33054,12960,9462,5,166,47400,21478,19503,10526,8977,49375,0.7977649118082671,0.2831528209297598,0.7168471790702401,7.2592119399518e-05,0.0024100583640639,0.4798919829263335,0.1373733267516478,0.1528209297598652,0.1303318911698946,536,1,0.002482650483463418,0.20223508819173286
40,Riyasat Nagar,40.0,8891.0,305.0,343.0,1.0,1.125,1.525,1.225,1.4,1.05,0.825,2.05,0.3,29.15081967213115,1,40.0,22426.0,373.0,422.0,1.05,1.4,1.125,1.6,1.15,1.45,1.175,2.775,8.4,1.65,0.3,60.12332439678284,1,0,0,0,0,0,0,0,0,0,0,0,0,0,0,0,0,0,0,0,0,0,0,0,0,0,0,0,0,0,0,0.0,0.0,13535.0,152.2325947587448,68.0,22.295081967213115,79.0,23.03206997084548,30.97250472465169,106.24917265795484,0.125,11.904761904761903,0.0,0.0,0.0750000000000001,4.918032786885258,0.0,0.0,1.0,2015_2018_ingested; other_years_not_ingested; 5_wards_missing_geometry,150_WARD_ID_FRAMEWORK_LOCKED; POLYGON_FILE_REQUIRES_150_FEATURE_VALIDATION,15715.56,16126.7,411.1400000000013,2.6161333099170583,0.8645484562540773,observed_raster_aggregation,1,145,31269,16101,15168,6238,3893,2135,213,23778,7491,9807,7420,2387,21462,0.8685710111046172,0.3136333109469442,0.6863666890530558,0.0682784866800985,0.0068118583900988,0.4850810707090089,0.1245003038152803,0.2372957241996866,0.0763375867472576,536,1,0.07509034507019731,0.1314289888953828
41,Kanchanbagh,79.0,23563.0,833.0,832.0,1.0126582278481011,1.0886075949367089,1.6075949367088609,1.2784810126582278,1.3291139240506329,1.4177215189873418,0.379746835443038,1.759493670886076,0.189873417721519,28.286914765906364,1,76.0,53840.0,954.0,1039.0,1.0,1.4210526315789471,1.0526315789473684,1.5657894736842106,1.236842105263158,1.236842105263158,1.1973684210526316,5.065789473684211,8.894736842105264,1.368421052631579,0.1973684210526315,56.43605870020964,1,0,0,0,0,0,0,0,0,0,0,0,0,0,0,0,0,0,0,0,0,0,0,0,0,0,0,0,0,0,0,-3.0,-3.79746835443038,30277.0,128.4938250647201,121.0,14.525810324129653,207.0,24.879807692307693,28.14914393430328,99.51295207433108,-0.2203530979347101,-15.542763157894733,-0.0359760159893405,-3.3047735618115137,-0.0418054630246502,-2.6004973062577723,0.0074950033311124,3.947368421052582,1.0,2015_2018_ingested; other_years_not_ingested; 5_wards_missing_geometry,150_WARD_ID_FRAMEWORK_LOCKED; POLYGON_FILE_REQUIRES_150_FEATURE_VALIDATION,39594.89,40501.66,906.770000000004,2.290118750172065,0.7576185624502685,observed_raster_aggregation,1,145,31812,16073,15739,7257,3516,3121,525,23531,8281,11851,9078,2773,19961,0.8316016398077467,0.3725323777190997,0.6274676222809003,0.0981076323399974,0.0165032063372312,0.4947504086508236,0.1105243304413428,0.2853640135797812,0.0871683641393185,536,1,0.1146108386772286,0.1683983601922533
42,Barkas,26.0,8426.0,333.0,273.0,1.0,1.0384615384615383,1.4230769230769231,1.2307692307692308,1.4615384615384617,1.2692307692307692,0.6153846153846154,1.4615384615384617,0.2692307692307692,25.303303303303306,1,27.0,20166.0,356.0,300.0,1.0,2.7777777777777777,1.1111111111111112,1.4814814814814814,1.2592592592592593,1.2962962962962965,1.1111111111111112,7.222222222222222,7.592592592592593,1.3333333333333333,0.2592592592592592,56.646067415730336,1,0,0,0,0,0,0,0,0,0,0,0,0,0,0,0,0,0,0,0,0,0,0,0,0,0,0,0,0,0,0,1.0,3.8461538461538463,11740.0,139.33064324709233,23.0,6.906906906906906,27.0,9.89010989010989,31.34276411242703,123.8682702283195,-0.158119658119658,-12.45791245791245,0.0726495726495728,6.995884773662571,0.0584045584045582,4.104104104104095,-0.00997150997151,-3.703703703703725,1.0,2015_2018_ingested; other_years_not_ingested; 5_wards_missing_geometry,150_WARD_ID_FRAMEWORK_LOCKED; POLYGON_FILE_REQUIRES_150_FEATURE_VALIDATION,18962.2,19395.98,433.7799999999989,2.287603759057488,0.7567927850915757,observed_raster_aggregation,1,145,28678,14588,14090,6379,3283,1642,409,21792,6886,10924,9096,1828,17754,0.85812167749557,0.380919171490341,0.619080828509659,0.0572564335030336,0.0142618034730455,0.4913173861496617,0.1144779970709254,0.3171769300509101,0.0637422414394309,536,1,0.0715182369760791,0.14187832250443
43,Chandrayangutta,85.0,20170.0,847.0,800.0,1.0,1.152941176470588,1.4941176470588236,1.152941176470588,1.376470588235294,1.4941176470588236,0.3411764705882353,1.3529411764705883,0.3058823529411765,23.813459268004724,1,83.0,50238.0,915.0,977.0,1.0,1.4819277108433735,1.120481927710843,1.5662650602409638,1.3253012048192772,1.2771084337349397,1.2409638554216869,4.686746987951807,8.19277108433735,1.216867469879518,0.3253012048192771,54.90491803278689,1,0,0,0,0,0,0,0,0,0,0,0,0,0,0,0,0,0,0,0,0,0,0,0,0,0,0,0,0,0,0,-2.0,-2.3529411764705883,30068.0,149.07288051561724,68.0,8.028335301062574,177.0,22.125,31.091458764782164,130.56254622593204,-0.2531537916371367,-16.943364007209937,-0.0324592487597448,-2.815343004671745,0.0721474131821402,4.828763874395213,0.0194188518781006,6.348470806302122,1.0,2015_2018_ingested; other_years_not_ingested; 5_wards_missing_geometry,150_WARD_ID_FRAMEWORK_LOCKED; POLYGON_FILE_REQUIRES_150_FEATURE_VALIDATION,26990.07,27656.18,666.1100000000006,2.467981742915081,0.8159841691003589,observed_raster_aggregation,1,145,57542,31214,26328,8669,8773,21,3855,34916,22626,16908,11428,5480,40634,0.7159466054255778,0.2938375447499218,0.7061624552500783,0.0003649508185325,0.0669945431163324,0.45754405477738,0.1524625490945744,0.1986027597233325,0.0952347850265892,536,1,0.0673594939348649,0.28405339457442225
44,Uppuguda,33.0,8245.0,345.0,288.0,1.0,1.0303030303030305,1.5151515151515151,1.2121212121212122,1.393939393939394,1.3636363636363635,0.5757575757575758,1.303030303030303,0.2121212121212121,23.89855072463768,1,33.0,14046.0,329.0,334.0,1.0,2.212121212121212,1.0606060606060606,1.5757575757575757,1.181818181818182,1.1515151515151516,1.181818181818182,2.575757575757576,8.333333333333334,1.181818181818182,0.2121212121212121,42.69300911854104,1,0,0,0,0,0,0,0,0,0,0,0,0,0,0,0,0,0,0,0,0,0,0,0,0,0,0,0,0,0,0,0.0,0.0,5801.0,70.35779260157672,-16.0,-4.63768115942029,46.0,15.97222222222222,18.79445839390336,78.64267005332518,-0.1818181818181814,-13.333333333333306,0.03030303030303,2.94117647058821,0.0606060606060605,3.999999999999997,0.0,0.0,1.0,2015_2018_ingested; other_years_not_ingested; 5_wards_missing_geometry,150_WARD_ID_FRAMEWORK_LOCKED; POLYGON_FILE_REQUIRES_150_FEATURE_VALIDATION,19823.85,20338.38,514.5300000000025,2.5955099539191555,0.8577908935683443,observed_raster_aggregation,1,145,41854,21339,20515,7013,5820,8,192,26700,15154,13723,9556,4167,28131,0.7409668646278514,0.327877861136331,0.6721221388636689,0.0001911406317197,0.0045873751612749,0.4901562574664309,0.1390548095761456,0.2283174845892865,0.0995603765470444,536,1,0.0047785157929946,0.25903313537214856
45,Jangammet,35.0,13156.0,465.0,310.0,1.0285714285714285,1.0571428571428572,1.3142857142857145,1.2285714285714286,1.3428571428571427,1.2857142857142858,0.5428571428571428,1.4857142857142858,0.4,28.29247311827957,1,37.0,23956.0,521.0,412.0,1.0810810810810811,2.2972972972972974,1.108108108108108,1.2972972972972974,1.2702702702702702,1.2702702702702702,1.2162162162162162,6.081081081081081,7.405405405405405,1.351351351351351,0.4054054054054054,45.98080614203455,1,0,0,0,0,0,0,0,0,0,0,0,0,0,0,0,0,0,0,0,0,0,0,0,0,0,0,0,0,0,0,2.0,5.714285714285714,10800.0,82.091821222256,56.0,12.043010752688172,102.0,32.903225806451616,17.688333023754982,62.5195717242784,-0.0694980694980695,-5.405405405405412,0.0509652509652507,4.821037253469664,-0.0169884169884171,-1.2925969447708685,0.0054054054054053,1.3513513513513375,1.0,2015_2018_ingested; other_years_not_ingested; 5_wards_missing_geometry,150_WARD_ID_FRAMEWORK_LOCKED; POLYGON_FILE_REQUIRES_150_FEATURE_VALIDATION,22766.46,23326.72,560.260000000002,2.4609008163763804,0.8136618598611145,observed_raster_aggregation,1,145,38433,19898,18535,6564,5724,0,98,25478,12955,10952,7767,3185,27481,0.778929346662998,0.2849634428746129,0.715036557125387,0.0,0.0025498920198787,0.4822678427393125,0.1489345094059792,0.2020919522285535,0.0828714906460593,536,1,0.0025498920198787,0.22107065333700204
46,Falaknuma,43.0,10355.0,522.0,414.0,1.0,1.4883720930232558,1.7209302325581397,1.6744186046511629,1.5813953488372092,1.3255813953488371,4.790697674418604,1.2790697674418603,0.3023255813953488,19.837164750957854,1,46.0,30895.0,534.0,492.0,1.0,1.3478260869565215,1.2608695652173914,1.7608695652173914,1.2608695652173914,1.608695652173913,1.3043478260869563,5.434782608695652,8.673913043478262,1.0869565217391304,0.2826086956521739,57.855805243445694,1,0,0,0,0,0,0,0,0,0,0,0,0,0,0,0,0,0,0,0,0,0,0,0,0,0,0,0,0,0,0,3.0,6.976744186046512,20540.0,198.35828102366008,12.0,2.2988505747126435,78.0,18.84057971014493,38.01864049248784,191.6536005512183,-0.0212335692618808,-1.6018306636155693,-0.2275025278058644,-15.285326086956516,0.0399393326592516,2.320799059929488,-0.0197168857431749,-6.521739130434784,1.0,2015_2018_ingested; other_years_not_ingested; 5_wards_missing_geometry,150_WARD_ID_FRAMEWORK_LOCKED; POLYGON_FILE_REQUIRES_150_FEATURE_VALIDATION,21625.61,22159.5,533.8899999999994,2.4687858515898484,0.8162478833324993,observed_raster_aggregation,1,145,21082,10942,10140,3575,2970,0,1324,14696,6386,7312,5758,1554,13770,0.8113957597173145,0.3468361635518451,0.6531638364481548,0.0,0.0628023906650223,0.4809790342472251,0.1408784745280334,0.2731239920311166,0.0737121715207285,536,1,0.0628023906650223,0.18860424028268552
47,Nawab Saheb Kunta,48.0,14357.0,528.0,511.0,1.0,1.4166666666666667,1.75,1.5416666666666667,1.5416666666666667,1.5625,3.0,1.3333333333333333,0.4166666666666667,27.19128787878788,1,47.0,34217.0,474.0,502.0,1.0,1.1914893617021276,1.3404255319148937,1.7872340425531914,1.1702127659574468,1.4893617021276595,1.4042553191489362,5.914893617021277,8.53191489361702,1.1702127659574468,0.425531914893617,72.18776371308017,1,0,0,0,0,0,0,0,0,0,0,0,0,0,0,0,0,0,0,0,0,0,0,0,0,0,0,0,0,0,0,-1.0,-2.083333333333333,19860.0,138.3297346242251,-54.0,-10.227272727272728,-9.0,-1.761252446183953,44.9964758342923,165.48122337888373,-0.1582446808510638,-10.127659574468083,-0.076241134751773,-5.381727158948688,0.0372340425531914,2.12765957446808,0.0088652482269503,2.127659574468081,1.0,2015_2018_ingested; other_years_not_ingested; 5_wards_missing_geometry,150_WARD_ID_FRAMEWORK_LOCKED; POLYGON_FILE_REQUIRES_150_FEATURE_VALIDATION,14369.72,14741.24,371.5200000000005,2.585436598625446,0.8544898731651873,observed_raster_aggregation,1,145,28268,14579,13689,5066,4058,60,32,20565,7703,8229,6363,1866,20039,0.8494423791821561,0.2911065515777558,0.7088934484222442,0.002122541389557,0.0011320220744304,0.4842578180274515,0.1435545493137116,0.22509551436253,0.0660110372152256,536,1,0.0032545634639874,0.15055762081784385
48,Shalibanda,55.0,16294.0,646.0,567.0,1.018181818181818,1.4,1.4727272727272729,1.3454545454545457,1.490909090909091,1.2727272727272727,4.236363636363636,1.490909090909091,0.2909090909090909,25.222910216718265,1,56.0,35645.0,615.0,624.0,1.0178571428571428,2.0,1.3035714285714286,1.5,1.1964285714285714,1.5178571428571428,1.1964285714285714,6.375,7.553571428571429,1.5,0.2857142857142857,57.959349593495936,1,0,0,0,0,0,0,0,0,0,0,0,0,0,0,0,0,0,0,0,0,0,0,0,0,0,0,0,0,0,0,1.0,1.818181818181818,19351.0,118.76150730330184,-31.0,-4.798761609907121,57.0,10.052910052910052,32.73643937677767,129.78851011046012,-0.0762987012987013,-5.994897959183675,-0.0964285714285713,-6.887755102040809,0.0272727272727271,1.851851851851841,-0.0051948051948051,-1.7857142857142865,1.0,2015_2018_ingested; other_years_not_ingested; 5_wards_missing_geometry,150_WARD_ID_FRAMEWORK_LOCKED; POLYGON_FILE_REQUIRES_150_FEATURE_VALIDATION,22862.48,23454.18,591.7000000000007,2.5880831825768715,0.8553571748921129,observed_raster_aggregation,1,145,37323,19742,17581,6457,5424,137,173,26269,11054,10059,6746,3313,27264,0.8235054390419763,0.269512097098304,0.730487902901696,0.0036706588430726,0.0046352115317632,0.4710500227741607,0.1453259384293867,0.1807464566085255,0.0887656404897784,536,1,0.0083058703748358,0.17649456095802374
49,Ghansi Bazar,9.0,3484.0,104.0,77.0,1.0,1.5555555555555556,1.5555555555555556,1.8888888888888888,1.6666666666666667,1.3333333333333333,2.888888888888889,1.4444444444444444,0.3333333333333333,33.5,1,9.0,4440.0,98.0,100.0,1.1111111111111112,1.8888888888888888,1.4444444444444444,1.6666666666666667,1.2222222222222223,1.5555555555555556,1.3333333333333333,8.666666666666666,8.222222222222221,1.8888888888888888,0.3333333333333333,45.30612244897959,1,0,0,0,0,0,0,0,0,0,0,0,0,0,0,0,0,0,0,0,0,0,0,0,0,0,0,0,0,0,0,0.0,0.0,956.0,27.439724454649827,-6.0,-5.769230769230769,23.0,29.87012987012987,11.806122448979592,35.24215656411819,0.0,0.0,-0.1111111111111111,-7.142857142857145,0.1111111111111111,7.142857142857145,0.0,0.0,1.0,2015_2018_ingested; other_years_not_ingested; 5_wards_missing_geometry,150_WARD_ID_FRAMEWORK_LOCKED; POLYGON_FILE_REQUIRES_150_FEATURE_VALIDATION,28128.29,28807.79,679.5,2.415717414745084,0.7988406813291604,observed_raster_aggregation,1,145,17601,9222,8379,3197,1898,179,5,13830,3771,5886,4996,890,11715,0.8807234286442082,0.3344128174535538,0.6655871825464462,0.0101698767115504,0.000284074768479,0.4760524970172149,0.1078347821146525,0.2838475086642804,0.0505653087892733,536,1,0.0104539514800294,0.11927657135579184
50,Begum Bazar,31.0,6452.0,352.0,278.0,1.064516129032258,1.1935483870967742,1.4838709677419355,1.4516129032258065,1.5161290322580645,1.4838709677419355,1.5161290322580645,1.5483870967741935,0.2258064516129032,18.329545454545453,1,31.0,9070.0,318.0,293.0,1.064516129032258,1.806451612903225,1.2580645161290325,1.5161290322580645,1.1612903225806452,1.5483870967741935,1.3225806451612905,3.129032258064516,7.838709677419355,1.4193548387096775,0.2258064516129032,28.52201257861635,1,0,0,0,0,0,0,0,0,0,0,0,0,0,0,0,0,0,0,0,0,0,0,0,0,0,0,0,0,0,0,0.0,0.0,2618.0,40.57656540607564,-34.0,-9.659090909090908,15.0,5.39568345323741,10.192467124070898,55.60676422307744,-0.161290322580645,-10.869565217391294,0.0645161290322582,5.405405405405419,0.032258064516129,2.173913043478259,0.0,0.0,1.0,2015_2018_ingested; other_years_not_ingested; 5_wards_missing_geometry,150_WARD_ID_FRAMEWORK_LOCKED; POLYGON_FILE_REQUIRES_150_FEATURE_VALIDATION,25927.63,26555.67,628.0399999999972,2.4222807869442646,0.8009938865638278,observed_raster_aggregation,1,145,30615,15687,14928,5841,3470,2034,130,23416,7199,10396,8639,1757,20219,0.8626266347393626,0.3395721051772007,0.6604278948227993,0.0664380205781479,0.0042462845010615,0.4876041156295933,0.1133431324514127,0.282181936959007,0.0573901682181937,536,1,0.0706843050792094,0.13737336526063737
51,Goshamahal,52.0,16761.0,631.0,587.0,1.0576923076923077,1.1538461538461535,1.4807692307692308,1.4807692307692308,1.3653846153846154,1.3653846153846154,3.5384615384615383,1.2115384615384617,0.4423076923076923,26.56259904912837,1,49.0,28544.0,661.0,617.0,1.020408163265306,2.959183673469388,1.0612244897959184,1.469387755102041,1.1428571428571428,1.469387755102041,1.2448979591836735,6.938775510204081,6.755102040816326,1.530612244897959,0.4693877551020408,43.183055975794254,1,0,0,0,0,0,0,0,0,0,0,0,0,0,0,0,0,0,0,0,0,0,0,0,0,0,0,0,0,0,0,-3.0,-5.769230769230769,11783.0,70.30010142592924,30.0,4.754358161648177,30.0,5.110732538330494,16.620456926665884,62.57089863806559,-0.1204866562009419,-8.824374820350673,-0.092621664050235,-8.02721088435371,-0.0113814756671899,-0.7686191359660741,0.0270800627943484,6.122448979591833,1.0,2015_2018_ingested; other_years_not_ingested; 5_wards_missing_geometry,150_WARD_ID_FRAMEWORK_LOCKED; POLYGON_FILE_REQUIRES_150_FEATURE_VALIDATION,19112.53,19568.89,456.3600000000006,2.3877529557834603,0.7896655217972892,observed_raster_aggregation,1,145,35729,18674,17055,6722,4093,678,40,27327,8402,14082,9955,4127,21647,0.8637944114300165,0.3941336169498167,0.6058663830501834,0.018976181813093,0.0011195387500349,0.4773433345461669,0.1145568025973299,0.278625206414957,0.1155084105348596,536,1,0.0200957205631279,0.13620558856998355
52,Puranapool,36.0,9582.0,354.0,311.0,1.0555555555555556,1.25,1.4444444444444444,1.25,1.6944444444444444,1.4444444444444444,4.805555555555555,1.2777777777777777,0.2777777777777778,27.06779661016949,1,35.0,20054.0,330.0,322.0,1.0,2.628571428571429,1.3428571428571427,1.457142857142857,1.2857142857142858,1.457142857142857,1.3714285714285714,6.085714285714285,7.371428571428571,1.2857142857142858,0.2857142857142857,60.76969696969697,1,0,0,0,0,0,0,0,0,0,0,0,0,0,0,0,0,0,0,0,0,0,0,0,0,0,0,0,0,0,0,-1.0,-2.7777777777777777,10472.0,109.288248799833,-24.0,-6.779661016949152,11.0,3.536977491961415,33.701900359527485,124.50921234891182,-0.0730158730158729,-5.054945054945052,0.0928571428571427,7.428571428571421,0.0126984126984126,0.879120879120876,0.0079365079365079,2.857142857142847,1.0,2015_2018_ingested; other_years_not_ingested; 5_wards_missing_geometry,150_WARD_ID_FRAMEWORK_LOCKED; POLYGON_FILE_REQUIRES_150_FEATURE_VALIDATION,13012.33,13346.91,334.5799999999999,2.57125357257309,0.8498417547083248,observed_raster_aggregation,1,145,28660,14772,13888,5735,3191,2748,125,20367,8293,10328,7586,2742,18332,0.7996780399701598,0.3603628750872296,0.6396371249127704,0.0958827634333566,0.0043614794138171,0.4845778087927425,0.1113398464759246,0.2646894626657362,0.0956734124214933,536,1,0.1002442428471737,0.20032196002984015
53,Doodh Bowli,40.0,8931.0,449.0,427.0,1.0,1.35,1.575,1.375,1.625,1.45,5.525,1.1,0.2,19.89086859688196,1,40.0,19472.0,421.0,481.0,1.0,1.2,1.3,1.525,1.2,1.375,1.4,7.5,8.1,1.225,0.2,46.25178147268409,1,0,0,0,0,0,0,0,0,0,0,0,0,0,0,0,0,0,0,0,0,0,0,0,0,0,0,0,0,0,0,0.0,0.0,10541.0,118.02709662971672,-28.0,-6.23608017817372,54.0,12.646370023419204,26.36091287580213,132.52771113240573,-0.05,-3.448275862068969,-0.05,-3.703703703703707,-0.05,-3.174603174603177,0.0,0.0,1.0,2015_2018_ingested; other_years_not_ingested; 5_wards_missing_geometry,150_WARD_ID_FRAMEWORK_LOCKED; POLYGON_FILE_REQUIRES_150_FEATURE_VALIDATION,17995.18,18458.49,463.3100000000013,2.574633874181872,0.8509495996636973,observed_raster_aggregation,1,145,31292,16017,15275,6310,3658,3504,3037,22366,8926,9987,8216,1771,21305,0.8093652746616486,0.3191550556052665,0.6808449443947335,0.1119775022369934,0.0970535600153393,0.4881439345519621,0.1168988878946695,0.2625591205419915,0.0565959350632749,536,1,0.2090310622523327,0.19063472533835135
54,Jahanuma,31.0,11483.0,446.0,395.0,1.0,1.2580645161290325,1.6774193548387095,1.2903225806451613,1.4193548387096775,1.3225806451612905,7.0,1.032258064516129,0.1935483870967742,25.746636771300448,1,34.0,29368.0,459.0,469.0,1.0,1.4705882352941178,1.2058823529411764,1.6470588235294117,1.1470588235294117,1.3823529411764706,1.2352941176470589,9.823529411764708,8.352941176470589,1.1176470588235294,0.1764705882352941,63.98257080610022,1,0,0,0,0,0,0,0,0,0,0,0,0,0,0,0,0,0,0,0,0,0,0,0,0,0,0,0,0,0,0,3.0,9.67741935483871,17885.0,155.7519811895846,13.0,2.914798206278027,74.0,18.73417721518988,38.23593403479977,148.5084610251737,-0.0872865275142316,-6.599713055954096,-0.052182163187856,-4.147812971342405,-0.0303605313092978,-1.809954751131217,-0.01707779886148,-8.823529411764712,1.0,2015_2018_ingested; other_years_not_ingested; 5_wards_missing_geometry,150_WARD_ID_FRAMEWORK_LOCKED; POLYGON_FILE_REQUIRES_150_FEATURE_VALIDATION,21661.09,22220.47,559.380000000001,2.582418520951628,0.8535008124714416,observed_raster_aggregation,1,145,40105,20614,19491,7489,5539,605,459,27638,12467,12795,10220,2575,27310,0.7995718335937048,0.3190375264929559,0.680962473507044,0.01508540082284,0.0114449569879067,0.4859992519635955,0.1381124548061339,0.254831068445331,0.0642064580476249,536,1,0.0265303578107467,0.20042816640629524
55,Ramnaspura,40.0,9823.0,358.0,366.0,1.025,1.375,1.775,1.575,1.7,1.675,2.275,1.55,0.35,27.43854748603352,1,38.0,21846.0,379.0,357.0,1.0263157894736843,1.8421052631578947,1.3421052631578947,1.736842105263158,1.2894736842105263,1.605263157894737,1.394736842105263,3.657894736842105,7.7894736842105265,1.4736842105263157,0.3684210526315789,57.64116094986807,1,0,0,0,0,0,0,0,0,0,0,0,0,0,0,0,0,0,0,0,0,0,0,0,0,0,0,0,0,0,0,-2.0,-5.0,12023.0,122.39641657334826,21.0,5.865921787709497,-9.0,-2.459016393442623,30.202613463834552,110.07365998221286,-0.280263157894737,-16.732128829536535,-0.0328947368421053,-2.392344497607659,-0.0381578947368419,-2.149740548554476,0.0184210526315789,5.263157894736843,1.0,2015_2018_ingested; other_years_not_ingested; 5_wards_missing_geometry,150_WARD_ID_FRAMEWORK_LOCKED; POLYGON_FILE_REQUIRES_150_FEATURE_VALIDATION,23984.39,24553.3,568.9099999999999,2.372001122396692,0.7844965981210761,observed_raster_aggregation,1,145,38482,19580,18902,6908,5557,497,664,26455,12027,11076,9095,1981,27406,0.8034927866362946,0.2878228782287823,0.7121771217712177,0.0129151291512915,0.0172548204355282,0.4911906865547529,0.1444051764461306,0.2363442648510992,0.051478613377683,536,1,0.0301699495868197,0.19650721336370536
56,Kishanbagh,50.0,16506.0,772.0,569.0,1.0,1.38,1.7,1.5,1.52,1.36,3.0,1.02,0.24,21.38082901554404,1,50.0,37202.0,665.0,633.0,1.0,1.16,1.28,1.8,1.3,1.66,1.22,4.52,8.54,1.1,0.24,55.94285714285714,1,0,0,0,0,0,0,0,0,0,0,0,0,0,0,0,0,0,0,0,0,0,0,0,0,0,0,0,0,0,0,0.0,0.0,20696.0,125.38470859081544,-107.0,-13.860103626943005,64.0,11.247803163444638,34.5620281273131,161.64961658963838,-0.1400000000000001,-10.294117647058831,-0.0999999999999998,-7.246376811594193,0.1,5.882352941176476,0.0,0.0,1.0,2015_2018_ingested; other_years_not_ingested; 5_wards_missing_geometry,150_WARD_ID_FRAMEWORK_LOCKED; POLYGON_FILE_REQUIRES_150_FEATURE_VALIDATION,21380.78,21918.73,537.9500000000007,2.516044784147261,0.8317444268075125,observed_raster_aggregation,1,145,56773,28928,27845,10259,7597,354,134,37607,19166,17300,12295,5005,39473,0.7647429640475029,0.3047223151850351,0.6952776848149649,0.0062353583569654,0.0023602768921846,0.4904620153946418,0.133813608581544,0.2165642118612721,0.088158103323763,536,1,0.00859563524915,0.23525703595249714
57,Suleman Nagar,11.0,4584.0,153.0,162.0,1.0,1.181818181818182,1.818181818181818,1.5454545454545454,1.5454545454545454,1.2727272727272727,5.2727272727272725,1.0,0.0909090909090909,29.96078431372549,1,10.0,10987.0,188.0,165.0,1.0,1.0,1.2,1.6,1.0,1.5,1.0,7.7,8.3,1.0,0.1,58.441489361702125,1,0,0,0,0,0,0,0,0,0,0,0,0,0,0,0,0,0,0,0,0,0,0,0,0,0,0,0,0,0,0,-1.0,-9.090909090909092,6403.0,139.68150087260034,35.0,22.875816993464053,3.0,1.851851851851852,28.480705047976635,95.05994485908433,-0.2727272727272727,-21.428571428571427,0.0181818181818178,1.5384615384615103,-0.2181818181818178,-11.999999999999982,0.0090909090909091,10.00000000000002,1.0,2015_2018_ingested; other_years_not_ingested; 5_wards_missing_geometry,150_WARD_ID_FRAMEWORK_LOCKED; POLYGON_FILE_REQUIRES_150_FEATURE_VALIDATION,35427.01,36271.88,844.8699999999953,2.384818814796945,0.7887027311474615,observed_raster_aggregation,1,145,53631,27507,26124,9964,7895,1248,415,32308,21323,17242,13362,3880,36389,0.706401959069442,0.3214931662657791,0.6785068337342208,0.0232701236225317,0.0077380619417873,0.4871063377524193,0.147209636217859,0.2491469485931644,0.0723462176726147,537,1,0.031008185564319002,0.29359804093055797
58,Shastripuram,,,,,,,,,,,,,,,0,,,,,,,,,,,,,,,,,0,1,1,1,1,1,1,1,1,1,1,1,1,1,1,1,1,1,1,1,1,1,1,1,1,1,1,1,1,1,1,,,,,,,,,,,,,,,,,,,0.5,2015_2018_ingested; other_years_not_ingested; 5_wards_missing_geometry,150_WARD_ID_FRAMEWORK_LOCKED; POLYGON_FILE_REQUIRES_150_FEATURE_VALIDATION,57932.8,59334.8,1402.0,2.420045293857711,0.8002605123973217,observed_raster_aggregation,1,145,52306,27228,25078,12237,7042,3946,825,32942,19364,23354,20640,2714,28952,0.727774832096147,0.4464879746109433,0.5535120253890567,0.0754406760218713,0.0157725691125301,0.4794478644897335,0.1346308262914388,0.394601001797117,0.0518869728138263,537,1,0.09121324513440139,0.272225167903853
59,Mailardevpally,,,,,,,,,,,,,,,0,,,,,,,,,,,,,,,,,0,1,1,1,1,1,1,1,1,1,1,1,1,1,1,1,1,1,1,1,1,1,1,1,1,1,1,1,1,1,1,,,,,,,,,,,,,,,,,,,0.5,2015_2018_ingested; other_years_not_ingested; 5_wards_missing_geometry,150_WARD_ID_FRAMEWORK_LOCKED; POLYGON_FILE_REQUIRES_150_FEATURE_VALIDATION,94893.13,97189.62,2296.4899999999907,2.420080357766669,0.8002720155190879,observed_raster_aggregation,1,145,57040,28734,28306,13104,6871,9727,1402,41610,15430,20135,17609,2526,36905,0.8293966393589667,0.3529978962131837,0.6470021037868162,0.1705294530154277,0.0245792426367461,0.4962482468443198,0.1204593267882187,0.3087131837307152,0.0442847124824684,537,1,0.1951086956521738,0.17060336064103332
60,Rajendra Nagar,,,,,,,,,,,,,,,0,,,,,,,,,,,,,,,,,0,1,1,1,1,1,1,1,1,1,1,1,1,1,1,1,1,1,1,1,1,1,1,1,1,1,1,1,1,1,1,,,,,,,,,,,,,,,,,,,0.5,2015_2018_ingested; other_years_not_ingested; 5_wards_missing_geometry,150_WARD_ID_FRAMEWORK_LOCKED; POLYGON_FILE_REQUIRES_150_FEATURE_VALIDATION,102818.17,105213.12,2394.949999999997,2.3293061916974374,0.7704836994579578,observed_raster_aggregation,1,145,66846,34234,32612,13083,10025,2364,414,40726,26120,23053,16450,6603,43793,0.7167420495943401,0.3448673069443198,0.6551326930556802,0.0353648685037249,0.0061933399156269,0.4878676360590013,0.1499715764593244,0.2460880232175448,0.0987792837267749,537,1,0.0415582084193518,0.28325795040565993
61,Attapur,,,,,,,,,,,,,,,0,,,,,,,,,,,,,,,,,0,1,1,1,1,1,1,1,1,1,1,1,1,1,1,1,1,1,1,1,1,1,1,1,1,1,1,1,1,1,1,,,,,,,,,,,,,,,,,,,0.5,2015_2018_ingested; other_years_not_ingested; 5_wards_missing_geometry,150_WARD_ID_FRAMEWORK_LOCKED; POLYGON_FILE_REQUIRES_150_FEATURE_VALIDATION,63470.76,64986.56,1515.7999999999956,2.388186308151967,0.7898077177709073,observed_raster_aggregation,1,145,43718,22499,21219,9040,6020,1377,373,29882,13836,14898,12344,2554,28820,0.7926680460501884,0.3407749668328835,0.6592250331671166,0.0314973237568049,0.008531954801226,0.4853607209844915,0.1377007182396267,0.2823550940116199,0.0584198728212635,536,1,0.0400292785580309,0.20733195394981163
62,Ziaguda,31.0,8583.0,460.0,319.0,1.064516129032258,1.096774193548387,1.3870967741935485,1.2580645161290325,1.3225806451612905,1.2580645161290325,0.8709677419354839,1.4516129032258065,0.2258064516129032,18.658695652173915,1,29.0,13914.0,463.0,419.0,1.137931034482759,2.931034482758621,1.103448275862069,1.3448275862068966,1.4137931034482758,1.4827586206896552,1.1724137931034482,4.965517241379311,8.482758620689655,1.4827586206896552,0.2413793103448276,30.05183585313175,1,0,0,0,0,0,0,0,0,0,0,0,0,0,0,0,0,0,0,0,0,0,0,0,0,0,0,0,0,0,0,-2.0,-6.451612903225806,5331.0,62.11114994757077,3.0,0.6521739130434783,100.0,31.347962382445143,11.393140200957834,61.060753727608095,-0.0856507230255843,-6.808134394341314,0.0066740823136819,0.6085192697768828,-0.0422691879866519,-3.047313552526068,0.0155728587319244,6.896551724137952,1.0,2015_2018_ingested; other_years_not_ingested; 5_wards_missing_geometry,150_WARD_ID_FRAMEWORK_LOCKED; POLYGON_FILE_REQUIRES_150_FEATURE_VALIDATION,21980.64,22526.85,546.2099999999991,2.4849594916253537,0.8215518722745729,observed_raster_aggregation,1,145,33674,17334,16340,7061,4554,7076,279,21257,12417,11958,9208,2750,21716,0.7299793956043956,0.3551107679515353,0.6448892320484647,0.2101324463978143,0.0082853239888341,0.4852408386292094,0.1352378689790342,0.2734453881332779,0.0816653798182574,536,1,0.21841777038664842,0.2700206043956044
63,Mangalhat,32.0,8585.0,385.0,356.0,1.03125,1.09375,1.46875,1.90625,1.5,1.40625,1.59375,1.5625,0.28125,22.2987012987013,1,31.0,17890.0,409.0,383.0,1.032258064516129,2.032258064516129,1.1935483870967742,1.5161290322580645,1.4838709677419355,1.4516129032258065,1.2903225806451613,4.032258064516129,8.290322580645162,1.7741935483870968,0.2903225806451613,43.74083129584352,1,0,0,0,0,0,0,0,0,0,0,0,0,0,0,0,0,0,0,0,0,0,0,0,0,0,0,0,0,0,0,-1.0,-3.125,9305.0,108.38672102504368,24.0,6.233766233766234,27.0,7.584269662921349,21.44212999714222,96.15864937565236,-0.1159274193548387,-8.243727598566311,0.0997983870967742,9.124423963133644,0.0473790322580645,3.2258064516129026,0.0090725806451613,3.22580645161291,1.0,2015_2018_ingested; other_years_not_ingested; 5_wards_missing_geometry,150_WARD_ID_FRAMEWORK_LOCKED; POLYGON_FILE_REQUIRES_150_FEATURE_VALIDATION,14995.92,15370.87,374.9500000000007,2.50034676098566,0.826597460584777,observed_raster_aggregation,1,145,37129,19065,18064,7263,5861,802,21,22527,14602,11336,8790,2546,25793,0.7204490213636945,0.3053139055724636,0.6946860944275365,0.0216003662905006,0.0005655956260604,0.4865199709122249,0.1578550459209782,0.2367421691938915,0.068571736378572,536,1,0.022165961916561,0.2795509786363055
64,Dattatreya Nagar,30.0,7769.0,334.0,244.0,1.1666666666666667,1.0,1.5333333333333334,1.9666666666666663,1.7333333333333334,1.4,1.5333333333333334,1.933333333333333,0.5666666666666667,23.260479041916167,1,30.0,15556.0,360.0,264.0,1.0333333333333334,2.333333333333333,1.0,1.6,1.2666666666666666,1.6666666666666667,1.3666666666666667,2.7666666666666666,7.433333333333334,1.3,0.5666666666666667,43.21111111111111,1,0,0,0,0,0,0,0,0,0,0,0,0,0,0,0,0,0,0,0,0,0,0,0,0,0,0,0,0,0,0,0.0,0.0,7787.0,100.23169005019952,26.0,7.784431137724551,20.0,8.19672131147541,19.950632069194945,85.77051243546288,-0.0333333333333332,-2.3809523809523725,0.0,0.0,0.0666666666666666,4.347826086956521,0.0,0.0,1.0,2015_2018_ingested; other_years_not_ingested; 5_wards_missing_geometry,150_WARD_ID_FRAMEWORK_LOCKED; POLYGON_FILE_REQUIRES_150_FEATURE_VALIDATION,12561.47,12890.11,328.64000000000124,2.616254307815894,0.8645881004218925,observed_raster_aggregation,1,145,42684,21766,20918,9207,5582,1503,172,27507,15177,14705,11495,3210,27979,0.7413886043879037,0.3445084809296223,0.6554915190703776,0.0352122575203823,0.004029612969731,0.4900665354699653,0.1307749976572017,0.2693046574828975,0.0752038234467247,536,1,0.039241870490113295,0.25861139561209634
65,Karwan,44.0,10188.0,397.0,396.0,1.0454545454545454,1.0454545454545454,1.3863636363636365,1.5227272727272727,1.4090909090909092,1.3636363636363635,1.0454545454545454,1.4090909090909092,0.3409090909090909,25.662468513853906,1,45.0,22179.0,476.0,512.0,1.022222222222222,2.422222222222222,1.1555555555555554,1.4,1.3111111111111111,1.4666666666666666,1.3111111111111111,3.111111111111111,7.844444444444444,1.7555555555555555,0.3777777777777777,46.59453781512605,1,0,0,0,0,0,0,0,0,0,0,0,0,0,0,0,0,0,0,0,0,0,0,0,0,0,0,0,0,0,0,1.0,2.272727272727273,11991.0,117.69729093050648,79.0,19.899244332493705,116.0,29.29292929292929,20.932069301272147,81.56685819204007,-0.0525252525252524,-3.851851851851845,0.11010101010101,10.531400966183568,0.0136363636363634,0.9836065573770354,0.0368686868686868,10.814814814814804,1.0,2015_2018_ingested; other_years_not_ingested; 5_wards_missing_geometry,150_WARD_ID_FRAMEWORK_LOCKED; POLYGON_FILE_REQUIRES_150_FEATURE_VALIDATION,28850.62,29560.52,709.9000000000015,2.46060569928827,0.8135650689140128,observed_raster_aggregation,1,145,42365,21824,20541,8887,5606,3119,227,28708,13657,14602,11234,3368,27763,0.7809788079109878,0.3446713088634486,0.6553286911365513,0.0736220937094299,0.0053581966245721,0.4848577835477399,0.1323262126755576,0.2651717219402809,0.0794995869231677,536,1,0.078980290334002,0.21902119208901216
66,Langar Houz,38.0,11607.0,496.0,522.0,1.0789473684210529,1.0789473684210529,1.263157894736842,1.4473684210526316,1.5789473684210529,1.1842105263157894,4.184210526315789,1.1842105263157894,0.1842105263157894,23.40120967741936,1,35.0,20001.0,524.0,529.0,1.0,1.2285714285714286,1.0285714285714285,1.4,1.2857142857142858,1.4857142857142858,1.1714285714285717,6.371428571428571,8.342857142857143,1.1714285714285717,0.2,38.16984732824427,1,0,0,0,0,0,0,0,0,0,0,0,0,0,0,0,0,0,0,0,0,0,0,0,0,0,0,0,0,0,0,-3.0,-7.894736842105263,8394.0,72.31842853450505,28.0,5.64516129032258,7.0,1.3409961685823757,14.768637650824914,63.110573574645954,-0.0127819548872176,-1.079365079365048,-0.0503759398496244,-4.6689895470383584,0.1368421052631578,10.833333333333332,0.0157894736842106,8.571428571428616,1.0,2015_2018_ingested; other_years_not_ingested; 5_wards_missing_geometry,150_WARD_ID_FRAMEWORK_LOCKED; POLYGON_FILE_REQUIRES_150_FEATURE_VALIDATION,49789.18,50928.55,1139.3700000000026,2.2883887623776946,0.7570505361504498,observed_raster_aggregation,1,145,41452,20894,20558,8121,5553,639,24,29200,12252,13144,10622,2522,28308,0.8133931307278754,0.3170896458554472,0.6829103541445527,0.0154154202451027,0.0005789829200038,0.495947119559973,0.1339621731158931,0.256248190678375,0.0608414551770722,536,1,0.0159944031651065,0.18660686927212455
67,Golconda,57.0,17491.0,787.0,799.0,1.0350877192982455,1.0350877192982455,1.350877192982456,1.4210526315789471,1.7017543859649122,1.2105263157894737,3.982456140350877,1.1578947368421053,0.3508771929824561,22.224904701397712,1,57.0,42970.0,818.0,892.0,1.0,1.1403508771929824,1.0,1.4210526315789471,1.1228070175438596,1.6140350877192982,1.1929824561403508,10.070175438596491,7.7894736842105265,1.0701754385964912,0.3508771929824561,52.530562347188265,1,0,0,0,0,0,0,0,0,0,0,0,0,0,0,0,0,0,0,0,0,0,0,0,0,0,0,0,0,0,0,0.0,0.0,25479.0,145.66920130352753,31.0,3.939008894536213,93.0,11.639549436795996,30.30565764579056,136.35899929813712,-0.0175438596491228,-1.449275362318845,-0.0350877192982455,-3.389830508474566,0.0701754385964912,5.194805194805195,0.0,0.0,1.0,2015_2018_ingested; other_years_not_ingested; 5_wards_missing_geometry,150_WARD_ID_FRAMEWORK_LOCKED; POLYGON_FILE_REQUIRES_150_FEATURE_VALIDATION,30282.5,30994.13,711.630000000001,2.349971105423928,0.7772666152137564,observed_raster_aggregation,1,145,40688,21165,19523,8964,4480,3147,667,31220,9468,16231,13411,2820,24457,0.8622403888643394,0.3989136846244593,0.6010863153755407,0.0773446716476602,0.0163930397168698,0.4798220605583956,0.11010617381046,0.329605780574125,0.0693079040503342,536,1,0.09373771136452999,0.1377596111356606
68,Tolichowki,34.0,12195.0,588.0,625.0,1.0,1.0,1.1470588235294117,1.411764705882353,1.8235294117647056,1.0588235294117647,5.911764705882353,1.2058823529411764,0.0588235294117647,20.739795918367346,1,35.0,32028.0,737.0,650.0,1.0,1.2571428571428571,1.0,1.3142857142857145,1.2,1.7142857142857142,1.0571428571428572,9.314285714285717,9.0,1.0,0.0571428571428571,43.4572591587517,1,0,0,0,0,0,0,0,0,0,0,0,0,0,0,0,0,0,0,0,0,0,0,0,0,0,0,0,0,0,0,1.0,2.941176470588235,19833.0,162.63222632226322,149.0,25.34013605442177,25.0,4.0,22.71746324038435,109.53561611599837,-0.0016806722689075,-0.1587301587301581,0.0,0.0,0.1672268907563028,14.578754578754603,-0.0016806722689075,-2.857142857142918,1.0,2015_2018_ingested; other_years_not_ingested; 5_wards_missing_geometry,150_WARD_ID_FRAMEWORK_LOCKED; POLYGON_FILE_REQUIRES_150_FEATURE_VALIDATION,21126.55,21623.21,496.6599999999999,2.3508807637782785,0.7775651745259182,observed_raster_aggregation,1,145,60074,30664,29410,13613,7838,2532,285,42218,17856,21806,17585,4221,38268,0.8082165556321311,0.3629856510303959,0.6370143489696042,0.0421480174451509,0.0047441488830442,0.4895628724573027,0.1304724173519326,0.2927223091520458,0.07026334187835,536,1,0.046892166328195095,0.19178344436786887
69,Nanal Nagar,11.0,4436.0,205.0,186.0,1.0,1.0,1.4545454545454546,1.2727272727272727,1.9090909090909087,1.0909090909090908,3.5454545454545454,1.0,0.0909090909090909,21.639024390243904,1,22.0,13562.0,316.0,295.0,1.0,1.3636363636363635,1.0454545454545454,1.2727272727272727,1.0909090909090908,1.7727272727272727,1.1363636363636365,9.318181818181818,8.318181818181818,1.0454545454545454,0.1363636363636363,42.91772151898734,1,0,0,0,0,0,0,0,0,0,0,0,0,0,0,0,0,0,0,0,0,0,0,0,0,0,0,0,0,0,0,11.0,100.0,9126.0,205.7258791704238,111.0,54.14634146341464,109.0,58.602150537634415,21.27869712874344,98.33482667701544,0.0454545454545456,4.166666666666684,0.0454545454545454,4.545454545454541,-0.1818181818181818,-12.500000000000004,0.0454545454545454,49.99999999999994,1.0,2015_2018_ingested; other_years_not_ingested; 5_wards_missing_geometry,150_WARD_ID_FRAMEWORK_LOCKED; POLYGON_FILE_REQUIRES_150_FEATURE_VALIDATION,27292.69,27917.68,624.9900000000016,2.2899538301281464,0.7575644126783132,observed_raster_aggregation,1,145,39933,20532,19401,8755,5249,4600,535,28441,11492,13915,10871,3044,26018,0.8200034598085573,0.3484586682693512,0.6515413317306489,0.1151929481882152,0.0133974407131946,0.485838779956427,0.1314451706608569,0.2722309869030626,0.0762276813662885,536,1,0.1285903889014098,0.17999654019144273
70,Mehdipatnam,60.0,21786.0,956.0,687.0,1.0,1.05,1.3333333333333333,1.4833333333333334,1.4,1.3833333333333333,3.1166666666666667,1.1333333333333333,0.1333333333333333,22.788702928870293,1,57.0,42276.0,932.0,792.0,1.0,1.1403508771929824,1.0350877192982455,1.4210526315789471,1.280701754385965,1.4912280701754386,1.105263157894737,7.719298245614035,8.228070175438596,1.1754385964912282,0.1403508771929824,45.36051502145923,1,0,0,0,0,0,0,0,0,0,0,0,0,0,0,0,0,0,0,0,0,0,0,0,0,0,0,0,0,0,0,-3.0,-5.0,20490.0,94.0512255576976,-24.0,-2.510460251046025,105.0,15.283842794759824,22.57181209258893,99.0482528252778,-0.2780701754385963,-20.1014584654407,-0.0149122807017545,-1.420217209690909,0.0877192982456138,6.57894736842104,0.007017543859649,5.2631578947368185,1.0,2015_2018_ingested; other_years_not_ingested; 5_wards_missing_geometry,150_WARD_ID_FRAMEWORK_LOCKED; POLYGON_FILE_REQUIRES_150_FEATURE_VALIDATION,18047.88,18508.8,460.9199999999983,2.553873363519694,0.8441452582674813,observed_raster_aggregation,1,145,63787,31868,31919,12437,9423,774,78,46339,17448,18369,13462,4907,45418,0.8523839305422706,0.2879740385972063,0.7120259614027937,0.0121341339144339,0.0012228196968034,0.5003997679778012,0.1477260256792136,0.2110461379277909,0.0769279006694153,536,1,0.0133569536112373,0.14761606945772943
71,Gudimalkapur,25.0,8141.0,331.0,224.0,1.0,1.16,1.52,1.44,1.56,1.2,1.4,1.64,0.24,24.595166163142,1,27.0,12350.0,360.0,333.0,1.0,1.8888888888888888,1.0740740740740742,1.4814814814814814,1.4074074074074074,1.6296296296296295,1.148148148148148,4.222222222222222,8.444444444444445,1.4444444444444444,0.2222222222222222,34.30555555555556,1,0,0,0,0,0,0,0,0,0,0,0,0,0,0,0,0,0,0,0,0,0,0,0,0,0,0,0,0,0,0,2.0,8.0,4209.0,51.70126520083528,29.0,8.761329305135952,109.0,48.660714285714285,9.710389392413555,39.4808855041013,-0.051851851851852,-4.320987654321003,-0.0859259259259257,-7.407407407407391,-0.0385185185185186,-2.534113060428856,-0.0177777777777777,-7.40740740740741,1.0,2015_2018_ingested; other_years_not_ingested; 5_wards_missing_geometry,150_WARD_ID_FRAMEWORK_LOCKED; POLYGON_FILE_REQUIRES_150_FEATURE_VALIDATION,23147.19,23727.83,580.640000000003,2.508468630533568,0.8292604722042851,observed_raster_aggregation,1,145,49565,26517,23048,9350,6194,691,50,35861,13704,19300,14215,5085,30265,0.8268428212399991,0.3893876727529506,0.6106123272470493,0.0139412892161807,0.0010087763542822,0.4650055482699485,0.1249672147684858,0.2867951175224453,0.1025925552305054,536,1,0.0149500655704629,0.17315717876000092
72,Asif Nagar,50.0,14213.0,763.0,575.0,1.02,1.02,1.38,1.62,1.54,1.32,1.76,1.16,0.2,18.62778505897772,1,48.0,35006.0,667.0,593.0,1.0,1.3333333333333333,1.0416666666666667,1.5416666666666667,1.375,1.625,1.1875,3.375,8.375,1.1041666666666667,0.2083333333333333,52.48275862068966,1,0,0,0,0,0,0,0,0,0,0,0,0,0,0,0,0,0,0,0,0,0,0,0,0,0,0,0,0,0,0,-2.0,-4.0,20793.0,146.29564483219588,-96.0,-12.58191349934469,18.0,3.130434782608696,33.85497356171194,181.74449326381625,-0.1325,-10.03787878787879,0.0216666666666667,2.124183006535953,0.1616666666666668,11.714975845410642,0.0083333333333332,4.166666666666638,1.0,2015_2018_ingested; other_years_not_ingested; 5_wards_missing_geometry,150_WARD_ID_FRAMEWORK_LOCKED; POLYGON_FILE_REQUIRES_150_FEATURE_VALIDATION,17918.65,18387.42,468.7699999999968,2.616101101366436,0.8645379033284772,observed_raster_aggregation,1,145,40889,20907,19982,8257,5316,541,706,29435,11454,12484,9955,2529,28405,0.8274534056728418,0.305314387732642,0.6946856122673579,0.0132309423072219,0.0172662574286482,0.4886888894323656,0.1300105162757709,0.2434640123260534,0.0618503754065885,536,1,0.0304971997358701,0.17254659432715824
73,Vijay Nagar Colony,24.0,11140.0,457.0,335.0,1.0,1.0,1.4583333333333333,1.375,1.3333333333333333,1.375,0.8333333333333334,1.0416666666666667,0.25,24.37636761487965,1,27.0,21367.0,475.0,421.0,1.0,2.185185185185185,1.0,1.5555555555555556,1.2962962962962965,1.4444444444444444,1.0740740740740742,8.777777777777779,7.62962962962963,1.037037037037037,0.2222222222222222,44.98315789473684,1,0,0,0,0,0,0,0,0,0,0,0,0,0,0,0,0,0,0,0,0,0,0,0,0,0,0,0,0,0,0,3.0,12.5,10227.0,91.80430879712746,18.0,3.938730853391685,86.0,25.67164179104477,20.60679027985719,84.5359349900784,-0.3009259259259258,-21.88552188552188,0.0,0.0,0.0972222222222223,6.666666666666673,-0.0277777777777777,-11.111111111111116,1.0,2015_2018_ingested; other_years_not_ingested; 5_wards_missing_geometry,150_WARD_ID_FRAMEWORK_LOCKED; POLYGON_FILE_REQUIRES_150_FEATURE_VALIDATION,28014.53,28707.22,692.6900000000023,2.472609749297962,0.817501944006227,observed_raster_aggregation,1,145,31635,15838,15797,7067,3557,1490,166,25806,5829,10905,9440,1465,20730,0.919082555737588,0.3447131341868183,0.6552868658131816,0.0470997313102576,0.0052473526157736,0.4993519835625098,0.1124387545440177,0.2984036668247194,0.0463094673620989,536,1,0.052347083926031206,0.08091744426241199
74,Ahmed Nagar,30.0,6791.0,315.0,286.0,1.1,1.1333333333333333,1.5333333333333334,1.5666666666666669,1.3,1.4,0.5,1.2,0.3,21.55873015873016,1,30.0,16275.0,327.0,333.0,1.0666666666666669,1.5333333333333334,1.1,1.6,1.3666666666666667,1.4666666666666666,1.3,3.1,8.233333333333333,1.1333333333333333,0.3,49.77064220183486,1,0,0,0,0,0,0,0,0,0,0,0,0,0,0,0,0,0,0,0,0,0,0,0,0,0,0,0,0,0,0,0.0,0.0,9484.0,139.65542629951406,12.0,3.8095238095238098,47.0,16.433566433566433,28.2119120431047,130.8607317564126,-0.0999999999999998,-7.142857142857134,-0.0333333333333332,-2.941176470588225,0.0666666666666666,4.347826086956521,0.0,0.0,1.0,2015_2018_ingested; other_years_not_ingested; 5_wards_missing_geometry,150_WARD_ID_FRAMEWORK_LOCKED; POLYGON_FILE_REQUIRES_150_FEATURE_VALIDATION,20308.04,20783.39,475.34999999999854,2.3406985607670583,0.7742231689022105,observed_raster_aggregation,1,145,25847,12921,12926,5756,2859,2847,172,19702,6145,9033,7197,1836,16814,0.857055855228815,0.3494796301311564,0.6505203698688435,0.1101481796726892,0.0066545440476651,0.5000967230239486,0.1106124501876426,0.2784462413432894,0.071033388787867,536,1,0.1168027237203543,0.142944144771185
75,Red Hills,10.0,3031.0,122.0,98.0,1.0,1.1,1.7,1.5,1.5,1.3,1.4,1.0,0.3,24.84426229508197,1,11.0,5750.0,138.0,117.0,1.0,1.7272727272727273,1.0909090909090908,1.6363636363636365,1.3636363636363635,1.7272727272727273,1.2727272727272727,3.1818181818181817,7.727272727272727,1.0,0.3636363636363636,41.66666666666666,1,0,0,0,0,0,0,0,0,0,0,0,0,0,0,0,0,0,0,0,0,0,0,0,0,0,0,0,0,0,0,1.0,10.0,2719.0,89.70636753546685,16.0,13.114754098360656,19.0,19.387755102040817,16.82240437158469,67.71142637193441,-0.0272727272727273,-2.097902097902103,-0.0090909090909092,-0.8264462809917508,-0.0636363636363634,-3.743315508021382,0.0636363636363636,21.2121212121212,1.0,2015_2018_ingested; other_years_not_ingested; 5_wards_missing_geometry,150_WARD_ID_FRAMEWORK_LOCKED; POLYGON_FILE_REQUIRES_150_FEATURE_VALIDATION,29986.47,30704.05,717.5799999999981,2.3930125820078123,0.791391336573577,observed_raster_aggregation,1,145,34868,17851,17017,7288,4522,3185,39,24734,10134,11255,9422,1833,23613,0.8150662360772425,0.3227888034874383,0.6772111965125617,0.0913444992543306,0.001118504072502,0.4880406103017093,0.1296891132270276,0.270219112079844,0.0525696914075943,536,1,0.09246300332683259,0.1849337639227575
76,Mallepally,28.0,5750.0,304.0,214.0,1.0,1.1071428571428572,1.4285714285714286,1.4285714285714286,1.5,1.5,0.9285714285714286,1.5714285714285714,0.25,18.914473684210527,1,29.0,11263.0,298.0,280.0,1.0344827586206895,1.827586206896552,1.103448275862069,1.4482758620689655,1.2758620689655171,1.7241379310344829,1.4137931034482758,4.379310344827586,7.724137931034483,1.4137931034482758,0.2413793103448276,37.79530201342282,1,0,0,0,0,0,0,0,0,0,0,0,0,0,0,0,0,0,0,0,0,0,0,0,0,0,0,0,0,0,0,1.0,3.571428571428571,5513.0,95.8782608695652,-6.0,-1.973684210526316,66.0,30.8411214953271,18.88082832921229,99.82211847096583,-0.0862068965517242,-5.747126436781613,-0.0036945812807882,-0.3337041156841005,0.0197044334975369,1.3793103448275843,-0.0086206896551724,-3.4482758620689613,1.0,2015_2018_ingested; other_years_not_ingested; 5_wards_missing_geometry,150_WARD_ID_FRAMEWORK_LOCKED; POLYGON_FILE_REQUIRES_150_FEATURE_VALIDATION,13987.8,14348.77,360.9700000000012,2.580605956619348,0.8529068038109822,observed_raster_aggregation,1,145,27280,13864,13416,5604,3193,1194,42,21531,5749,8642,7913,729,18638,0.8938846680782164,0.3167888563049853,0.6832111436950147,0.0437683284457478,0.0015395894428152,0.4917888563049853,0.1170454545454545,0.290065982404692,0.0267228739002932,536,1,0.045307917888563004,0.10611533192178357
77,Jambagh,9.0,1174.0,58.0,79.0,1.0,1.1111111111111112,1.3333333333333333,1.5555555555555556,1.7777777777777777,1.3333333333333333,1.3333333333333333,1.4444444444444444,0.1111111111111111,20.24137931034483,1,8.0,1991.0,59.0,76.0,1.0,3.0,1.375,1.5,1.0,1.875,1.25,2.75,8.125,1.5,0.125,33.74576271186441,1,0,0,0,0,0,0,0,0,0,0,0,0,0,0,0,0,0,0,0,0,0,0,0,0,0,0,0,0,0,0,-1.0,-11.11111111111111,817.0,69.59114139693357,1.0,1.7241379310344829,-3.0,-3.79746835443038,13.50438340151958,66.7167152715618,-0.0833333333333332,-6.249999999999995,0.2638888888888888,23.75,0.1666666666666667,12.500000000000004,0.0138888888888888,12.500000000000004,1.0,2015_2018_ingested; other_years_not_ingested; 5_wards_missing_geometry,150_WARD_ID_FRAMEWORK_LOCKED; POLYGON_FILE_REQUIRES_150_FEATURE_VALIDATION,33228.53,34049.58,821.0500000000029,2.47091881584892,0.8169474002948096,observed_raster_aggregation,1,145,40798,20788,20010,8247,4922,3055,196,28625,12173,15783,11745,4038,25015,0.7978871669082395,0.3868571988822981,0.6131428011177018,0.074881121623609,0.0048041570665228,0.4904652188832786,0.1206431687827834,0.2878817589097505,0.0989754399725476,536,1,0.07968527869013181,0.20211283309176054
78,Gunfoundry,69.0,28814.0,1368.0,958.0,1.0,1.0869565217391304,1.1884057971014492,1.463768115942029,1.5507246376811594,1.318840579710145,4.246376811594203,1.3768115942028984,0.2753623188405797,21.06286549707602,1,69.0,46421.0,1378.0,1041.0,1.0,2.057971014492753,1.0434782608695652,1.2463768115942029,1.1304347826086956,1.608695652173913,1.2318840579710144,10.115942028985508,6.753623188405797,1.2753623188405796,0.2753623188405797,33.68722786647315,1,0,0,0,0,0,0,0,0,0,0,0,0,0,0,0,0,0,0,0,0,0,0,0,0,0,0,0,0,0,0,0.0,0.0,17607.0,61.10571250086764,10.0,0.7309941520467835,83.0,8.663883089770355,12.62436236939713,59.93658541450432,-0.0869565217391306,-6.593406593406606,-0.0434782608695651,-3.999999999999997,0.0579710144927536,4.878048780487807,0.0,0.0,1.0,2015_2018_ingested; other_years_not_ingested; 5_wards_missing_geometry,150_WARD_ID_FRAMEWORK_LOCKED; POLYGON_FILE_REQUIRES_150_FEATURE_VALIDATION,52749.52,53988.62,1239.1000000000058,2.3490261143608624,0.7769564574664933,observed_raster_aggregation,1,145,22309,11134,11175,4949,1926,2848,99,17914,4395,8397,7472,925,13912,0.8788696462738557,0.3763951768344614,0.6236048231655386,0.1276614819131292,0.0044376708951544,0.5009189116500067,0.0863328701420951,0.3349320901878165,0.0414630866466448,536,1,0.1320991528082836,0.12113035372614434
79,Himayath Nagar,58.0,36517.0,1309.0,931.0,1.0,1.2413793103448276,1.2586206896551724,1.603448275862069,1.3275862068965518,1.1206896551724137,13.689655172413794,1.0,0.1206896551724138,27.896867838044308,1,61.0,53067.0,1330.0,1108.0,1.0327868852459017,1.786885245901639,1.2622950819672132,1.2950819672131149,1.180327868852459,1.475409836065574,1.1147540983606556,16.80327868852459,8.163934426229508,1.213114754098361,0.1147540983606557,39.9,1,0,0,0,0,0,0,0,0,0,0,0,0,0,0,0,0,0,0,0,0,0,0,0,0,0,0,0,0,0,0,3.0,5.172413793103448,16550.0,45.32135717610976,21.0,1.6042780748663104,177.0,19.01181525241676,12.00313216195569,43.02680943122381,-0.005935556811758,-0.5296343001261037,0.0209157716223855,1.6848816029143925,0.0364612775579424,2.8969234224118687,-0.0059355568117581,-4.918032786885282,1.0,2015_2018_ingested; other_years_not_ingested; 5_wards_missing_geometry,150_WARD_ID_FRAMEWORK_LOCKED; POLYGON_FILE_REQUIRES_150_FEATURE_VALIDATION,35836.87,36721.82,884.9499999999971,2.46938418450048,0.8164441107693765,observed_raster_aggregation,1,145,31267,15861,15406,6830,2940,903,84,25753,5514,10725,9436,1289,20542,0.9091326296466268,0.3430134007100137,0.6569865992899863,0.0288802891227172,0.0026865385230434,0.4927239581667573,0.0940288483065212,0.3017878274218825,0.0412255732881312,536,1,0.0315668276457606,0.09086737035337322
80,Kachiguda,35.0,11889.0,383.0,391.0,1.0,1.0857142857142856,1.3142857142857145,1.5142857142857142,1.4285714285714286,1.2,5.342857142857143,1.0285714285714285,0.2,31.04177545691906,1,34.0,17048.0,394.0,405.0,1.0294117647058822,1.9705882352941173,1.1176470588235294,1.3235294117647058,1.0588235294117647,1.5294117647058822,1.1176470588235294,7.029411764705882,6.911764705882353,1.0,0.2058823529411764,43.26903553299493,1,0,0,0,0,0,0,0,0,0,0,0,0,0,0,0,0,0,0,0,0,0,0,0,0,0,0,0,0,0,0,-1.0,-2.857142857142857,5159.0,43.39305240137943,11.0,2.8720626631853787,14.0,3.580562659846547,12.227260076075869,39.38969307037647,-0.0823529411764705,-6.862745098039211,0.0319327731092438,2.9411764705882457,0.0092436974789913,0.7033248081841238,0.0058823529411763,2.9411764705881973,1.0,2015_2018_ingested; other_years_not_ingested; 5_wards_missing_geometry,150_WARD_ID_FRAMEWORK_LOCKED; POLYGON_FILE_REQUIRES_150_FEATURE_VALIDATION,28327.2,29032.04,704.8400000000001,2.488209212347144,0.8226175194515406,observed_raster_aggregation,1,145,40354,20406,19948,8921,3703,2268,336,33136,7218,16205,11694,4511,24149,0.9040953862104716,0.4015710958021509,0.598428904197849,0.0562026069286811,0.0083263121375823,0.4943252217871834,0.0917628983496059,0.2897853992169302,0.1117856965852207,536,1,0.0645289190662634,0.09590461378952841
81,Nallakunta,21.0,2657.0,165.0,172.0,1.0,1.1428571428571428,1.6666666666666667,1.4285714285714286,1.1904761904761905,1.5238095238095235,1.619047619047619,1.4285714285714286,0.238095238095238,16.1030303030303,1,19.0,3553.0,134.0,169.0,1.0,1.8421052631578947,1.0526315789473684,1.7894736842105263,1.1578947368421053,1.4736842105263157,1.263157894736842,4.947368421052632,8.631578947368421,1.4736842105263157,0.2631578947368421,26.51492537313433,1,0,0,0,0,0,0,0,0,0,0,0,0,0,0,0,0,0,0,0,0,0,0,0,0,0,0,0,0,0,0,-2.0,-9.523809523809524,896.0,33.72224313135115,-31.0,-18.787878787878785,-3.0,-1.744186046511628,10.411895070104029,64.65798594532046,-0.2606516290726814,-17.105263157894722,-0.0902255639097744,-7.894736842105263,0.1228070175438595,7.368421052631575,0.025062656641604,10.526315789473722,1.0,2015_2018_ingested; other_years_not_ingested; 5_wards_missing_geometry,150_WARD_ID_FRAMEWORK_LOCKED; POLYGON_FILE_REQUIRES_150_FEATURE_VALIDATION,22493.83,23055.87,562.0399999999972,2.4986407383713543,0.826038069274837,observed_raster_aggregation,1,145,30388,15225,15163,6911,2692,2206,157,25098,5290,12985,10242,2743,17403,0.9061958405545928,0.42730683164407,0.57269316835593,0.0725944451757272,0.0051665130972752,0.4989798604712386,0.0885876003685665,0.3370409372120574,0.0902658944320126,536,1,0.0777609582730024,0.09380415944540721
82,Golnaka,31.0,7468.0,329.0,319.0,1.0,1.1935483870967742,1.2580645161290325,1.2903225806451613,1.2903225806451613,1.4193548387096775,1.1612903225806452,1.7096774193548387,0.2580645161290322,22.699088145896656,1,31.0,12893.0,302.0,361.0,1.0,1.2580645161290325,1.1935483870967742,1.3870967741935485,1.2258064516129032,1.6774193548387095,1.3870967741935485,4.709677419354839,8.290322580645162,1.3870967741935485,0.2580645161290322,42.69205298013245,1,0,0,0,0,0,0,0,0,0,0,0,0,0,0,0,0,0,0,0,0,0,0,0,0,0,0,0,0,0,0,0.0,0.0,5425.0,72.64327798607391,-27.0,-8.206686930091186,42.0,13.166144200626958,19.9929648342358,88.07827303780901,-0.032258064516129,-2.2727272727272707,0.0,0.0,0.129032258064516,10.256410256410245,0.0,0.0,1.0,2015_2018_ingested; other_years_not_ingested; 5_wards_missing_geometry,150_WARD_ID_FRAMEWORK_LOCKED; POLYGON_FILE_REQUIRES_150_FEATURE_VALIDATION,26290.43,26918.74,628.3100000000013,2.3898810327560307,0.7903638041409033,observed_raster_aggregation,1,145,37320,19029,18291,8213,3896,2618,133,28434,8886,13203,10499,2704,24117,0.8507060794638583,0.3537781350482315,0.6462218649517685,0.070150053590568,0.0035637727759914,0.490112540192926,0.1043944265809217,0.2813236870310825,0.0724544480171489,536,1,0.0737138263665594,0.14929392053614166
83,Amberpet,41.0,12531.0,469.0,422.0,1.0,1.195121951219512,1.5853658536585369,1.2195121951219512,1.2439024390243902,1.6097560975609757,1.5365853658536586,1.5365853658536586,0.3658536585365853,26.718550106609808,1,42.0,25119.0,486.0,546.0,1.0238095238095235,1.5714285714285714,1.0714285714285714,1.5952380952380951,1.2142857142857142,1.4523809523809523,1.3333333333333333,7.190476190476191,8.071428571428571,1.5714285714285714,0.3571428571428571,51.68518518518518,1,0,0,0,0,0,0,0,0,0,0,0,0,0,0,0,0,0,0,0,0,0,0,0,0,0,0,0,0,0,0,1.0,2.4390243902439024,12588.0,100.45487191764424,17.0,3.624733475479744,124.0,29.383886255924168,24.966635078575376,93.4430759863686,-0.2764227642276424,-17.171717171717184,-0.1236933797909405,-10.349854227405231,0.0098722415795582,0.6227106227105965,-0.0087108013937282,-2.380952380952377,1.0,2015_2018_ingested; other_years_not_ingested; 5_wards_missing_geometry,150_WARD_ID_FRAMEWORK_LOCKED; POLYGON_FILE_REQUIRES_150_FEATURE_VALIDATION,23086.83,23647.03,560.1999999999971,2.4264916404720656,0.8023752669975792,observed_raster_aggregation,1,145,26762,13407,13355,6110,3254,1553,285,19044,7718,9869,8165,1704,16893,0.8101071975497703,0.3687691502877214,0.6312308497122786,0.0580300425977131,0.0106494282938494,0.4990284732082804,0.1215903146252148,0.3050967790150213,0.0636723712727001,536,1,0.0686794708915625,0.18989280245022966
84,Bagh Amberpet,29.0,8649.0,381.0,325.0,1.0,1.2413793103448276,1.4482758620689655,1.206896551724138,1.3793103448275863,1.3793103448275863,3.931034482758621,1.4827586206896552,0.1724137931034483,22.700787401574804,1,30.0,12327.0,371.0,411.0,1.0,1.0333333333333334,1.1333333333333333,1.4333333333333331,1.0666666666666669,1.4,1.2,5.633333333333334,8.233333333333333,1.2666666666666666,0.1666666666666666,33.22641509433962,1,0,0,0,0,0,0,0,0,0,0,0,0,0,0,0,0,0,0,0,0,0,0,0,0,0,0,0,0,0,0,1.0,3.4482758620689653,3678.0,42.52514741588623,-10.0,-2.6246719160104988,86.0,26.461538461538463,10.525627692764818,46.36679559421199,-0.1793103448275863,-13.000000000000009,-0.1080459770114943,-8.70370370370371,-0.0149425287356323,-1.0317460317460467,-0.0057471264367816,-3.333333333333377,1.0,2015_2018_ingested; other_years_not_ingested; 5_wards_missing_geometry,150_WARD_ID_FRAMEWORK_LOCKED; POLYGON_FILE_REQUIRES_150_FEATURE_VALIDATION,22150.34,22716.47,566.130000000001,2.555852415809424,0.8447939402602245,observed_raster_aggregation,1,145,41720,21375,20345,9426,5589,2483,580,29267,12453,13520,10699,2821,28200,0.8100246325869752,0.324065196548418,0.675934803451582,0.059515819750719,0.0139022051773729,0.4876558005752636,0.1339645254074784,0.2564477468839884,0.0676174496644295,536,1,0.0734180249280919,0.1899753674130248
85,Adikmet,47.0,11080.0,550.0,507.0,1.0,1.0212765957446808,1.3404255319148937,1.127659574468085,1.4893617021276595,1.3829787234042554,4.1063829787234045,1.1063829787234043,0.1489361702127659,20.145454545454545,1,44.0,16156.0,506.0,520.0,1.0,1.3863636363636365,1.0227272727272727,1.3863636363636365,1.0909090909090908,1.25,1.2045454545454546,7.227272727272727,7.522727272727272,1.1363636363636365,0.1590909090909091,31.92885375494071,1,0,0,0,0,0,0,0,0,0,0,0,0,0,0,0,0,0,0,0,0,0,0,0,0,0,0,0,0,0,0,-3.0,-6.382978723404255,5076.0,45.81227436823105,-44.0,-8.0,13.0,2.564102564102564,11.783399209486166,58.49160257416418,-0.1784332688588008,-12.902097902097903,0.0014506769825919,0.1420454545454604,0.0459381044487428,3.4271284271284315,0.0101547388781431,6.818181818181861,1.0,2015_2018_ingested; other_years_not_ingested; 5_wards_missing_geometry,150_WARD_ID_FRAMEWORK_LOCKED; POLYGON_FILE_REQUIRES_150_FEATURE_VALIDATION,17390.57,17831.66,441.09000000000015,2.536374598417419,0.838409253932304,observed_raster_aggregation,1,145,24826,12566,12260,5764,2771,1905,635,18961,5865,9407,7753,1654,15419,0.8597143504874178,0.3789172641585435,0.6210827358414566,0.0767340691210827,0.0255780230403609,0.4938371062595665,0.1116168532989607,0.3122935631998711,0.0666237009586723,536,1,0.1023120921614436,0.14028564951258216
86,Musheerabad,56.0,13469.0,598.0,595.0,1.0178571428571428,1.0535714285714286,1.4107142857142858,1.2142857142857142,1.4285714285714286,1.4285714285714286,2.9107142857142856,1.0892857142857142,0.125,22.52341137123745,1,55.0,27009.0,640.0,669.0,1.0545454545454545,1.4363636363636365,1.1636363636363636,1.4727272727272729,1.2727272727272727,1.2,1.2,5.418181818181818,7.6,1.181818181818182,0.1272727272727272,42.2015625,1,0,0,0,0,0,0,0,0,0,0,0,0,0,0,0,0,0,0,0,0,0,0,0,0,0,0,0,0,0,0,-1.0,-1.7857142857142856,13540.0,100.52713638725965,42.0,7.023411371237458,74.0,12.436974789915968,19.67815112876255,87.3675430618458,-0.2285714285714286,-16.000000000000007,0.1100649350649349,10.446841294298912,0.062012987012987,4.395857307249716,0.0022727272727272,1.8181818181817635,1.0,2015_2018_ingested; other_years_not_ingested; 5_wards_missing_geometry,150_WARD_ID_FRAMEWORK_LOCKED; POLYGON_FILE_REQUIRES_150_FEATURE_VALIDATION,13316.49,13660.61,344.1200000000008,2.584164445736082,0.854072975584308,observed_raster_aggregation,1,145,27719,13980,13739,6802,2426,1471,233,22264,5455,12134,8506,3628,15585,0.8802435456450401,0.4377502795916158,0.5622497204083842,0.0530682925069447,0.0084057866445398,0.4956528013276092,0.087521194848299,0.3068653270319997,0.1308849525596161,536,1,0.0614740791514845,0.11975645435495985
87,Ramnagar,34.0,10712.0,479.0,479.0,1.0,1.0588235294117647,1.6176470588235294,1.088235294117647,1.4411764705882353,1.2647058823529411,3.852941176470588,1.588235294117647,0.1470588235294117,22.363256784968684,1,34.0,16547.0,495.0,511.0,1.0,1.2352941176470589,1.0588235294117647,1.7058823529411764,1.088235294117647,1.088235294117647,1.1764705882352942,9.470588235294118,8.147058823529411,1.1176470588235294,0.1470588235294117,33.428282828282825,1,0,0,0,0,0,0,0,0,0,0,0,0,0,0,0,0,0,0,0,0,0,0,0,0,0,0,0,0,0,0,0.0,0.0,5835.0,54.47162061239731,16.0,3.340292275574112,32.0,6.6805845511482245,11.06502604331414,49.47859853199658,-0.0882352941176469,-6.9767441860465045,0.0,0.0,0.0882352941176469,5.454545454545449,0.0,0.0,1.0,2015_2018_ingested; other_years_not_ingested; 5_wards_missing_geometry,150_WARD_ID_FRAMEWORK_LOCKED; POLYGON_FILE_REQUIRES_150_FEATURE_VALIDATION,26564.02,27240.18,676.1599999999999,2.5453978727617272,0.8413671178955751,observed_raster_aggregation,1,145,32531,16412,16119,8066,2798,2829,146,26976,5555,13175,10750,2425,19356,0.90727474523257,0.4049983093049706,0.5950016906950294,0.0869632043281792,0.0044880268052011,0.4954966032399864,0.0860102671298146,0.3304540284651563,0.0745442808398143,536,1,0.0914512311333803,0.09272525476742999
88,Bholakpur,11.0,6640.0,313.0,251.0,1.0,1.0909090909090908,1.0909090909090908,1.0909090909090908,1.181818181818182,1.181818181818182,4.909090909090909,1.0,0.1818181818181818,21.21405750798722,1,11.0,19474.0,265.0,255.0,1.0,1.0,1.0909090909090908,1.0909090909090908,1.2727272727272727,1.0,1.181818181818182,7.818181818181818,8.272727272727273,1.0,0.1818181818181818,73.48679245283019,1,0,0,0,0,0,0,0,0,0,0,0,0,0,0,0,0,0,0,0,0,0,0,0,0,0,0,0,0,0,0,0.0,0.0,12834.0,193.2831325301205,-48.0,-15.335463258785945,4.0,1.593625498007968,52.272734944842966,246.4061150261423,0.0,0.0,0.0,0.0,0.0,0.0,0.0,0.0,1.0,2015_2018_ingested; other_years_not_ingested; 5_wards_missing_geometry,150_WARD_ID_FRAMEWORK_LOCKED; POLYGON_FILE_REQUIRES_150_FEATURE_VALIDATION,16308.89,16725.58,416.6900000000023,2.554986881388018,0.8445102415605366,observed_raster_aggregation,1,145,36526,18482,18044,9009,3163,4266,615,29288,7238,15799,11879,3920,20727,0.8778587057518809,0.4325412035262552,0.5674587964737448,0.1167935169468323,0.016837321360127,0.4940042709302962,0.0865958495318403,0.3252203909543886,0.1073208125718666,536,1,0.1336308383069593,0.12214129424811915
89,Gandhinagar,12.0,1925.0,134.0,131.0,1.0,1.0,1.3333333333333333,1.0,1.25,1.4166666666666667,2.333333333333333,1.0,0.0833333333333333,14.365671641791044,1,13.0,3548.0,150.0,147.0,1.0,1.6153846153846154,1.0769230769230769,1.4615384615384617,1.3076923076923077,1.3076923076923077,1.3846153846153846,5.153846153846154,9.0,1.0,0.0769230769230769,23.65333333333333,1,0,0,0,0,0,0,0,0,0,0,0,0,0,0,0,0,0,0,0,0,0,0,0,0,0,0,0,0,0,0,1.0,8.333333333333332,1623.0,84.31168831168831,16.0,11.940298507462686,16.0,12.213740458015266,9.287661691542285,64.65177489177488,-0.0320512820512821,-2.2624434389140347,0.0769230769230768,7.692307692307687,0.1282051282051284,9.615384615384633,-0.0064102564102564,-7.692307692307684,1.0,2015_2018_ingested; other_years_not_ingested; 5_wards_missing_geometry,150_WARD_ID_FRAMEWORK_LOCKED; POLYGON_FILE_REQUIRES_150_FEATURE_VALIDATION,24762.28,25379.16,616.880000000001,2.49120840245729,0.8236009927377719,observed_raster_aggregation,1,145,34664,17535,17129,8513,3479,2658,156,27695,6969,14073,11030,3043,20591,0.8880872214205547,0.4059831525501962,0.5940168474498039,0.0766789753057927,0.0045003461804754,0.4941437802907916,0.1003634894991922,0.3181975536579737,0.0877855988922224,536,1,0.0811793214862681,0.11191277857944526
90,Kavadiguda,36.0,8917.0,478.0,367.0,1.0277777777777777,1.0,1.4722222222222223,1.2777777777777777,1.3888888888888888,1.4166666666666667,3.9444444444444446,1.1388888888888888,0.1944444444444444,18.65481171548117,1,35.0,13424.0,418.0,488.0,1.0,1.457142857142857,1.0285714285714285,1.6285714285714286,1.0571428571428572,1.3714285714285714,1.2285714285714286,6.2,8.371428571428572,1.0,0.2,32.11483253588517,1,0,0,0,0,0,0,0,0,0,0,0,0,0,0,0,0,0,0,0,0,0,0,0,0,0,0,0,0,0,0,-1.0,-2.7777777777777777,4507.0,50.54390490075137,-60.0,-12.552301255230123,121.0,32.9700272479564,13.460020820404,72.15307785301238,-0.1880952380952381,-13.277310924369749,0.0285714285714284,2.857142857142847,0.1563492063492062,10.619946091644197,0.0055555555555556,2.8571428571428905,1.0,2015_2018_ingested; other_years_not_ingested; 5_wards_missing_geometry,150_WARD_ID_FRAMEWORK_LOCKED; POLYGON_FILE_REQUIRES_150_FEATURE_VALIDATION,27494.37,28134.8,640.4300000000003,2.3293132375828227,0.7704860123087798,observed_raster_aggregation,1,145,34899,17690,17209,8218,3885,4386,122,27164,7735,13314,11044,2270,21585,0.8758625137034888,0.3815009026046592,0.6184990973953408,0.1256769534943694,0.003495802171982,0.4931086850626092,0.1113212412963122,0.3164560589128628,0.0650448436917963,536,1,0.1291727556663514,0.12413748629651122
91,Khairatabad,49.0,11338.0,535.0,504.0,1.0,1.020408163265306,1.4285714285714286,1.2244897959183674,1.3877551020408163,1.2448979591836735,0.4489795918367347,1.0816326530612246,0.2244897959183673,21.192523364485982,1,51.0,22900.0,614.0,597.0,1.0,1.7843137254901962,1.03921568627451,1.4509803921568627,1.2549019607843137,1.588235294117647,1.0980392156862746,9.529411764705882,7.352941176470588,1.0784313725490196,0.2156862745098039,37.29641693811075,1,0,0,0,0,0,0,0,0,0,0,0,0,0,0,0,0,0,0,0,0,0,0,0,0,0,0,0,0,0,0,2.0,4.081632653061225,11562.0,101.97565708237784,79.0,14.766355140186915,93.0,18.45238095238096,16.10389357362477,75.98856113855399,-0.1468587434973989,-11.796849887495975,0.0188075230092041,1.8431372549020104,0.022408963585434,1.5686274509803866,-0.0088035214085633,-3.921568627450964,1.0,2015_2018_ingested; other_years_not_ingested; 5_wards_missing_geometry,150_WARD_ID_FRAMEWORK_LOCKED; POLYGON_FILE_REQUIRES_150_FEATURE_VALIDATION,61408.26,62823.73,1415.4700000000012,2.3050156444751915,0.762509561874114,observed_raster_aggregation,1,145,28426,14584,13842,6284,3448,1148,481,21168,7258,10441,8184,2257,17985,0.8474657698774922,0.3673045803137972,0.6326954196862028,0.0403855625131921,0.0169211285442904,0.4869485682122001,0.121297403785267,0.2879054386828959,0.0793991416309012,536,1,0.0573066910574825,0.15253423012250777
92,Venkateshwara Colony,27.0,11654.0,627.0,504.0,1.037037037037037,1.0,1.2592592592592593,1.2222222222222223,1.1851851851851851,1.1111111111111112,13.444444444444445,1.0,0.1851851851851851,18.586921850079744,1,28.0,22213.0,615.0,532.0,1.0,1.2857142857142858,1.0,1.4285714285714286,1.2142857142857142,1.1785714285714286,1.1071428571428572,14.642857142857142,8.714285714285714,1.0,0.1785714285714285,36.11869918699187,1,0,0,0,0,0,0,0,0,0,0,0,0,0,0,0,0,0,0,0,0,0,0,0,0,0,0,0,0,0,0,1.0,3.7037037037037033,10559.0,90.60408443452891,-12.0,-1.9138755980861244,28.0,5.555555555555555,17.531777336912125,94.32318852105632,-0.0039682539682539,-0.3571428571428559,0.0,0.0,0.1693121693121693,13.445378151260504,-0.0066137566137565,-3.571428571428566,1.0,2015_2018_ingested; other_years_not_ingested; 5_wards_missing_geometry,150_WARD_ID_FRAMEWORK_LOCKED; POLYGON_FILE_REQUIRES_150_FEATURE_VALIDATION,52037.27,53256.73,1219.4600000000064,2.343435772091823,0.7751215989813431,observed_raster_aggregation,1,145,31697,16384,15313,7007,4188,2295,145,21993,9704,10563,8432,2131,21134,0.7994838053000836,0.333249203394643,0.666750796605357,0.0724043284853456,0.0045745654162854,0.4831056566867527,0.1321260687131274,0.2660188661387513,0.0672303372558917,536,1,0.076978893901631,0.20051619469991644
93,Banjara Hills,16.0,3964.0,134.0,166.0,1.0,1.125,1.375,1.1875,1.8125,1.375,4.375,1.9375,0.25,29.58208955223881,1,18.0,8918.0,139.0,212.0,1.0,1.5,1.1111111111111112,1.5,1.3888888888888888,1.7777777777777777,1.2222222222222223,4.777777777777778,8.555555555555555,1.2222222222222223,0.2222222222222222,64.15827338129496,1,0,0,0,0,0,0,0,0,0,0,0,0,0,0,0,0,0,0,0,0,0,0,0,0,0,0,0,0,0,0,2.0,12.5,4954.0,124.97477295660948,5.0,3.731343283582089,46.0,27.710843373493976,34.57618382905615,116.88215522435728,-0.1527777777777776,-11.111111111111104,-0.0138888888888888,-1.2345679012345634,0.125,9.090909090909092,-0.0277777777777777,-11.111111111111116,1.0,2015_2018_ingested; other_years_not_ingested; 5_wards_missing_geometry,150_WARD_ID_FRAMEWORK_LOCKED; POLYGON_FILE_REQUIRES_150_FEATURE_VALIDATION,51209.49,52473.57,1264.0800000000015,2.4684487191729536,0.816137318076593,observed_raster_aggregation,1,145,26593,13166,13427,6569,2504,2440,199,21368,5225,11595,8448,3147,14998,0.8870438789488978,0.4360169969540857,0.5639830030459143,0.0917534689579964,0.0074831722633775,0.504907306434024,0.0941601173241078,0.3176775843267025,0.1183394126273831,536,1,0.09923664122137389,0.1129561210511022
94,Shaikpet,36.0,12913.0,495.0,528.0,1.0,1.0555555555555556,1.1944444444444444,1.3611111111111112,1.4444444444444444,1.1388888888888888,7.111111111111111,1.2777777777777777,0.0555555555555555,26.086868686868687,1,46.0,32520.0,695.0,682.0,1.0,1.6956521739130437,1.1304347826086956,1.3695652173913044,1.173913043478261,1.565217391304348,1.0217391304347827,8.804347826086957,8.5,1.173913043478261,0.0434782608695652,46.79136690647482,1,0,0,0,0,0,0,0,0,0,0,0,0,0,0,0,0,0,0,0,0,0,0,0,0,0,0,0,0,0,0,10.0,27.77777777777778,19607.0,151.8392317819252,200.0,40.4040404040404,154.0,29.166666666666668,20.704498219606133,79.36751040583161,-0.1171497584541061,-10.28632025450688,0.0748792270531399,7.093821510297473,0.17512077294686,14.661274014155724,-0.0120772946859902,-21.739130434782552,1.0,2015_2018_ingested; other_years_not_ingested; 5_wards_missing_geometry,150_WARD_ID_FRAMEWORK_LOCKED; POLYGON_FILE_REQUIRES_150_FEATURE_VALIDATION,60997.19,62515.85,1518.6599999999962,2.489721247814852,0.8231133378652444,observed_raster_aggregation,1,145,28887,14539,14348,7072,3096,4136,300,20933,7954,11115,9021,2094,17772,0.81163971928192,0.3847751583757399,0.61522484162426,0.1431785924464292,0.0103852944230968,0.4966940146086475,0.1071762384463599,0.3122858033025236,0.0724893550732163,536,1,0.153563886869526,0.18836028071807998
95,Jubilee Hills,41.0,17574.0,884.0,699.0,1.0,1.024390243902439,1.3658536585365857,1.4146341463414631,1.4390243902439024,1.2926829268292683,7.219512195121951,1.3414634146341464,0.3414634146341463,19.880090497737555,1,47.0,25760.0,884.0,748.0,1.0,1.5106382978723405,1.0212765957446808,1.4680851063829787,1.148936170212766,1.446808510638298,1.2127659574468086,14.02127659574468,8.23404255319149,1.2127659574468086,0.2978723404255319,29.14027149321267,1,0,0,0,0,0,0,0,0,0,0,0,0,0,0,0,0,0,0,0,0,0,0,0,0,0,0,0,0,0,0,6.0,14.634146341463412,8186.0,46.5801752589052,0.0,0.0,49.0,7.0100143061516444,9.260180995475114,46.58017525890521,-0.0799169693824597,-6.1822561220393375,-0.0031136481577582,-0.3039513677811649,0.102231447846393,7.484802431610918,-0.0435910742086144,-12.765957446808509,1.0,2015_2018_ingested; other_years_not_ingested; 5_wards_missing_geometry,150_WARD_ID_FRAMEWORK_LOCKED; POLYGON_FILE_REQUIRES_150_FEATURE_VALIDATION,111233.83,113973.09,2739.2599999999948,2.4626141165866486,0.8142237753624215,observed_raster_aggregation,1,145,32690,16413,16277,7948,3022,3665,343,25339,7351,14239,10247,3992,18451,0.8540852096534988,0.4355766289385133,0.5644233710614867,0.1121137962679718,0.010492505353319,0.4979198531661058,0.0924441725298256,0.3134597736310798,0.1221168553074334,536,1,0.1226063016212908,0.14591479034650123
96,Yousufguda,45.0,17741.0,757.0,632.0,1.0,1.1111111111111112,1.511111111111111,1.2,1.2666666666666666,1.2666666666666666,3.688888888888889,1.1111111111111112,0.1111111111111111,23.43593130779392,1,45.0,27603.0,787.0,758.0,1.0,1.3555555555555556,1.0444444444444445,1.6,1.4666666666666666,1.3555555555555556,1.1111111111111112,9.022222222222222,8.644444444444444,1.2222222222222223,0.1111111111111111,35.07369758576874,1,0,0,0,0,0,0,0,0,0,0,0,0,0,0,0,0,0,0,0,0,0,0,0,0,0,0,0,0,0,0,0.0,0.0,9862.0,55.58874922495913,30.0,3.963011889035667,126.0,19.93670886075949,11.637766277974825,49.657793091860334,-0.1555555555555554,-12.280701754385955,-0.0666666666666666,-5.999999999999998,0.088888888888889,5.88235294117648,0.0,0.0,1.0,2015_2018_ingested; other_years_not_ingested; 5_wards_missing_geometry,150_WARD_ID_FRAMEWORK_LOCKED; POLYGON_FILE_REQUIRES_150_FEATURE_VALIDATION,23846.49,24433.2,586.7099999999991,2.460362091024713,0.8134851714196811,observed_raster_aggregation,1,145,28768,14846,13922,6237,3523,1711,349,20371,8397,11292,8288,3004,17476,0.8069320657555952,0.3925194660734149,0.6074805339265851,0.0594758064516129,0.0121315350389321,0.483940489432703,0.1224624582869855,0.2880978865406006,0.1044215795328142,536,1,0.071607341490545,0.19306793424440483
97,Somajiguda,22.0,6224.0,213.0,253.0,1.0,1.0,1.2272727272727273,1.318181818181818,1.318181818181818,1.5454545454545454,1.5454545454545454,1.8636363636363635,0.2272727272727272,29.220657276995304,1,21.0,10524.0,217.0,266.0,1.0,1.0,1.0952380952380951,1.238095238095238,1.380952380952381,1.4761904761904765,1.2857142857142858,7.047619047619048,7.904761904761905,1.0,0.238095238095238,48.49769585253456,1,0,0,0,0,0,0,0,0,0,0,0,0,0,0,0,0,0,0,0,0,0,0,0,0,0,0,0,0,0,0,-1.0,-4.545454545454546,4300.0,69.08740359897172,4.0,1.8779342723004693,13.0,5.138339920948617,19.27703857553925,65.97058509945151,-0.2597402597402596,-16.806722689075624,0.0952380952380951,9.523809523809511,0.0108225108225106,0.8818342151675321,0.0108225108225107,4.7619047619047485,1.0,2015_2018_ingested; other_years_not_ingested; 5_wards_missing_geometry,150_WARD_ID_FRAMEWORK_LOCKED; POLYGON_FILE_REQUIRES_150_FEATURE_VALIDATION,34087.7,34912.81,825.1100000000006,2.4205505211557266,0.800426257814868,observed_raster_aggregation,1,145,35780,18227,17553,8746,3654,4112,266,28923,6857,13886,12144,1742,21894,0.9002988233829298,0.3880939072107322,0.6119060927892678,0.1149245388485187,0.0074343208496366,0.490581330352152,0.1021240916713247,0.3394074902179989,0.0486864169927333,536,1,0.12235885969815531,0.09970117661707023
98,Ameerpet,79.0,23294.0,1096.0,851.0,1.0253164556962024,1.1518987341772151,1.4556962025316456,1.3670886075949369,1.5949367088607596,1.3037974683544304,1.9873417721518989,1.0126582278481011,0.1139240506329113,21.253649635036496,1,76.0,32126.0,1145.0,968.0,1.0,2.473684210526316,1.118421052631579,1.513157894736842,1.3026315789473684,1.6710526315789471,1.0921052631578947,10.539473684210526,8.5,1.0921052631578947,0.1184210526315789,28.05764192139738,1,0,0,0,0,0,0,0,0,0,0,0,0,0,0,0,0,0,0,0,0,0,0,0,0,0,0,0,0,0,0,-3.0,-3.79746835443038,8832.0,37.91534300678286,49.0,4.47080291970803,117.0,13.748531139835489,6.803992286360884,32.01328902657993,-0.2116922051965357,-16.23658661216148,-0.0334776815456361,-2.906304222093686,0.0574616922051964,3.947368421052628,0.0044970019986675,3.947368421052668,1.0,2015_2018_ingested; other_years_not_ingested; 5_wards_missing_geometry,150_WARD_ID_FRAMEWORK_LOCKED; POLYGON_FILE_REQUIRES_150_FEATURE_VALIDATION,38245.64,39165.6,919.9599999999992,2.4053983669772534,0.7954551886397043,observed_raster_aggregation,1,145,26569,13395,13174,6679,2563,1814,165,21316,5253,11062,8628,2434,15507,0.8879446804965425,0.4163498814407768,0.5836501185592231,0.0682750573977191,0.0062102450223945,0.4958410177274267,0.0964658060145282,0.3247393578983025,0.0916105235424743,536,1,0.0744853024201136,0.11205531950345748
99,Vengal Rao Nagar,5.0,2441.0,107.0,86.0,1.0,1.0,1.4,1.4,1.2,1.0,6.8,1.0,0.0,22.81308411214953,1,5.0,3361.0,113.0,91.0,1.0,2.6,1.0,1.4,1.6,1.4,1.0,7.0,9.0,1.0,0.0,29.74336283185841,1,0,0,0,0,0,0,0,0,0,0,0,0,0,0,0,0,0,0,0,0,0,0,0,0,0,0,0,0,0,0,0.0,0.0,920.0,37.68947152806227,6.0,5.607476635514018,5.0,5.813953488372093,6.93027871970888,30.37852613719173,0.0,0.0,0.0,0.0,0.0,0.0,0.0,,1.0,2015_2018_ingested; other_years_not_ingested; 5_wards_missing_geometry,150_WARD_ID_FRAMEWORK_LOCKED; POLYGON_FILE_REQUIRES_150_FEATURE_VALIDATION,34113.08,34906.77,793.689999999995,2.326644208028108,0.7696098810050733,observed_raster_aggregation,1,145,20958,10508,10450,5459,1773,625,159,17371,3587,8759,6808,1951,12199,0.9054469637737816,0.4179311002958297,0.5820688997041702,0.02982154785762,0.0075866017749785,0.4986162801794064,0.0845977669624964,0.3248401565034831,0.0930909437923466,536,1,0.0374081496325985,0.09455303622621836
100,Sanath Nagar,32.0,7802.0,374.0,381.0,1.15625,1.28125,1.53125,1.40625,1.78125,1.28125,2.75,2.125,0.0625,20.86096256684492,1,32.0,12015.0,499.0,462.0,1.0,1.75,1.09375,1.59375,1.21875,1.75,1.0625,6.78125,8.125,1.46875,0.0625,24.07815631262525,1,0,0,0,0,0,0,0,0,0,0,0,0,0,0,0,0,0,0,0,0,0,0,0,0,0,0,0,0,0,0,0.0,0.0,4213.0,53.99897462189183,125.0,33.42245989304813,81.0,21.25984251968504,3.217193745780332,15.422077171518126,-0.21875,-17.073170731707318,-0.1875,-14.634146341463412,0.0625,4.081632653061225,0.0,0.0,1.0,2015_2018_ingested; other_years_not_ingested; 5_wards_missing_geometry,150_WARD_ID_FRAMEWORK_LOCKED; POLYGON_FILE_REQUIRES_150_FEATURE_VALIDATION,35992.04,36882.97,890.9300000000003,2.4753528835820373,0.8184015453044813,observed_raster_aggregation,1,145,38112,19268,18844,9363,4083,2992,1978,29298,8814,16084,11718,4366,22028,0.8609715242881072,0.4220193115029387,0.5779806884970613,0.0785054575986566,0.0518996641477749,0.4944374475230898,0.1071316120906801,0.3074622166246851,0.1145570948782535,536,1,0.13040512174643148,0.1390284757118928
101,Erragadda,24.0,6177.0,248.0,259.0,1.0416666666666667,1.125,1.6666666666666667,1.2916666666666667,1.375,1.4583333333333333,5.041666666666667,1.0,0.1666666666666666,24.907258064516128,1,25.0,14885.0,287.0,295.0,1.04,1.96,1.2,1.56,1.52,1.4,1.28,6.92,8.72,1.2,0.16,51.86411149825784,1,0,0,0,0,0,0,0,0,0,0,0,0,0,0,0,0,0,0,0,0,0,0,0,0,0,0,0,0,0,0,1.0,4.166666666666666,8708.0,140.97458313096973,39.0,15.725806451612904,36.0,13.8996138996139,26.95685343374172,108.2289080713606,-0.1783333333333332,-12.228571428571422,0.0749999999999999,6.666666666666663,-0.1066666666666666,-6.400000000000001,-0.0066666666666665,-3.999999999999961,1.0,2015_2018_ingested; other_years_not_ingested; 5_wards_missing_geometry,150_WARD_ID_FRAMEWORK_LOCKED; POLYGON_FILE_REQUIRES_150_FEATURE_VALIDATION,22349.46,22897.24,547.7800000000025,2.4509764441736066,0.8104068146018273,observed_raster_aggregation,1,145,28195,14314,13881,6733,3213,1419,127,22698,5497,10095,8912,1183,18100,0.9085741734048516,0.3580422060649051,0.6419577939350949,0.0503280723532541,0.0045043447419755,0.4923213335697818,0.1139563752438375,0.3160844121298102,0.0419577939350948,537,1,0.0548324170952296,0.09142582659514842
102,Rahmath Nagar,49.0,14137.0,494.0,624.0,1.0612244897959184,1.1224489795918366,1.5510204081632653,1.163265306122449,1.326530612244898,1.2857142857142858,4.306122448979592,1.2653061224489797,0.2040816326530612,28.61740890688259,1,48.0,29268.0,518.0,623.0,1.0208333333333333,1.5,1.0833333333333333,1.6666666666666667,1.3125,1.3541666666666667,1.1666666666666667,5.8125,8.833333333333334,1.2083333333333333,0.2083333333333333,56.5019305019305,1,0,0,0,0,0,0,0,0,0,0,0,0,0,0,0,0,0,0,0,0,0,0,0,0,0,0,0,0,0,0,-1.0,-2.0408163265306123,15131.0,107.0311947372144,24.0,4.8582995951417,-1.0,-0.1602564102564102,27.88452159504791,97.43901583047088,-0.119047619047619,-9.25925925925926,-0.0391156462585033,-3.4848484848484835,0.1156462585034014,7.456140350877201,0.004251700680272,2.083333333333322,1.0,2015_2018_ingested; other_years_not_ingested; 5_wards_missing_geometry,150_WARD_ID_FRAMEWORK_LOCKED; POLYGON_FILE_REQUIRES_150_FEATURE_VALIDATION,12353.68,12673.35,319.6700000000001,2.5876499957907284,0.855215217957217,observed_raster_aggregation,1,145,42054,21324,20730,9772,5291,2304,352,30118,11936,16077,12235,3842,25977,0.8192476130892473,0.3822941931801969,0.6177058068198031,0.0547867028106719,0.0083701907071859,0.4929376515908118,0.1258144290673895,0.2909354639273315,0.0913587292528653,536,1,0.0631568935178578,0.18075238691075268
103,Borabanda,43.0,12490.0,401.0,523.0,1.0930232558139534,1.1162790697674418,1.558139534883721,1.2790697674418603,1.4186046511627908,1.5116279069767442,2.4651162790697674,1.7674418604651163,0.2790697674418604,31.14713216957606,1,41.0,26230.0,469.0,519.0,1.048780487804878,1.975609756097561,1.146341463414634,1.5365853658536586,1.4390243902439024,1.4634146341463414,1.2926829268292683,3.5365853658536586,8.048780487804878,2.073170731707317,0.2926829268292683,55.927505330490405,1,0,0,0,0,0,0,0,0,0,0,0,0,0,0,0,0,0,0,0,0,0,0,0,0,0,0,0,0,0,0,-2.0,-4.651162790697675,13740.0,110.00800640512408,68.0,16.957605985037407,-4.0,-0.7648183556405354,24.780373160914344,79.55908436770738,-0.2189449801474758,-14.48405253283302,0.0300623936471922,2.693089430894302,-0.0215541690300624,-1.3833272661084866,0.0136131593874078,4.878048780487821,1.0,2015_2018_ingested; other_years_not_ingested; 5_wards_missing_geometry,150_WARD_ID_FRAMEWORK_LOCKED; POLYGON_FILE_REQUIRES_150_FEATURE_VALIDATION,13416.99,13772.3,355.3099999999995,2.648209471722044,0.87505690953813,observed_raster_aggregation,1,145,54039,27560,26479,13470,5996,2351,772,42520,11519,22817,16965,5852,31222,0.8850404845659097,0.422232091637521,0.5777679083624789,0.0435056163141434,0.0142859786450526,0.4899979644330946,0.1109569014970669,0.3139399322711375,0.1082921593663835,536,1,0.057791594959196,0.11495951543409033
104,Kondapur,,,,,,,,,,,,,,,0,,,,,,,,,,,,,,,,,0,1,1,1,1,1,1,1,1,1,1,1,1,1,1,1,1,1,1,1,1,1,1,1,1,1,1,1,1,1,1,,,,,,,,,,,,,,,,,,,0.5,2015_2018_ingested; other_years_not_ingested; 5_wards_missing_geometry,150_WARD_ID_FRAMEWORK_LOCKED; POLYGON_FILE_REQUIRES_150_FEATURE_VALIDATION,148720.23,152292.11,3571.879999999976,2.4017445373773127,0.7942563787987522,observed_raster_aggregation,1,145,30701,15341,15360,7774,2890,1588,165,25079,5622,12261,10289,1972,18440,0.901765488475783,0.3993680987589981,0.600631901241002,0.0517246995211882,0.005374417771408,0.5003094361747175,0.0941337415719357,0.3351356633334419,0.0642324354255561,536,1,0.0570991172925962,0.09823451152421703
105,Gachibowli,,,,,,,,,,,,,,,0,,,,,,,,,,,,,,,,,0,1,1,1,1,1,1,1,1,1,1,1,1,1,1,1,1,1,1,1,1,1,1,1,1,1,1,1,1,1,1,,,,,,,,,,,,,,,,,,,0.5,2015_2018_ingested; other_years_not_ingested; 5_wards_missing_geometry,150_WARD_ID_FRAMEWORK_LOCKED; POLYGON_FILE_REQUIRES_150_FEATURE_VALIDATION,238773.25,244221.91,5448.660000000004,2.2819390363032723,0.7549327687834229,observed_raster_aggregation,1,145,69177,35124,34053,15740,8634,5535,1684,48276,20901,28067,20868,7199,41110,0.7973836777166642,0.4057273371207193,0.5942726628792807,0.0800121427642135,0.0243433511138095,0.4922589878138688,0.1248102693091634,0.3016609566763519,0.1040663804443673,536,1,0.10435549387802301,0.20261632228333581
106,Serilingampally,,,,,,,,,,,,,,,0,,,,,,,,,,,,,,,,,0,1,1,1,1,1,1,1,1,1,1,1,1,1,1,1,1,1,1,1,1,1,1,1,1,1,1,1,1,1,1,,,,,,,,,,,,,,,,,,,0.5,2015_2018_ingested; other_years_not_ingested; 5_wards_missing_geometry,150_WARD_ID_FRAMEWORK_LOCKED; POLYGON_FILE_REQUIRES_150_FEATURE_VALIDATION,99795.41,102093.09,2297.679999999993,2.302390460643424,0.7616476869801048,observed_raster_aggregation,1,145,43270,22667,20603,10566,4904,2870,608,33210,10060,18232,13525,4707,25038,0.8656101756763801,0.4213542870348971,0.5786457129651028,0.0663277097296048,0.0140513057545643,0.4761497573376473,0.1133348740466836,0.3125722209382944,0.1087820660966027,536,1,0.0803790154841691,0.1343898243236199
107,Madhapur,,,,,,,,,,,,,,,0,,,,,,,,,,,,,,,,,0,1,1,1,1,1,1,1,1,1,1,1,1,1,1,1,1,1,1,1,1,1,1,1,1,1,1,1,1,1,1,,,,,,,,,,,,,,,,,,,0.5,2015_2018_ingested; other_years_not_ingested; 5_wards_missing_geometry,150_WARD_ID_FRAMEWORK_LOCKED; POLYGON_FILE_REQUIRES_150_FEATURE_VALIDATION,125126.94,128001.7,2874.7599999999948,2.297474868321718,0.76003380773213,observed_raster_aggregation,1,145,60103,31403,28700,13866,8536,4383,753,38303,21800,24786,18901,5885,35317,0.7427812360618224,0.412392060296491,0.587607939703509,0.0729248124053707,0.0125284927541054,0.4775136016505,0.1420228607557027,0.3144768148012578,0.0979152454952331,536,1,0.0854533051594761,0.25721876393817755
108,Miyapur,,,,,,,,,,,,,,,0,,,,,,,,,,,,,,,,,0,1,1,1,1,1,1,1,1,1,1,1,1,1,1,1,1,1,1,1,1,1,1,1,1,1,1,1,1,1,1,,,,,,,,,,,,,,,,,,,0.5,2015_2018_ingested; other_years_not_ingested; 5_wards_missing_geometry,150_WARD_ID_FRAMEWORK_LOCKED; POLYGON_FILE_REQUIRES_150_FEATURE_VALIDATION,73226.95,74853.32,1626.37000000001,2.220999235937056,0.7349187912228716,observed_raster_aggregation,1,145,40905,21143,19762,9223,5479,3230,719,27961,12944,14958,11203,3755,25947,0.7892790605769774,0.3656765676567656,0.6343234323432343,0.0789634519007456,0.0175773132868842,0.4831194230534164,0.1339445055616673,0.2738784989610072,0.0917980686957584,536,1,0.0965407651876298,0.2107209394230226
109,Hafeezpet,,,,,,,,,,,,,,,0,,,,,,,,,,,,,,,,,0,1,1,1,1,1,1,1,1,1,1,1,1,1,1,1,1,1,1,1,1,1,1,1,1,1,1,1,1,1,1,,,,,,,,,,,,,,,,,,,0.5,2015_2018_ingested; other_years_not_ingested; 5_wards_missing_geometry,150_WARD_ID_FRAMEWORK_LOCKED; POLYGON_FILE_REQUIRES_150_FEATURE_VALIDATION,56092.76,57426.22,1333.4599999999991,2.377240841777083,0.7862160574292787,observed_raster_aggregation,1,145,51014,26031,24983,12367,5832,4160,1252,35339,15675,23088,19332,3756,27926,0.7821477579567084,0.4525816442545183,0.5474183557454816,0.0815462422080213,0.0245422825106833,0.4897283098757204,0.1143215587877837,0.3789547967224683,0.07362684753205,536,1,0.1060885247187046,0.21785224204329157
110,Chandanagar,,,,,,,,,,,,,,,0,,,,,,,,,,,,,,,,,0,1,1,1,1,1,1,1,1,1,1,1,1,1,1,1,1,1,1,1,1,1,1,1,1,1,1,1,1,1,1,,,,,,,,,,,,,,,,,,,0.5,2015_2018_ingested; other_years_not_ingested; 5_wards_missing_geometry,150_WARD_ID_FRAMEWORK_LOCKED; POLYGON_FILE_REQUIRES_150_FEATURE_VALIDATION,71262.11,72939.84,1677.729999999996,2.354308622071387,0.7786902172987276,observed_raster_aggregation,1,145,39937,20415,19522,8170,5543,1929,284,29582,10355,13802,11484,2318,26135,0.8600918764900854,0.3455943110398878,0.6544056889601122,0.0483010741918521,0.0071112001402208,0.4888198913288429,0.1387935999198738,0.2875528958109021,0.0580414152289856,536,1,0.0554122743320729,0.13990812350991455
111,Bharati Nagar,,,,,,,,,,,,,,,0,,,,,,,,,,,,,,,,,0,1,1,1,1,1,1,1,1,1,1,1,1,1,1,1,1,1,1,1,1,1,1,1,1,1,1,1,1,1,1,,,,,,,,,,,,,,,,,,,0.5,2015_2018_ingested; other_years_not_ingested; 5_wards_missing_geometry,150_WARD_ID_FRAMEWORK_LOCKED; POLYGON_FILE_REQUIRES_150_FEATURE_VALIDATION,23279.76,23866.22,586.4600000000028,2.5191840465709388,0.832773644806517,observed_raster_aggregation,1,145,54122,28831,25291,11784,6353,5968,1487,39502,14620,19834,16591,3243,34288,0.8269379723251481,0.3664683492849488,0.6335316507150511,0.1102693913750415,0.0274749639702893,0.4672961087912494,0.1173829496323121,0.3065481689516278,0.059920180333321,537,1,0.1377443553453308,0.1730620276748519
112,Ramachandrapuram,,,,,,,,,,,,,,,0,,,,,,,,,,,,,,,,,0,1,1,1,1,1,1,1,1,1,1,1,1,1,1,1,1,1,1,1,1,1,1,1,1,1,1,1,1,1,1,,,,,,,,,,,,,,,,,,,0.5,2015_2018_ingested; other_years_not_ingested; 5_wards_missing_geometry,150_WARD_ID_FRAMEWORK_LOCKED; POLYGON_FILE_REQUIRES_150_FEATURE_VALIDATION,29683.04,30383.11,700.0699999999997,2.358484845218009,0.7800608437708023,observed_raster_aggregation,1,145,93141,48202,44939,22527,12635,6574,1867,61981,31160,38019,29630,8389,55122,0.7698929272352372,0.4081875865623087,0.5918124134376912,0.0705811618943322,0.0200448781954241,0.4824835464510795,0.1356545452593379,0.318119839812757,0.0900677467495517,537,1,0.09062604008975629,0.23010707276476283
113,Patancheruvu,,,,,,,,,,,,,,,0,,,,,,,,,,,,,,,,,0,1,1,1,1,1,1,1,1,1,1,1,1,1,1,1,1,1,1,1,1,1,1,1,1,1,1,1,1,1,1,,,,,,,,,,,,,,,,,,,0.25,observed_raster_aggregation,150_WARD_ID_FRAMEWORK_LOCKED; POLYGON_FILE_150_FEATURES_VERIFIED,74377.02194318175,76183.10119165853,1806.0792484767733,2.4282758320929783,0.8029605638485426,missing_geometry,0,145,78284,40768,37516,19378,9815,5492,2010,56613,21671,31357,26619,4738,46927,0.8268413442579854,0.4005543917020081,0.5994456082979919,0.070154820908487,0.025675744724337,0.4792294721782228,0.1253768330693372,0.340031168565735,0.060523223136273,537,1,0.095830565632824,0.1731586557420146
114,KPHB Colony,,,,,,,,,,,,,,,0,,,,,,,,,,,,,,,,,0,1,1,1,1,1,1,1,1,1,1,1,1,1,1,1,1,1,1,1,1,1,1,1,1,1,1,1,1,1,1,,,,,,,,,,,,,,,,,,,0.5,2015_2018_ingested; other_years_not_ingested; 5_wards_missing_geometry,150_WARD_ID_FRAMEWORK_LOCKED; POLYGON_FILE_REQUIRES_150_FEATURE_VALIDATION,73304.52,75019.38,1714.8600000000006,2.339364612168527,0.7737853234841774,observed_raster_aggregation,1,145,83773,42755,41018,20925,10091,3919,1285,64105,19668,33170,27737,5433,50603,0.8700225292473059,0.3959509627206856,0.6040490372793144,0.046781182481229,0.0153390710610817,0.4896326978859537,0.1204564716555453,0.3310971315340265,0.0648538311866591,537,1,0.0621202535423107,0.12997747075269406
115,Balaji Nagar,,,,,,,,,,,,,,,0,,,,,,,,,,,,,,,,,0,1,1,1,1,1,1,1,1,1,1,1,1,1,1,1,1,1,1,1,1,1,1,1,1,1,1,1,1,1,1,,,,,,,,,,,,,,,,,,,0.5,2015_2018_ingested; other_years_not_ingested; 5_wards_missing_geometry,150_WARD_ID_FRAMEWORK_LOCKED; POLYGON_FILE_REQUIRES_150_FEATURE_VALIDATION,59570.82,60966.32,1395.5,2.3425898787359314,0.774843954596971,observed_raster_aggregation,1,145,70187,35606,34581,16868,8429,8191,1045,50759,19428,25310,20495,4815,44877,0.8219016159849736,0.3606080898172026,0.6393919101827974,0.116702523259293,0.0148887970706826,0.4926980779916509,0.1200934646017068,0.2920056420704688,0.0686024477467337,535,1,0.13159132032997561,0.17809838401502642
116,Allapur,3.0,953.0,29.0,30.0,1.0,1.0,1.0,1.0,1.0,1.3333333333333333,1.0,1.3333333333333333,0.6666666666666666,32.86206896551724,1,3.0,2534.0,29.0,30.0,1.0,1.0,1.3333333333333333,1.0,1.0,1.0,1.6666666666666667,0.6666666666666666,6.666666666666667,1.0,0.6666666666666666,87.37931034482759,1,0,0,0,0,0,0,0,0,0,0,0,0,0,0,0,0,0,0,0,0,0,0,0,0,0,0,0,0,0,0,0.0,0.0,1581.0,165.897166841553,0.0,0.0,0.0,0.0,54.51724137931035,165.89716684155303,0.3333333333333335,25.00000000000001,0.3333333333333332,33.33333333333333,0.0,0.0,0.0,0.0,1.0,2015_2018_ingested; other_years_not_ingested; 5_wards_missing_geometry,150_WARD_ID_FRAMEWORK_LOCKED; POLYGON_FILE_REQUIRES_150_FEATURE_VALIDATION,34537.59,35391.39,853.8000000000029,2.4720891063910453,0.8173311991723775,observed_raster_aggregation,1,145,46255,23971,22284,11067,6185,4605,517,32644,13611,16200,13055,3145,30055,0.8146743199401049,0.3502324073073181,0.6497675926926819,0.0995568046697654,0.0111771700356718,0.4817641336071776,0.1337152740244298,0.2822397578640147,0.0679926494433034,535,1,0.1107339747054372,0.18532568005989514
117,Moosapet,,,,,,,,,,,,,,,0,,,,,,,,,,,,,,,,,0,1,1,1,1,1,1,1,1,1,1,1,1,1,1,1,1,1,1,1,1,1,1,1,1,1,1,1,1,1,1,,,,,,,,,,,,,,,,,,,0.5,2015_2018_ingested; other_years_not_ingested; 5_wards_missing_geometry,150_WARD_ID_FRAMEWORK_LOCKED; POLYGON_FILE_REQUIRES_150_FEATURE_VALIDATION,24122.04,24742.12,620.0799999999981,2.5705951901248736,0.8496259765526037,observed_raster_aggregation,1,145,69083,35402,33681,18596,7365,1421,1801,57015,12068,29252,23528,5724,39831,0.9237985676787972,0.4234326824254882,0.5765673175745119,0.0205694599250177,0.0260700896023623,0.4875439688490656,0.1066108883516929,0.3405758290751704,0.0828568533503177,537,1,0.04663954952738,0.0762014323212028
118,Fateh Nagar,,,,,,,,,,,,,,,0,,,,,,,,,,,,,,,,,0,1,1,1,1,1,1,1,1,1,1,1,1,1,1,1,1,1,1,1,1,1,1,1,1,1,1,1,1,1,1,,,,,,,,,,,,,,,,,,,0.5,2015_2018_ingested; other_years_not_ingested; 5_wards_missing_geometry,150_WARD_ID_FRAMEWORK_LOCKED; POLYGON_FILE_REQUIRES_150_FEATURE_VALIDATION,46814.16,47944.46,1130.2999999999956,2.4144404171729144,0.7984217338828259,observed_raster_aggregation,1,145,52236,26782,25454,12392,6567,1681,1251,35396,16840,20489,16864,3625,31747,0.7750552891458101,0.3922390688414121,0.607760931158588,0.0321808714296653,0.0239490006891798,0.4872884600658549,0.1257178957041121,0.3228424841105751,0.0693965847308369,537,1,0.056129872118845105,0.22494471085418988
119,Old Bowenpally,,,,,,,,,,,,,,,0,6.0,949.0,27.0,37.0,1.0,1.0,1.6666666666666667,1.8333333333333333,1.6666666666666667,1.8333333333333333,1.3333333333333333,1.0,9.0,1.0,0.0,35.148148148148145,1,1,1,1,1,1,1,1,1,1,1,1,1,1,1,0,0,0,0,0,0,0,0,0,0,0,0,0,0,0,0,,,,,,,,,,,,,,,,,,,0.75,2015_2018_ingested; other_years_not_ingested; 5_wards_missing_geometry,150_WARD_ID_FRAMEWORK_LOCKED; POLYGON_FILE_REQUIRES_150_FEATURE_VALIDATION,40368.8,41348.56,979.7599999999948,2.427022849329172,0.8025495286269946,observed_raster_aggregation,1,145,83665,43211,40454,20206,11251,2820,1008,60064,23601,31816,26041,5775,51849,0.8294528682299003,0.3802784916034183,0.6197215083965816,0.0337058507141576,0.0120480487659116,0.4835235761668559,0.134476782406024,0.3112532122153827,0.0690252793880356,537,1,0.04575389948006919,0.17054713177009972
120,Balanagar,,,,,,,,,,,,,,,0,,,,,,,,,,,,,,,,,0,1,1,1,1,1,1,1,1,1,1,1,1,1,1,1,1,1,1,1,1,1,1,1,1,1,1,1,1,1,1,,,,,,,,,,,,,,,,,,,0.5,2015_2018_ingested; other_years_not_ingested; 5_wards_missing_geometry,150_WARD_ID_FRAMEWORK_LOCKED; POLYGON_FILE_REQUIRES_150_FEATURE_VALIDATION,43423.22,44467.66,1044.4400000000023,2.405256910933833,0.795408777893547,observed_raster_aggregation,1,145,41373,21321,20052,9586,5140,3832,1019,28329,13044,16052,13390,2662,25321,0.7818563188253802,0.3879825006646847,0.6120174993353154,0.0926207913373456,0.0246295893457085,0.4846639112464651,0.1242356125975878,0.3236410219225099,0.0643414787421748,537,1,0.1172503806830541,0.2181436811746198
121,Kukatpally,,,,,,,,,,,,,,,0,,,,,,,,,,,,,,,,,0,1,1,1,1,1,1,1,1,1,1,1,1,1,1,1,1,1,1,1,1,1,1,1,1,1,1,1,1,1,1,,,,,,,,,,,,,,,,,,,0.5,2015_2018_ingested; other_years_not_ingested; 5_wards_missing_geometry,150_WARD_ID_FRAMEWORK_LOCKED; POLYGON_FILE_REQUIRES_150_FEATURE_VALIDATION,45642.59,46768.49,1125.9000000000017,2.4667750011557223,0.8155884053582918,observed_raster_aggregation,1,145,71076,36483,34593,16514,8260,3470,2838,53700,17376,25606,21621,3985,45470,0.8548777381558839,0.3602622544881535,0.6397377455118465,0.0488209803590522,0.0399290899881816,0.4867043727840621,0.1162136304800495,0.3041955090325848,0.0560667454555686,537,1,0.0887500703472338,0.14512226184411614
122,Vivekananda Nagar Colony,,,,,,,,,,,,,,,0,,,,,,,,,,,,,,,,,0,1,1,1,1,1,1,1,1,1,1,1,1,1,1,1,1,1,1,1,1,1,1,1,1,1,1,1,1,1,1,,,,,,,,,,,,,,,,,,,0.5,2015_2018_ingested; other_years_not_ingested; 5_wards_missing_geometry,150_WARD_ID_FRAMEWORK_LOCKED; POLYGON_FILE_REQUIRES_150_FEATURE_VALIDATION,27379.31,28066.39,687.0799999999981,2.50948617770133,0.8295940972868676,observed_raster_aggregation,1,145,45374,23352,22022,11275,5464,4455,816,32081,13293,18895,16174,2721,26479,0.8038336256577299,0.4164279102569753,0.5835720897430247,0.0981839820161325,0.0179838674130559,0.4853440296204875,0.1204213866972274,0.3564596464935866,0.0599682637633887,537,1,0.1161678494291884,0.19616637434227013
123,Hydernagar,,,,,,,,,,,,,,,0,,,,,,,,,,,,,,,,,0,1,1,1,1,1,1,1,1,1,1,1,1,1,1,1,1,1,1,1,1,1,1,1,1,1,1,1,1,1,1,,,,,,,,,,,,,,,,,,,0.5,2015_2018_ingested; other_years_not_ingested; 5_wards_missing_geometry,150_WARD_ID_FRAMEWORK_LOCKED; POLYGON_FILE_REQUIRES_150_FEATURE_VALIDATION,46260.2,47344.12,1083.9200000000055,2.343094063579504,0.7750094414699094,observed_raster_aggregation,1,145,67730,34758,32972,16919,7975,4534,1157,50477,17253,27605,22493,5112,40125,0.8447326583549494,0.4075741916432895,0.5924258083567104,0.0669422707810423,0.0170825335892514,0.4868152960283478,0.1177469363649785,0.3320980363206851,0.0754761553226044,537,1,0.0840248043702937,0.15526734164505063
124,Alwyn Colony,,,,,,,,,,,,,,,0,,,,,,,,,,,,,,,,,0,1,1,1,1,1,1,1,1,1,1,1,1,1,1,1,1,1,1,1,1,1,1,1,1,1,1,1,1,1,1,,,,,,,,,,,,,,,,,,,0.5,2015_2018_ingested; other_years_not_ingested; 5_wards_missing_geometry,150_WARD_ID_FRAMEWORK_LOCKED; POLYGON_FILE_REQUIRES_150_FEATURE_VALIDATION,38907.09,39826.76,919.6700000000056,2.363759407347107,0.7817918891996678,observed_raster_aggregation,1,145,87393,44864,42529,22167,10139,3225,1858,65690,21703,34865,28954,5911,52528,0.8503119579568695,0.3989449955946128,0.6010550044053872,0.036902269060451,0.0212602840044397,0.4866408064719142,0.1160161569004382,0.3313079994965272,0.0676369960980856,537,1,0.058162553064890696,0.14968804204313046
125,Gajularamaram,,,,,,,,,,,,,,,0,,,,,,,,,,,,,,,,,0,1,1,1,1,1,1,1,1,1,1,1,1,1,1,1,1,1,1,1,1,1,1,1,1,1,1,1,1,1,1,,,,,,,,,,,,,,,,,,,0.5,2015_2018_ingested; other_years_not_ingested; 5_wards_missing_geometry,150_WARD_ID_FRAMEWORK_LOCKED; POLYGON_FILE_REQUIRES_150_FEATURE_VALIDATION,67654.38,69265.83,1611.449999999997,2.3818856960924,0.7877402575578563,observed_raster_aggregation,1,145,58278,29983,28295,13135,8397,5222,663,36626,21652,20826,18381,2445,37452,0.7342675567851487,0.3573561206630289,0.6426438793369711,0.0896049967397645,0.0113765057139915,0.4855176910669549,0.1440852465767528,0.3154020385050962,0.0419540821579326,537,1,0.100981502453756,0.26573244321485134
126,Jagathgirigutta,,,,,,,,,,,,,,,0,,,,,,,,,,,,,,,,,0,1,1,1,1,1,1,1,1,1,1,1,1,1,1,1,1,1,1,1,1,1,1,1,1,1,1,1,1,1,1,,,,,,,,,,,,,,,,,,,0.5,2015_2018_ingested; other_years_not_ingested; 5_wards_missing_geometry,150_WARD_ID_FRAMEWORK_LOCKED; POLYGON_FILE_REQUIRES_150_FEATURE_VALIDATION,22289.25,22868.74,579.4900000000016,2.5998631627354065,0.8592173653994228,observed_raster_aggregation,1,145,56774,29244,27530,13491,7703,3841,596,39108,17666,20767,18273,2494,36007,0.796967659106193,0.3657836333532955,0.6342163666467044,0.0676542079120724,0.0104977630605558,0.4849050621763483,0.1356783034487617,0.3218550745059358,0.0439285588473597,537,1,0.0781519709726282,0.20303234089380695
127,Rangareddy Nagar,,,,,,,,,,,,,,,0,,,,,,,,,,,,,,,,,0,1,1,1,1,1,1,1,1,1,1,1,1,1,1,1,1,1,1,1,1,1,1,1,1,1,1,1,1,1,1,,,,,,,,,,,,,,,,,,,0.5,2015_2018_ingested; other_years_not_ingested; 5_wards_missing_geometry,150_WARD_ID_FRAMEWORK_LOCKED; POLYGON_FILE_REQUIRES_150_FEATURE_VALIDATION,27783.78,28485.25,701.4700000000012,2.5247464527864865,0.8345972472492136,observed_raster_aggregation,1,145,48437,25143,23294,12356,5863,3918,679,35903,12534,19922,16964,2958,28515,0.8433081223281815,0.4112971488737948,0.5887028511262051,0.0808885769143423,0.0140182092202242,0.480913351363627,0.1210438301298594,0.3502281313871627,0.0610690174866321,537,1,0.0949067861345665,0.15669187767181847
128,Chintal,,,,,,,,,,,,,,,0,,,,,,,,,,,,,,,,,0,1,1,1,1,1,1,1,1,1,1,1,1,1,1,1,1,1,1,1,1,1,1,1,1,1,1,1,1,1,1,,,,,,,,,,,,,,,,,,,0.5,2015_2018_ingested; other_years_not_ingested; 5_wards_missing_geometry,150_WARD_ID_FRAMEWORK_LOCKED; POLYGON_FILE_REQUIRES_150_FEATURE_VALIDATION,17152.03,17553.78,401.75,2.342288347210214,0.7747449836722042,observed_raster_aggregation,1,145,55187,28559,26628,14016,7035,3726,1382,40296,14891,21950,18097,3853,33237,0.8368499750789168,0.3977385978581912,0.6022614021418088,0.0675159004838096,0.0250421294870168,0.4825049377570805,0.127475673618787,0.3279214307717397,0.0698171670864515,537,1,0.09255802997082639,0.16315002492108321
129,Suraram,,,,,,,,,,,,,,,0,,,,,,,,,,,,,,,,,0,1,1,1,1,1,1,1,1,1,1,1,1,1,1,1,1,1,1,1,1,1,1,1,1,1,1,1,1,1,1,,,,,,,,,,,,,,,,,,,0.5,2015_2018_ingested; other_years_not_ingested; 5_wards_missing_geometry,150_WARD_ID_FRAMEWORK_LOCKED; POLYGON_FILE_REQUIRES_150_FEATURE_VALIDATION,49796.61,50979.1,1182.489999999998,2.374639558797272,0.7853624312170293,observed_raster_aggregation,1,145,52956,27112,25844,13394,6691,3785,1362,37379,15577,21328,18299,3029,31628,0.8079325624121907,0.4027494523755571,0.597250547624443,0.0714744316035954,0.025719465216406,0.4880277966613792,0.1263501775058539,0.3455510234912002,0.0571984288843568,537,1,0.0971938968200014,0.1920674375878093
130,Subash Nagar,,,,,,,,,,,,,,,0,,,,,,,,,,,,,,,,,0,1,1,1,1,1,1,1,1,1,1,1,1,1,1,1,1,1,1,1,1,1,1,1,1,1,1,1,1,1,1,,,,,,,,,,,,,,,,,,,0.5,2015_2018_ingested; other_years_not_ingested; 5_wards_missing_geometry,150_WARD_ID_FRAMEWORK_LOCKED; POLYGON_FILE_REQUIRES_150_FEATURE_VALIDATION,70788.19,72648.46,1860.270000000004,2.6279383609045577,0.8684161569807669,observed_raster_aggregation,1,145,67032,34451,32581,17160,8344,4766,726,49609,17423,26731,22847,3884,40301,0.845300572519084,0.3987796873135219,0.6012203126864781,0.0711003699725504,0.0108306480486931,0.4860514381191073,0.1244778613199665,0.3408372120778136,0.0579424752357083,537,1,0.0819310180212435,0.15469942748091603
131,Quthbullapur,,,,,,,,,,,,,,,0,,,,,,,,,,,,,,,,,0,1,1,1,1,1,1,1,1,1,1,1,1,1,1,1,1,1,1,1,1,1,1,1,1,1,1,1,1,1,1,,,,,,,,,,,,,,,,,,,0.5,2015_2018_ingested; other_years_not_ingested; 5_wards_missing_geometry,150_WARD_ID_FRAMEWORK_LOCKED; POLYGON_FILE_REQUIRES_150_FEATURE_VALIDATION,32193.79,33010.55,816.760000000002,2.537011019827122,0.8386178810009692,observed_raster_aggregation,1,145,44990,22944,22046,11323,5583,2989,767,33822,11168,16476,14494,1982,28514,0.8582739107265207,0.3662147143809735,0.6337852856190265,0.0664369859968882,0.0170482329406534,0.4900200044454323,0.1240942431651478,0.3221604801066903,0.0440542342742831,537,1,0.0834852189375416,0.1417260892734793
132,Jeedimetla,,,,,,,,,,,,,,,0,,,,,,,,,,,,,,,,,0,1,1,1,1,1,1,1,1,1,1,1,1,1,1,1,1,1,1,1,1,1,1,1,1,1,1,1,1,1,1,,,,,,,,,,,,,,,,,,,0.5,2015_2018_ingested; other_years_not_ingested; 5_wards_missing_geometry,150_WARD_ID_FRAMEWORK_LOCKED; POLYGON_FILE_REQUIRES_150_FEATURE_VALIDATION,78200.71,79908.91,1708.199999999997,2.1843791443837235,0.7228881172394175,observed_raster_aggregation,1,145,62237,31326,30911,14942,6544,11574,1023,48568,13669,25044,21231,3813,37193,0.8720665074605426,0.4023972877870077,0.5976027122129923,0.185966547230747,0.0164371676012661,0.4966659704034577,0.1051464562880601,0.3411314812731976,0.0612658065138101,537,1,0.20240371483201308,0.1279334925394574
133,Macha Bolarum,,,,,,,,,,,,,,,0,,,,,,,,,,,,,,,,,0,1,1,1,1,1,1,1,1,1,1,1,1,1,1,1,1,1,1,1,1,1,1,1,1,1,1,1,1,1,1,,,,,,,,,,,,,,,,,,,0.5,2015_2018_ingested; other_years_not_ingested; 5_wards_missing_geometry,150_WARD_ID_FRAMEWORK_LOCKED; POLYGON_FILE_REQUIRES_150_FEATURE_VALIDATION,97661.78,99933.64,2271.8600000000006,2.3262529108111694,0.76948143313611,observed_raster_aggregation,1,145,57310,28949,28361,13387,6356,8245,890,43087,14223,22562,17868,4694,34748,0.8456058405620756,0.3936834758331879,0.606316524166812,0.143866689931949,0.0155295759902285,0.4948700052346885,0.1109056011167335,0.3117780492060722,0.0819054266271156,537,1,0.1593962659221775,0.15439415943792445
134,Alwal,,,,,,,,,,,,,,,0,,,,,,,,,,,,,,,,,0,1,1,1,1,1,1,1,1,1,1,1,1,1,1,1,1,1,1,1,1,1,1,1,1,1,1,1,1,1,1,,,,,,,,,,,,,,,,,,,0.5,2015_2018_ingested; other_years_not_ingested; 5_wards_missing_geometry,150_WARD_ID_FRAMEWORK_LOCKED; POLYGON_FILE_REQUIRES_150_FEATURE_VALIDATION,43731.87,44763.0,1031.1299999999974,2.3578456626711763,0.7798510680004034,observed_raster_aggregation,1,145,42870,21394,21476,10455,4103,9484,509,33960,8910,15942,13266,2676,26928,0.876002785874584,0.3718684394681595,0.6281315605318405,0.2212269652437602,0.011873104735246,0.5009563797527409,0.0957079542803825,0.3094471658502449,0.0624212736179146,537,2,0.2331000699790062,0.12399721412541598
135,Venkatapuram,,,,,,,,,,,,,,,0,,,,,,,,,,,,,,,,,0,1,1,1,1,1,1,1,1,1,1,1,1,1,1,1,1,1,1,1,1,1,1,1,1,1,1,1,1,1,1,,,,,,,,,,,,,,,,,,,0.5,2015_2018_ingested; other_years_not_ingested; 5_wards_missing_geometry,150_WARD_ID_FRAMEWORK_LOCKED; POLYGON_FILE_REQUIRES_150_FEATURE_VALIDATION,39571.04,40534.32,963.2799999999988,2.434305492097248,0.8049385191492897,observed_raster_aggregation,1,145,51033,25438,25595,12482,4940,4704,874,39900,11133,20571,15559,5012,30462,0.8656412036534832,0.4030921168655575,0.5969078831344424,0.092175651049321,0.0171261732604393,0.5015382203672134,0.0968001097329179,0.3048811553308643,0.0982109615346932,537,1,0.1093018243097603,0.13435879634651682
136,Neredmet,,,,,,,,,,,,,,,0,,,,,,,,,,,,,,,,,0,1,1,1,1,1,1,1,1,1,1,1,1,1,1,1,1,1,1,1,1,1,1,1,1,1,1,1,1,1,1,,,,,,,,,,,,,,,,,,,0.5,2015_2018_ingested; other_years_not_ingested; 5_wards_missing_geometry,150_WARD_ID_FRAMEWORK_LOCKED; POLYGON_FILE_REQUIRES_150_FEATURE_VALIDATION,82836.62,84740.89,1904.270000000004,2.2988262920433065,0.7604775101155425,observed_raster_aggregation,1,145,61858,31189,30669,14704,6903,3075,704,46722,15136,23961,18493,5468,37897,0.8501865162405604,0.3873549096317372,0.6126450903682628,0.0497106275663616,0.0113809046525914,0.4957968249862589,0.1115942966148275,0.2989589058812118,0.0883960037505253,537,1,0.061091532218953,0.1498134837594396
137,Vinayak Nagar,,,,,,,,,,,,,,,0,,,,,,,,,,,,,,,,,0,1,1,1,1,1,1,1,1,1,1,1,1,1,1,1,1,1,1,1,1,1,1,1,1,1,1,1,1,1,1,,,,,,,,,,,,,,,,,,,0.5,2015_2018_ingested; other_years_not_ingested; 5_wards_missing_geometry,150_WARD_ID_FRAMEWORK_LOCKED; POLYGON_FILE_REQUIRES_150_FEATURE_VALIDATION,34481.49,35322.42,840.9300000000003,2.4387867229635387,0.8064084811658212,observed_raster_aggregation,1,145,54205,27347,26858,13413,5125,3771,386,44122,10083,21284,17614,3670,32921,0.8989812550937245,0.3926575039203026,0.6073424960796975,0.0695692279310026,0.0071211142883497,0.4954893460012914,0.0945484733880638,0.3249515727331427,0.0677059311871598,537,1,0.07669034221935231,0.10101874490627549
138,Moula Ali,,,,,,,,,,,,,,,0,,,,,,,,,,,,,,,,,0,1,1,1,1,1,1,1,1,1,1,1,1,1,1,1,1,1,1,1,1,1,1,1,1,1,1,1,1,1,1,,,,,,,,,,,,,,,,,,,0.5,2015_2018_ingested; other_years_not_ingested; 5_wards_missing_geometry,150_WARD_ID_FRAMEWORK_LOCKED; POLYGON_FILE_REQUIRES_150_FEATURE_VALIDATION,48380.8,49520.0,1139.199999999997,2.354653085521523,0.7788032707918946,observed_raster_aggregation,1,145,48990,24581,24409,12111,4625,4823,1398,38352,10638,20404,15921,4483,28586,0.8644652316014877,0.4164931618697693,0.5835068381302306,0.0984486629924474,0.0285364360073484,0.49824453970198,0.094407021841192,0.3249846907532149,0.0915084711165544,537,1,0.1269850989997958,0.1355347683985123
139,East Anand Bagh,,,,,,,,,,,,,,,0,,,,,,,,,,,,,,,,,0,1,1,1,1,1,1,1,1,1,1,1,1,1,1,1,1,1,1,1,1,1,1,1,1,1,1,1,1,1,1,,,,,,,,,,,,,,,,,,,0.5,2015_2018_ingested; other_years_not_ingested; 5_wards_missing_geometry,150_WARD_ID_FRAMEWORK_LOCKED; POLYGON_FILE_REQUIRES_150_FEATURE_VALIDATION,49890.59,51034.28,1143.6900000000023,2.292396221411698,0.7583663403660568,observed_raster_aggregation,1,145,51642,26223,25419,12478,5522,6834,1144,40709,10933,19647,16093,3554,31995,0.8826756287944493,0.3804461484837922,0.6195538515162078,0.1323341466248402,0.0221525115216296,0.4922156384338329,0.1069284690755586,0.311626195732156,0.0688199527516362,537,1,0.15448665814646978,0.11732437120555073
140,Malkajgiri,,,,,,,,,,,,,,,0,,,,,,,,,,,,,,,,,0,1,1,1,1,1,1,1,1,1,1,1,1,1,1,1,1,1,1,1,1,1,1,1,1,1,1,1,1,1,1,,,,,,,,,,,,,,,,,,,0.5,2015_2018_ingested; other_years_not_ingested; 5_wards_missing_geometry,150_WARD_ID_FRAMEWORK_LOCKED; POLYGON_FILE_REQUIRES_150_FEATURE_VALIDATION,33370.97,34178.3,807.3300000000017,2.419258415323264,0.800002367082886,observed_raster_aggregation,1,145,52831,26365,26466,13038,5218,7986,705,41425,11406,18950,14857,4093,33881,0.8700354945078025,0.358690920103727,0.6413090798962731,0.1511612500236603,0.0133444379247032,0.5009558781775851,0.0987677689235486,0.2812174670174708,0.0774734530862561,536,1,0.16450568794836348,0.1299645054921975
141,Gautham Nagar,,,,,,,,,,,,,,,0,,,,,,,,,,,,,,,,,0,1,1,1,1,1,1,1,1,1,1,1,1,1,1,1,1,1,1,1,1,1,1,1,1,1,1,1,1,1,1,,,,,,,,,,,,,,,,,,,0.5,2015_2018_ingested; other_years_not_ingested; 5_wards_missing_geometry,150_WARD_ID_FRAMEWORK_LOCKED; POLYGON_FILE_REQUIRES_150_FEATURE_VALIDATION,28879.35,29610.4,731.0500000000029,2.5313935389820164,0.8367763691945029,observed_raster_aggregation,1,145,33742,16926,16816,8205,2819,5313,1379,27153,6589,12440,10514,1926,21302,0.8780842738414772,0.3686799834034734,0.6313200165965266,0.1574595459664513,0.040868946713295,0.4983699839962065,0.08354572935807,0.3115997866160868,0.0570801967873866,536,1,0.19832849267974628,0.12191572615852275
142,Addagutta,58.0,19681.0,759.0,444.0,1.0344827586206895,1.103448275862069,1.4310344827586208,1.3275862068965518,1.0862068965517242,1.1551724137931034,0.0689655172413793,1.2241379310344829,0.1551724137931034,25.930171277997363,1,55.0,25201.0,804.0,737.0,1.0,1.5818181818181818,1.0545454545454545,1.4363636363636365,1.2363636363636363,1.2181818181818185,1.1090909090909091,11.036363636363635,7.909090909090909,1.2363636363636363,0.1636363636363636,31.34452736318408,1,0,0,0,0,0,0,0,0,0,0,0,0,0,0,0,0,0,0,0,0,0,0,0,0,0,0,0,0,0,0,-3.0,-5.172413793103448,5520.0,28.047355317311112,45.0,5.928853754940711,293.0,65.990990990991,5.414356085186718,20.88052572865565,-0.0460815047021943,-3.9891451831750286,-0.0489028213166145,-4.431818181818189,0.0053291536050157,0.372398685651702,0.0084639498432602,5.45454545454547,1.0,2015_2018_ingested; other_years_not_ingested; 5_wards_missing_geometry,150_WARD_ID_FRAMEWORK_LOCKED; POLYGON_FILE_REQUIRES_150_FEATURE_VALIDATION,26225.77,26831.0,605.2299999999996,2.3077682752498765,0.7634132630773616,observed_raster_aggregation,1,145,24089,12253,11836,5591,2646,1693,263,18167,5922,10293,8314,1979,13796,0.8472228699342442,0.4272904645273776,0.5727095354726224,0.0702810411391091,0.010917846319897,0.4913445971190169,0.1098426667773672,0.3451367844244261,0.0821536801029515,536,1,0.08119888745900611,0.15277713006575577
143,Tarnaka,50.0,17687.0,778.0,444.0,1.0,1.18,1.4,1.28,1.08,1.22,0.02,1.2,0.16,22.73393316195373,1,42.0,25394.0,769.0,582.0,1.0,1.5952380952380951,1.1428571428571428,1.4047619047619049,1.4523809523809523,1.1904761904761905,1.0952380952380951,12.261904761904765,8.642857142857142,1.261904761904762,0.1904761904761904,33.022106631989594,1,0,0,0,0,0,0,0,0,0,0,0,0,0,0,0,0,0,0,0,0,0,0,0,0,0,0,0,0,0,0,-8.0,-16.0,7707.0,43.574376660824335,-9.0,-1.1568123393316194,138.0,31.08108108108108,10.288173470035863,45.25470096504722,-0.1247619047619048,-10.226385636221709,-0.0371428571428571,-3.14769975786925,0.0047619047619049,0.3401360544217834,0.0304761904761904,19.047619047619005,1.0,2015_2018_ingested; other_years_not_ingested; 5_wards_missing_geometry,150_WARD_ID_FRAMEWORK_LOCKED; POLYGON_FILE_REQUIRES_150_FEATURE_VALIDATION,34480.91,35300.17,819.2599999999948,2.375981376361571,0.7858027582982929,observed_raster_aggregation,1,145,52527,26748,25779,12324,6048,1865,208,39931,12596,19131,16051,3080,33396,0.8591191720992276,0.3642126906162545,0.6357873093837455,0.0355055495269099,0.0039598682582291,0.4907761722542692,0.1151407847392769,0.3055761798694005,0.058636510746854,536,1,0.039465417785139,0.1408808279007724
144,Mettuguda,8.0,1066.0,72.0,51.0,1.0,1.125,1.5,1.125,1.125,1.375,0.0,1.75,0.25,14.805555555555555,1,8.0,1860.0,68.0,71.0,1.0,3.0,1.0,1.375,1.5,1.125,1.375,3.875,7.25,1.625,0.25,27.352941176470587,1,0,0,0,0,0,0,0,0,0,0,0,0,0,0,0,0,0,0,0,0,0,0,0,0,0,0,0,0,0,0,0.0,0.0,794.0,74.48405253283302,-4.0,-5.555555555555555,20.0,39.21568627450981,12.547385620915032,84.74782032888201,0.0,0.0,-0.125,-11.11111111111111,-0.125,-8.333333333333332,0.0,0.0,1.0,2015_2018_ingested; other_years_not_ingested; 5_wards_missing_geometry,150_WARD_ID_FRAMEWORK_LOCKED; POLYGON_FILE_REQUIRES_150_FEATURE_VALIDATION,40192.74,41079.81,887.0699999999997,2.207040375948492,0.7303332734120538,observed_raster_aggregation,1,145,34190,17184,17006,8075,3701,2095,662,26737,7453,12073,10204,1869,22117,0.8769392239824199,0.3531149458906112,0.6468850541093887,0.0612752266744662,0.0193623866627668,0.4973968996782685,0.10824802573852,0.2984498391342498,0.0546651067563615,536,1,0.080637613337233,0.12306077601758014
145,Seethaphalmandi,8.0,2573.0,156.0,71.0,1.125,1.125,1.5,1.5,1.125,1.25,0.125,1.625,0.125,16.493589743589745,1,9.0,5160.0,164.0,130.0,1.1111111111111112,2.7777777777777777,1.1111111111111112,1.5555555555555556,1.4444444444444444,1.2222222222222223,1.2222222222222223,7.777777777777778,5.888888888888889,1.5555555555555556,0.1111111111111111,31.463414634146343,1,0,0,0,0,0,0,0,0,0,0,0,0,0,0,0,0,0,0,0,0,0,0,0,0,0,0,0,0,0,0,1.0,12.5,2587.0,100.54411193159736,8.0,5.128205128205128,59.0,83.09859154929578,14.969824890556598,90.76147232517798,-0.0277777777777776,-2.2222222222222143,-0.0138888888888888,-1.2345679012345634,0.0555555555555555,3.7037037037037055,-0.0138888888888888,-11.111111111111116,1.0,2015_2018_ingested; other_years_not_ingested; 5_wards_missing_geometry,150_WARD_ID_FRAMEWORK_LOCKED; POLYGON_FILE_REQUIRES_150_FEATURE_VALIDATION,15007.87,15400.34,392.46999999999935,2.615094613692678,0.8642081329677698,observed_raster_aggregation,1,145,34659,16654,18005,8240,3380,5062,258,26156,8503,13969,11022,2947,20690,0.8362159915598325,0.4030410571568712,0.5969589428431288,0.1460515306269655,0.0074439539513546,0.5194898871865894,0.0975215672696846,0.3180126374101965,0.0850284197466747,536,1,0.1534954845783201,0.1637840084401675
146,Boudha Nagar,42.0,10717.0,491.0,505.0,1.0,1.0,1.7142857142857142,1.0476190476190477,1.261904761904762,1.5,3.2142857142857144,1.0,0.1904761904761904,21.826883910386965,1,40.0,18236.0,484.0,514.0,1.0,1.6,1.0,1.8,1.15,1.35,1.225,4.675,8.45,1.025,0.2,37.67768595041322,1,0,0,0,0,0,0,0,0,0,0,0,0,0,0,0,0,0,0,0,0,0,0,0,0,0,0,0,0,0,0,-2.0,-4.761904761904762,7519.0,70.15955957824018,-7.0,-1.4256619144602851,9.0,1.782178217821782,15.850802040026256,72.62054494404117,-0.2749999999999999,-18.333333333333325,0.0,0.0,0.0857142857142858,5.000000000000009,0.0095238095238096,5.000000000000043,1.0,2015_2018_ingested; other_years_not_ingested; 5_wards_missing_geometry,150_WARD_ID_FRAMEWORK_LOCKED; POLYGON_FILE_REQUIRES_150_FEATURE_VALIDATION,12776.8,13114.85,338.0500000000011,2.645811157723382,0.8742712749694848,observed_raster_aggregation,1,145,29920,15171,14749,6909,2971,4239,155,22455,7465,12079,9882,2197,17841,0.8332405655126349,0.4037098930481283,0.5962901069518717,0.141677807486631,0.0051804812834224,0.4929478609625668,0.099298128342246,0.3302807486631016,0.0734291443850267,536,1,0.1468582887700534,0.16675943448736508
147,Bansilapet,31.0,5259.0,222.0,277.0,1.064516129032258,1.1612903225806452,1.2580645161290325,1.2580645161290325,1.3225806451612905,1.4193548387096775,2.935483870967742,1.4193548387096775,0.4193548387096774,23.68918918918919,1,31.0,9273.0,220.0,269.0,1.0,1.2580645161290325,1.1290322580645162,1.4193548387096775,1.096774193548387,1.3870967741935485,1.4193548387096775,5.129032258064516,7.096774193548387,1.4838709677419355,0.4193548387096774,42.15,1,0,0,0,0,0,0,0,0,0,0,0,0,0,0,0,0,0,0,0,0,0,0,0,0,0,0,0,0,0,0,0.0,0.0,4014.0,76.32629777524245,-2.0,-0.9009009009009008,-8.0,-2.888086642599278,18.46081081081081,77.92926411865373,0.0,0.0,-0.032258064516129,-2.777777777777775,0.161290322580645,12.820512820512809,0.0,0.0,1.0,2015_2018_ingested; other_years_not_ingested; 5_wards_missing_geometry,150_WARD_ID_FRAMEWORK_LOCKED; POLYGON_FILE_REQUIRES_150_FEATURE_VALIDATION,31269.28,32042.52,773.2400000000016,2.472842355180553,0.8175782269151499,observed_raster_aggregation,1,145,41336,21092,20244,9489,4005,2510,61,33104,8232,15621,12913,2708,25715,0.8867697088210871,0.3779030385136442,0.6220969614863557,0.0607218889103928,0.0014757112444358,0.4897425972517902,0.0968889103928778,0.3123911360557383,0.0655119024579059,536,1,0.0621976001548286,0.11323029117891292
148,Ramgopalpet,16.0,3888.0,140.0,112.0,1.0625,1.125,1.25,1.5,1.1875,1.125,1.875,1.4375,0.375,27.77142857142857,1,17.0,5696.0,152.0,143.0,1.1176470588235294,2.0,1.0588235294117647,1.3529411764705883,1.1764705882352942,1.411764705882353,1.0588235294117647,5.0588235294117645,7.235294117647059,1.1176470588235294,0.3529411764705882,37.47368421052632,1,0,0,0,0,0,0,0,0,0,0,0,0,0,0,0,0,0,0,0,0,0,0,0,0,0,0,0,0,0,0,1.0,6.25,1808.0,46.50205761316872,12.0,8.571428571428571,31.0,27.67857142857143,9.702255639097752,34.93610569633965,-0.0661764705882352,-5.882352941176469,-0.0661764705882352,-5.882352941176469,0.1029411764705883,8.235294117647065,-0.0220588235294117,-5.88235294117648,1.0,2015_2018_ingested; other_years_not_ingested; 5_wards_missing_geometry,150_WARD_ID_FRAMEWORK_LOCKED; POLYGON_FILE_REQUIRES_150_FEATURE_VALIDATION,25469.98,26102.64,632.6599999999999,2.483943842908396,0.8212188165150458,observed_raster_aggregation,1,145,51326,26059,25267,12383,5326,4038,753,37674,13652,20762,16005,4757,30564,0.819,0.4045123329306784,0.5954876670693215,0.0786735767447297,0.0146709270155476,0.492284612087441,0.1037680707633558,0.3118302614659237,0.0926820714647547,536; 537,2,0.09334450376027731,0.18100000000000005
149,Begumpet,26.0,11032.0,574.0,438.0,1.0,1.0,1.3461538461538465,1.5384615384615383,1.2692307692307692,1.0,8.076923076923077,1.2307692307692308,0.1923076923076923,19.21951219512195,1,25.0,17797.0,609.0,471.0,1.0,2.28,1.0,1.48,1.08,1.44,1.0,28.44,8.36,1.16,0.2,29.223316912972084,1,0,0,0,0,0,0,0,0,0,0,0,0,0,0,0,0,0,0,0,0,0,0,0,0,0,0,0,0,0,0,-1.0,-3.8461538461538463,6765.0,61.32160986221899,35.0,6.097560975609756,33.0,7.534246575342466,10.003804717850134,52.05025297358572,0.0,0.0,0.0,0.0,0.1338461538461535,9.942857142857116,0.0076923076923077,4.000000000000015,1.0,2015_2018_ingested; other_years_not_ingested; 5_wards_missing_geometry,150_WARD_ID_FRAMEWORK_LOCKED; POLYGON_FILE_REQUIRES_150_FEATURE_VALIDATION,59578.2,60886.48,1308.280000000006,2.195903870878956,0.7266746062961627,observed_raster_aggregation,1,145,31948,15796,16152,8050,2920,3142,189,25108,6840,13158,10162,2996,18790,0.8649579716136144,0.411856767246776,0.588143232753224,0.098347314385877,0.0059158632778264,0.5055715537748842,0.0913985225992237,0.3180793789908601,0.0937773882559158,536,1,0.1042631776637034,0.13504202838638557
150,Monda Market,60.0,26723.0,906.0,787.0,1.0333333333333334,1.0833333333333333,1.25,1.4833333333333334,1.2166666666666666,1.2833333333333334,5.45,1.5666666666666669,0.3,29.49558498896248,1,57.0,35364.0,978.0,831.0,1.0350877192982455,1.719298245614035,1.0701754385964912,1.2982456140350878,1.2105263157894737,1.368421052631579,1.263157894736842,10.017543859649123,6.684210526315789,1.350877192982456,0.3157894736842105,36.15950920245399,1,0,0,0,0,0,0,0,0,0,0,0,0,0,0,0,0,0,0,0,0,0,0,0,0,0,0,0,0,0,0,-3.0,-5.0,8641.0,32.335441380084575,72.0,7.947019867549669,44.0,5.5908513341804325,6.663924213491509,22.592954898115124,-0.0201754385964914,-1.5721120984279011,-0.013157894736842,-1.2145748987854188,0.0482456140350877,3.8596491228070207,0.0157894736842105,5.263157894736841,1.0,2015_2018_ingested; other_years_not_ingested; 5_wards_missing_geometry,150_WARD_ID_FRAMEWORK_LOCKED; POLYGON_FILE_REQUIRES_150_FEATURE_VALIDATION,37074.84,37988.1,913.260000000002,2.463287771437455,0.8144447139705413,observed_raster_aggregation,1,145,29932,14812,15120,7006,3340,7521,481,20872,9060,11353,9016,2337,18579,0.7848977135980746,0.3792930642790325,0.6207069357209676,0.2512695443004142,0.0160697581184017,0.5051449953227315,0.111586262194307,0.3012160898035547,0.0780769744754777,536,1,0.2673393024188159,0.2151022864019254
